mean_intensity,std_intensity,min_intensity,max_intensity,contrast,edge_density,laplacian_variance,width,height,aspect_ratio,image_path,label,label_name
111.05391023596938,104.7431499183373,0.0,255.0,255.0,0.05032286352040816,827.3692347182179,224,224,1.0,./dataset_bone_type/ulna/ulna_normal_047_rot-10.jpg,0,not_fractured
97.04693478954081,102.58754374109407,0.0,255.0,255.0,0.05082110969387755,886.2424369217803,224,224,1.0,./dataset_bone_type/ulna/ulna_fractured_046_rot10.jpg,1,fractured
128.08254942602042,87.33376292345547,0.0,255.0,255.0,0.046376753826530615,701.4796460702588,224,224,1.0,./dataset_bone_type/ulna/ulna_normal_056_rot-10.jpg,0,not_fractured
125.31606744260205,90.92632353017932,0.0,255.0,255.0,0.05935108418367347,830.6698386535103,224,224,1.0,./dataset_bone_type/ulna/ulna_normal_007_rot-10.jpg,0,not_fractured
47.366968271683675,44.06954052821443,0.0,194.0,194.0,0.032545440051020405,82.10960027487364,224,224,1.0,./dataset_bone_type/ulna/ulna_fractured_089.jpg,1,fractured
168.18351403061226,87.20928475313933,13.0,255.0,242.0,0.04585857780612245,666.9584661989796,224,224,1.0,./dataset_bone_type/ulna/mnf_ulna_fractured_004_rot10_rot-10.jpg,1,fractured
106.90684789540816,108.98411956457001,0.0,255.0,255.0,0.06449298469387756,1910.8191508349157,224,224,1.0,./dataset_bone_type/ulna/ulna_fractured_090_rot10.jpg,1,fractured
102.49802694515306,103.33332523540768,0.0,255.0,255.0,0.04452327806122449,843.2846084779026,224,224,1.0,./dataset_bone_type/ulna/ulna_fractured_075_rot10.jpg,1,fractured
108.06762197066327,100.14329413308953,0.0,255.0,255.0,0.03284438775510204,773.7272943483199,224,224,1.0,./dataset_bone_type/ulna/ulna_normal_089_rot-10.jpg,0,not_fractured
123.50392617984694,92.84164375570444,0.0,255.0,255.0,0.05522560586734694,813.7345447023923,224,224,1.0,./dataset_bone_type/ulna/ulna_normal_008_rot10.jpg,0,not_fractured
106.64409279336735,99.18578365326508,0.0,255.0,255.0,0.056640625,849.0574082228005,224,224,1.0,./dataset_bone_type/ulna/ulna_normal_091_rot10.jpg,0,not_fractured
109.88066007653062,96.72969737842378,0.0,255.0,255.0,0.04245057397959184,811.326182138617,224,224,1.0,./dataset_bone_type/ulna/ulna_fractured_015_rot10.jpg,1,fractured
97.40190529336735,102.48042149628427,0.0,255.0,255.0,0.05917171556122449,1002.2527605824944,224,224,1.0,./dataset_bone_type/ulna/ulna_fractured_047_rot10.jpg,1,fractured
107.73417570153062,97.32631279064226,0.0,255.0,255.0,0.06465242346938775,889.169338353422,224,224,1.0,./dataset_bone_type/ulna/ulna_fractured_024_rot-10.jpg,1,fractured
108.27082669005102,100.80870885777205,0.0,255.0,255.0,0.04906728316326531,856.7937803177076,224,224,1.0,./dataset_bone_type/ulna/ulna_normal_070_rot-10.jpg,0,not_fractured
102.16497927295919,98.86307123443932,0.0,255.0,255.0,0.04416454081632653,847.6274733346781,224,224,1.0,./dataset_bone_type/ulna/ulna_normal_086_rot10.jpg,0,not_fractured
112.97813695790816,90.24871796801831,0.0,255.0,255.0,0.03772720025510204,785.1477615085555,224,224,1.0,./dataset_bone_type/ulna/ulna_normal_036_rot10.jpg,0,not_fractured
113.64676339285714,94.21940469980751,0.0,255.0,255.0,0.052076690051020405,879.3907988126057,224,224,1.0,./dataset_bone_type/ulna/ulna_normal_090_rot-10.jpg,0,not_fractured
103.81534996811224,96.80164049018742,0.0,255.0,255.0,0.03334263392857143,737.251688480973,224,224,1.0,./dataset_bone_type/ulna/ulna_normal_067_rot-10.jpg,0,not_fractured
95.29296875,102.25626210329142,0.0,255.0,255.0,0.029994419642857144,889.72752939627,224,224,1.0,./dataset_bone_type/ulna/ulna_normal_072_rot10.jpg,0,not_fractured
106.68243781887755,42.837301481331046,8.0,226.0,218.0,0.06851881377551021,452.17950701564615,224,224,1.0,./dataset_bone_type/ulna/mnf_ulna_fractured_003.jpg,1,fractured
61.804408482142854,48.421167519832196,0.0,207.0,207.0,0.020786830357142856,101.80765824196787,224,224,1.0,./dataset_bone_type/ulna/ulna_fractured_063.jpg,1,fractured
106.23365752551021,96.95449920595804,0.0,255.0,255.0,0.04709422831632653,818.1704901743312,224,224,1.0,./dataset_bone_type/ulna/ulna_fractured_086_rot10.jpg,1,fractured
70.03001434948979,49.58277469569476,9.0,255.0,246.0,0.05141900510204082,504.7096189207358,224,224,1.0,./dataset_bone_type/ulna/mnf_ulna_normal_002.jpg,0,not_fractured
133.4040975765306,83.86666511011398,13.0,255.0,242.0,0.06612723214285714,2500.268472318002,224,224,1.0,./dataset_bone_type/ulna/ulna_fractured_001_rot-10.jpg,1,fractured
73.48686623086735,73.26984571753202,0.0,250.0,250.0,0.0587531887755102,174.9388455566095,224,224,1.0,./dataset_bone_type/ulna/ulna_fractured_094.jpg,1,fractured
128.75809151785714,89.4596495219769,0.0,255.0,255.0,0.05638153698979592,750.7516486212791,224,224,1.0,./dataset_bone_type/ulna/ulna_normal_002_rot-10.jpg,0,not_fractured
194.71420599489795,84.26619114487559,6.0,255.0,249.0,0.06255978954081633,2751.3533960459185,224,224,1.0,./dataset_bone_type/ulna/mnf_ulna_fractured_001_rot30_rot-10.jpg,1,fractured
103.2475286989796,97.28423618594628,0.0,255.0,255.0,0.03398038903061224,758.0585682641362,224,224,1.0,./dataset_bone_type/ulna/ulna_normal_069_rot-10.jpg,0,not_fractured
107.95378268494898,101.92370402689997,0.0,255.0,255.0,0.04203204719387755,840.0005888186214,224,224,1.0,./dataset_bone_type/ulna/ulna_normal_033_rot10.jpg,0,not_fractured
103.54484215561224,97.10608353838201,0.0,255.0,255.0,0.03513632015306122,863.2273342080139,224,224,1.0,./dataset_bone_type/ulna/ulna_normal_064_rot-10.jpg,0,not_fractured
121.45234773596938,92.55010407696547,0.0,255.0,255.0,0.06628667091836735,895.1332131305966,224,224,1.0,./dataset_bone_type/ulna/ulna_fractured_011_rot10.jpg,1,fractured
189.57973931760205,78.78366639488684,1.0,255.0,254.0,0.05994897959183673,1219.0020727040817,224,224,1.0,./dataset_bone_type/ulna/mnf_ulna_fractured_003_rot20_rot-10.jpg,1,fractured
172.0788026147959,86.69883038070695,0.0,255.0,255.0,0.09191645408163265,3942.1541374362246,224,224,1.0,./dataset_bone_type/ulna/mnf_ulna_fractured_002_rot-10_rot-10.jpg,1,fractured
39.82049186862245,46.33955541361543,0.0,248.0,248.0,0.04691485969387755,181.86639225994335,224,224,1.0,./dataset_bone_type/ulna/ulna_fractured_044.jpg,1,fractured
133.39883609693877,83.85948767855135,10.0,255.0,245.0,0.06289859693877552,2442.895378673638,224,224,1.0,./dataset_bone_type/ulna/ulna_fractured_001_rot10.jpg,1,fractured
188.55719866071428,89.06818656208635,17.0,255.0,238.0,0.04761240433673469,2087.9086415816328,224,224,1.0,./dataset_bone_type/ulna/mnf_ulna_fractured_005_rot30_rot10.jpg,1,fractured
105.09849330357143,96.44770842328143,0.0,255.0,255.0,0.03924186862244898,851.6932541697485,224,224,1.0,./dataset_bone_type/ulna/ulna_normal_055_rot-10.jpg,0,not_fractured
52.87884646045919,58.24299325503306,0.0,238.0,238.0,0.02770248724489796,123.81720755567953,224,224,1.0,./dataset_bone_type/ulna/ulna_normal_021.jpg,0,not_fractured
105.03884327168367,98.15933053564812,0.0,255.0,255.0,0.05058195153061224,936.5193422151474,224,224,1.0,./dataset_bone_type/ulna/ulna_fractured_005_rot10.jpg,1,fractured
107.6299824617347,102.1642070218155,0.0,255.0,255.0,0.041693239795918366,849.8213591156577,224,224,1.0,./dataset_bone_type/ulna/ulna_normal_034_rot10.jpg,0,not_fractured
127.13713727678571,89.00344839666997,0.0,255.0,255.0,0.0548469387755102,817.3590402849412,224,224,1.0,./dataset_bone_type/ulna/ulna_normal_006_rot-10.jpg,0,not_fractured
171.1623086734694,84.58729388598024,27.0,255.0,228.0,0.06010841836734694,1285.275709502551,224,224,1.0,./dataset_bone_type/ulna/mnf_ulna_fractured_006_rot-10_rot10.jpg,1,fractured
57.558514030612244,59.70325351107091,0.0,238.0,238.0,0.03834502551020408,150.14268875598708,224,224,1.0,./dataset_bone_type/ulna/ulna_normal_024.jpg,0,not_fractured
45.026785714285715,51.887720117994846,0.0,236.0,236.0,0.01881377551020408,88.6925351076551,224,224,1.0,./dataset_bone_type/ulna/ulna_normal_085.jpg,0,not_fractured
112.54693478954081,92.3397084724307,0.0,255.0,255.0,0.04623724489795918,891.60448252127,224,224,1.0,./dataset_bone_type/ulna/ulna_normal_028_rot10.jpg,0,not_fractured
100.80727838010205,103.8541016697575,0.0,255.0,255.0,0.03479751275510204,798.6698524192291,224,224,1.0,./dataset_bone_type/ulna/ulna_normal_038_rot10.jpg,0,not_fractured
56.584602200255105,50.38773388195314,0.0,233.0,233.0,0.03810586734693878,128.83541108131013,224,224,1.0,./dataset_bone_type/ulna/ulna_fractured_015.jpg,1,fractured
113.64636479591837,94.2148842677677,0.0,255.0,255.0,0.04729352678571429,868.3507357100456,224,224,1.0,./dataset_bone_type/ulna/ulna_normal_090_rot10.jpg,0,not_fractured
111.56395487882654,101.44002532638363,0.0,255.0,255.0,0.03517617984693878,803.1759825821272,224,224,1.0,./dataset_bone_type/ulna/ulna_normal_043_rot-10.jpg,0,not_fractured
35.89873644770408,46.432733003714645,0.0,234.0,234.0,0.029536033163265307,112.5549067028956,224,224,1.0,./dataset_bone_type/ulna/ulna_normal_032.jpg,0,not_fractured
128.04428411989795,86.60596321921753,1.0,255.0,254.0,0.06198182397959184,2460.9269492750313,224,224,1.0,./dataset_bone_type/ulna/ulna_normal_005_rot10.jpg,0,not_fractured
71.47030452806122,50.61388250190052,0.0,251.0,251.0,0.03326291454081633,140.71669723807847,224,224,1.0,./dataset_bone_type/ulna/ulna_normal_088.jpg,0,not_fractured
98.82810507015306,103.51855296746933,0.0,255.0,255.0,0.05072146045918367,946.127645113626,224,224,1.0,./dataset_bone_type/ulna/ulna_normal_073_rot-10.jpg,0,not_fractured
110.18875558035714,92.35933756609825,0.0,255.0,255.0,0.03382095025510204,793.1125341794333,224,224,1.0,./dataset_bone_type/ulna/ulna_normal_035_rot10.jpg,0,not_fractured
120.03770727040816,101.65919971255661,0.0,255.0,255.0,0.05410953443877551,865.747104616177,224,224,1.0,./dataset_bone_type/ulna/ulna_fractured_043_rot-10.jpg,1,fractured
162.81935586734693,84.67708614166075,18.0,255.0,237.0,0.06411431760204081,2531.1673490166017,224,224,1.0,./dataset_bone_type/ulna/mnf_ulna_fractured_006_rot20.jpg,1,fractured
99.82306281887755,48.27293579586063,28.0,250.0,222.0,0.07720822704081633,1786.6025499421723,224,224,1.0,./dataset_bone_type/ulna/mnf_ulna_fractured_007.jpg,1,fractured
118.73477359693878,92.21290383795578,0.0,255.0,255.0,0.058514030612244895,829.5658983375965,224,224,1.0,./dataset_bone_type/ulna/ulna_fractured_056_rot10.jpg,1,fractured
141.26287468112244,79.97889358589211,17.0,255.0,238.0,0.07569355867346939,2229.3053755881338,224,224,1.0,./dataset_bone_type/ulna/mnf_ulna_fractured_007_rot-10.jpg,1,fractured
63.848712531887756,56.526163872890756,0.0,240.0,240.0,0.05923150510204082,216.47988469458684,224,224,1.0,./dataset_bone_type/ulna/ulna_fractured_013.jpg,1,fractured
50.02778220663265,47.05754237268079,0.0,244.0,244.0,0.05006377551020408,532.7346291818106,224,224,1.0,./dataset_bone_type/ulna/ulna_fractured_005.jpg,1,fractured
123.1928411989796,93.23962864351536,0.0,255.0,255.0,0.05807557397959184,794.1198683631068,224,224,1.0,./dataset_bone_type/ulna/ulna_normal_009_rot10.jpg,0,not_fractured
56.71747448979592,46.60244633698092,0.0,246.0,246.0,0.057537468112244895,299.0546284985016,224,224,1.0,./dataset_bone_type/ulna/ulna_fractured_023.jpg,1,fractured
101.44473453443878,98.71678864120013,0.0,255.0,255.0,0.035853794642857144,793.9186964881067,224,224,1.0,./dataset_bone_type/ulna/ulna_normal_068_rot10.jpg,0,not_fractured
171.10373485331633,84.95537884966228,18.0,255.0,237.0,0.06660554846938775,2369.6658960459185,224,224,1.0,./dataset_bone_type/ulna/mnf_ulna_fractured_007_rot-10_rot-10.jpg,1,fractured
54.19415656887755,50.5222487515702,0.0,245.0,245.0,0.04653619260204082,221.90061512771922,224,224,1.0,./dataset_bone_type/ulna/ulna_fractured_057.jpg,1,fractured
62.505241549744895,53.79242930787271,0.0,243.0,243.0,0.04498166454081633,185.82695386688795,224,224,1.0,./dataset_bone_type/ulna/ulna_normal_097.jpg,0,not_fractured
193.04257015306123,83.70994833482037,14.0,255.0,241.0,0.041892538265306124,1416.9974888392858,224,224,1.0,./dataset_bone_type/ulna/mnf_ulna_fractured_004_rot-30_rot10.jpg,1,fractured
99.38171635841837,99.77850589626429,0.0,255.0,255.0,0.039939413265306124,783.5880245779117,224,224,1.0,./dataset_bone_type/ulna/ulna_normal_096_rot-10.jpg,0,not_fractured
102.4956353635204,103.33359691483749,0.0,255.0,255.0,0.04916693239795918,844.692748305302,224,224,1.0,./dataset_bone_type/ulna/ulna_fractured_075_rot-10.jpg,1,fractured
197.57778619260205,76.84970293714628,1.0,255.0,254.0,0.05739795918367347,1595.382174744898,224,224,1.0,./dataset_bone_type/ulna/mnf_ulna_fractured_003_rot30_rot-10.jpg,1,fractured
108.39020647321429,98.39651511011532,0.0,255.0,255.0,0.041294642857142856,781.3034978594098,224,224,1.0,./dataset_bone_type/ulna/ulna_normal_081_rot-10.jpg,0,not_fractured
188.56628667091837,89.06446577790886,13.0,255.0,242.0,0.03970025510204082,1497.7274792729593,224,224,1.0,./dataset_bone_type/ulna/mnf_ulna_fractured_005_rot-30_rot10.jpg,1,fractured
94.42205436862245,48.83291474561527,17.0,226.0,209.0,0.04173309948979592,381.424963641693,224,224,1.0,./dataset_bone_type/ulna/mnf_ulna_fractured_004.jpg,1,fractured
107.28059231505102,97.65326521365112,0.0,255.0,255.0,0.06373565051020408,881.9624225722904,224,224,1.0,./dataset_bone_type/ulna/ulna_fractured_025_rot10.jpg,1,fractured
105.10714285714286,96.44453364909188,0.0,255.0,255.0,0.04059709821428571,853.8268996131068,224,224,1.0,./dataset_bone_type/ulna/ulna_normal_055_rot10.jpg,0,not_fractured
146.4815051020408,75.0175512038001,1.0,255.0,254.0,0.07788584183673469,1524.9170786799216,224,224,1.0,./dataset_bone_type/ulna/mnf_ulna_fractured_003_rot10.jpg,1,fractured
104.41039540816327,98.53240577393184,0.0,255.0,255.0,0.05096061862244898,883.0792114753515,224,224,1.0,./dataset_bone_type/ulna/ulna_fractured_008_rot10.jpg,1,fractured
128.76211734693877,89.46134028787841,0.0,255.0,255.0,0.047572544642857144,743.7417991666782,224,224,1.0,./dataset_bone_type/ulna/ulna_normal_002_rot10.jpg,0,not_fractured
127.18602519132654,85.5300689263522,0.0,255.0,255.0,0.05018335459183673,793.528920862785,224,224,1.0,./dataset_bone_type/ulna/ulna_fractured_053_rot-10.jpg,1,fractured
48.336694834183675,40.27244239550599,0.0,225.0,225.0,0.023716517857142856,86.27956116750606,224,224,1.0,./dataset_bone_type/ulna/ulna_normal_067.jpg,0,not_fractured
82.88835299744898,73.37197991123574,0.0,243.0,243.0,0.04358657525510204,173.75821489693968,224,224,1.0,./dataset_bone_type/ulna/ulna_fractured_077.jpg,1,fractured
95.67498405612245,105.61372449552827,0.0,255.0,255.0,0.05775669642857143,921.0235274830047,224,224,1.0,./dataset_bone_type/ulna/ulna_fractured_050_rot10.jpg,1,fractured
94.96655771683673,102.29665150140258,0.0,255.0,255.0,0.033701371173469385,796.6120160034127,224,224,1.0,./dataset_bone_type/ulna/ulna_normal_053_rot10.jpg,0,not_fractured
99.83011798469387,59.920123796301866,7.0,253.0,246.0,0.10608657525510204,2452.060874292325,224,224,1.0,./dataset_bone_type/ulna/mnf_ulna_fractured_001.jpg,1,fractured
106.24699059311224,96.96059541920187,0.0,255.0,255.0,0.05267458545918367,821.2177403333634,224,224,1.0,./dataset_bone_type/ulna/ulna_fractured_086_rot-10.jpg,1,fractured
54.398078762755105,61.068190373174275,0.0,239.0,239.0,0.039939413265306124,173.56013110477394,224,224,1.0,./dataset_bone_type/ulna/ulna_fractured_020.jpg,1,fractured
67.17944834183673,45.96585968780015,9.0,232.0,223.0,0.05121970663265306,332.47241709183675,224,224,1.0,./dataset_bone_type/ulna/mnf_ulna_normal_004.jpg,0,not_fractured
117.80847417091837,91.01102507500799,0.0,255.0,255.0,0.052036830357142856,786.81837374883,224,224,1.0,./dataset_bone_type/ulna/ulna_normal_017_rot-10.jpg,0,not_fractured
105.05799585459184,102.32140804506767,0.0,255.0,255.0,0.03924186862244898,831.9422178177076,224,224,1.0,./dataset_bone_type/ulna/ulna_normal_050_rot-10.jpg,0,not_fractured
34.26470822704081,54.18085946377289,0.0,217.0,217.0,0.04962531887755102,382.71538065434095,224,224,1.0,./dataset_bone_type/ulna/ulna_fractured_031.jpg,1,fractured
51.56138392857143,64.61554013775576,0.0,250.0,250.0,0.02716438137755102,149.79794076024268,224,224,1.0,./dataset_bone_type/ulna/ulna_normal_092.jpg,0,not_fractured
115.59857302295919,94.3964639796788,0.0,255.0,255.0,0.03557477678571429,737.4891312041913,224,224,1.0,./dataset_bone_type/ulna/ulna_normal_098_rot10.jpg,0,not_fractured
124.78702965561224,93.86789782712967,7.0,255.0,248.0,0.05135921556122449,1286.549808681334,224,224,1.0,./dataset_bone_type/ulna/mnf_ulna_normal_002_rot-10.jpg,0,not_fractured
109.8515625,101.71341754548946,0.0,255.0,255.0,0.04135443239795918,758.1204305090341,224,224,1.0,./dataset_bone_type/ulna/ulna_normal_042_rot-10.jpg,0,not_fractured
82.39726163903062,74.8698264966459,0.0,246.0,246.0,0.05494658801020408,552.6033249425669,224,224,1.0,./dataset_bone_type/ulna/ulna_fractured_040.jpg,1,fractured
107.3070990114796,98.45231190305064,0.0,255.0,255.0,0.05951052295918367,833.728127291678,224,224,1.0,./dataset_bone_type/ulna/ulna_fractured_060_rot10.jpg,1,fractured
105.08918606505102,101.92620668006026,0.0,255.0,255.0,0.04219148596938776,859.3055389274015,224,224,1.0,./dataset_bone_type/ulna/ulna_normal_048_rot-10.jpg,0,not_fractured
95.36130819515306,105.7183031975711,0.0,255.0,255.0,0.04860889668367347,919.5641843707598,224,224,1.0,./dataset_bone_type/ulna/ulna_fractured_051_rot10.jpg,1,fractured
94.76446906887755,103.77711415885328,0.0,255.0,255.0,0.03892299107142857,831.4842999862265,224,224,1.0,./dataset_bone_type/ulna/ulna_normal_032_rot-10.jpg,0,not_fractured
120.17364875637755,94.57692826635608,0.0,255.0,255.0,0.04803093112244898,825.2606528018823,224,224,1.0,./dataset_bone_type/ulna/ulna_normal_077_rot10.jpg,0,not_fractured
151.31052694515307,69.27780248107538,45.0,255.0,210.0,0.05406967474489796,1388.9183947361794,224,224,1.0,./dataset_bone_type/ulna/ulna_normal_010_rot-10.jpg,0,not_fractured
69.05789620535714,53.282605130352906,0.0,219.0,219.0,0.039182079081632654,81.17880269002536,224,224,1.0,./dataset_bone_type/ulna/ulna_normal_066.jpg,0,not_fractured
112.65898038903062,104.28389624048191,0.0,255.0,255.0,0.05177774234693878,832.762432722388,224,224,1.0,./dataset_bone_type/ulna/ulna_normal_046_rot10.jpg,0,not_fractured
113.66573660714286,93.97297354634661,0.0,255.0,255.0,0.032525510204081634,771.2069219345353,224,224,1.0,./dataset_bone_type/ulna/ulna_fractured_063_rot10.jpg,1,fractured
104.40553252551021,98.52615401928813,0.0,255.0,255.0,0.04490194515306122,882.1171661211717,224,224,1.0,./dataset_bone_type/ulna/ulna_fractured_008_rot-10.jpg,1,fractured
107.5904615752551,103.0013214946771,0.0,255.0,255.0,0.03691007653061224,858.1277248330139,224,224,1.0,./dataset_bone_type/ulna/ulna_fractured_036_rot-10.jpg,1,fractured
114.8500677614796,96.3815738914312,0.0,255.0,255.0,0.04643654336734694,830.8546062105647,224,224,1.0,./dataset_bone_type/ulna/ulna_fractured_032_rot-10.jpg,1,fractured
126.91569674744898,88.78624666245041,0.0,255.0,255.0,0.04667570153061224,744.4920383248414,224,224,1.0,./dataset_bone_type/ulna/ulna_normal_078_rot10.jpg,0,not_fractured
127.63069993622449,94.05935003771005,10.0,255.0,245.0,0.05209661989795918,1283.1983848485982,224,224,1.0,./dataset_bone_type/ulna/mnf_ulna_normal_005_rot-10.jpg,0,not_fractured
186.705078125,83.30708844422834,20.0,255.0,235.0,0.06236049107142857,2673.082071109694,224,224,1.0,./dataset_bone_type/ulna/mnf_ulna_fractured_007_rot20_rot10.jpg,1,fractured
120.21029974489795,91.48695307011273,0.0,255.0,255.0,0.05560427295918367,785.6981967717893,224,224,1.0,./dataset_bone_type/ulna/ulna_fractured_054_rot-10.jpg,1,fractured
120.16759008290816,94.57231321985395,0.0,255.0,255.0,0.04938616071428571,832.394904361075,224,224,1.0,./dataset_bone_type/ulna/ulna_normal_077_rot-10.jpg,0,not_fractured
107.3187181122449,99.3106751226599,0.0,255.0,255.0,0.04049744897959184,822.4725469345353,224,224,1.0,./dataset_bone_type/ulna/ulna_normal_080_rot10.jpg,0,not_fractured
103.22215800382654,102.73635976731134,0.0,255.0,255.0,0.04514110331632653,809.7178597372802,224,224,1.0,./dataset_bone_type/ulna/ulna_fractured_074_rot-10.jpg,1,fractured
194.93905452806123,81.21700439089761,22.0,255.0,233.0,0.06146364795918367,2897.385762117347,224,224,1.0,./dataset_bone_type/ulna/mnf_ulna_fractured_007_rot-30_rot-10.jpg,1,fractured
129.46354830994898,96.83605571408584,0.0,255.0,255.0,0.06110491071428571,816.5293398292697,224,224,1.0,./dataset_bone_type/ulna/ulna_fractured_093_rot-10.jpg,1,fractured
129.91495934311226,88.00681077652335,0.0,255.0,255.0,0.040138711734693876,785.1763495493311,224,224,1.0,./dataset_bone_type/ulna/ulna_normal_001_rot10.jpg,0,not_fractured
108.98728475765306,102.16532964575694,0.0,255.0,255.0,0.03966039540816327,834.395900853422,224,224,1.0,./dataset_bone_type/ulna/ulna_normal_076_rot-10.jpg,0,not_fractured
125.83619658801021,94.38989850427627,8.0,255.0,247.0,0.05508609693877551,1039.1866915939947,224,224,1.0,./dataset_bone_type/ulna/mnf_ulna_normal_007_rot10.jpg,0,not_fractured
115.56949537627551,92.25809685194122,0.0,255.0,255.0,0.03075175382653061,831.8524098171883,224,224,1.0,./dataset_bone_type/ulna/ulna_fractured_061_rot10.jpg,1,fractured
124.79005899234694,93.8731816671656,7.0,255.0,248.0,0.05955038265306122,1472.5021296461043,224,224,1.0,./dataset_bone_type/ulna/mnf_ulna_normal_002_rot10.jpg,0,not_fractured
51.30767697704081,54.199459729828945,0.0,241.0,241.0,0.051279496173469385,199.1284702337568,224,224,1.0,./dataset_bone_type/ulna/ulna_fractured_073.jpg,1,fractured
118.99842554209184,93.29878628318386,0.0,255.0,255.0,0.058494100765306124,764.4128412233199,224,224,1.0,./dataset_bone_type/ulna/ulna_normal_065_rot-10.jpg,0,not_fractured
108.24693080357143,100.81095092398768,0.0,255.0,255.0,0.05251514668367347,860.9206041954102,224,224,1.0,./dataset_bone_type/ulna/ulna_normal_070_rot10.jpg,0,not_fractured
112.09135841836735,99.77060155941302,0.0,255.0,255.0,0.04490194515306122,799.2497312457598,224,224,1.0,./dataset_bone_type/ulna/ulna_normal_025_rot10.jpg,0,not_fractured
152.5849609375,92.45167072601747,15.0,255.0,240.0,0.044642857142857144,1814.7092966586536,224,224,1.0,./dataset_bone_type/ulna/mnf_ulna_fractured_005_rot20.jpg,1,fractured
106.90214445153062,100.3083769109082,0.0,255.0,255.0,0.03946109693877551,853.6202036624449,224,224,1.0,./dataset_bone_type/ulna/ulna_normal_071_rot10.jpg,0,not_fractured
56.96426578443877,49.684697995806125,0.0,245.0,245.0,0.053392059948979595,367.60706412876607,224,224,1.0,./dataset_bone_type/ulna/ulna_fractured_058.jpg,1,fractured
151.3103874362245,69.27217801228322,46.0,255.0,209.0,0.05177774234693878,1377.258579465063,224,224,1.0,./dataset_bone_type/ulna/ulna_normal_010_rot10.jpg,0,not_fractured
47.50502232142857,48.26610614952808,0.0,240.0,240.0,0.05612244897959184,170.65905468069676,224,224,1.0,./dataset_bone_type/ulna/ulna_fractured_009.jpg,1,fractured
96.72544642857143,104.75568786670107,0.0,255.0,255.0,0.04669563137755102,902.304945139029,224,224,1.0,./dataset_bone_type/ulna/ulna_fractured_052_rot10.jpg,1,fractured
120.73218271683673,91.01522064828161,0.0,255.0,255.0,0.040716677295918366,747.8804352921974,224,224,1.0,./dataset_bone_type/ulna/ulna_normal_088_rot-10.jpg,0,not_fractured
140.97443000637756,85.55770018682324,7.0,255.0,248.0,0.09725765306122448,2921.118036523157,224,224,1.0,./dataset_bone_type/ulna/mnf_ulna_fractured_001_rot10.jpg,1,fractured
103.22632334183673,99.64823612914857,0.0,255.0,255.0,0.058912627551020405,849.968760263617,224,224,1.0,./dataset_bone_type/ulna/ulna_fractured_009_rot10.jpg,1,fractured
128.80301339285714,86.58277144485804,0.0,255.0,255.0,0.05568399234693878,842.3028668547014,224,224,1.0,./dataset_bone_type/ulna/ulna_normal_057_rot-10.jpg,0,not_fractured
106.20762914540816,104.58328891359707,0.0,255.0,255.0,0.0361328125,862.3935491314832,224,224,1.0,./dataset_bone_type/ulna/ulna_normal_092_rot-10.jpg,0,not_fractured
109.91701211734694,95.30697399906406,0.0,255.0,255.0,0.05953045280612245,911.0154799350546,224,224,1.0,./dataset_bone_type/ulna/ulna_fractured_023_rot-10.jpg,1,fractured
121.04777184311224,91.66553291006639,0.0,255.0,255.0,0.04727359693877551,835.6242570396464,224,224,1.0,./dataset_bone_type/ulna/ulna_normal_093_rot-10.jpg,0,not_fractured
123.79874840561224,94.21472716661086,7.0,255.0,248.0,0.05189732142857143,1340.9782886115872,224,224,1.0,./dataset_bone_type/ulna/mnf_ulna_normal_003_rot10.jpg,0,not_fractured
114.74930245535714,93.01986445093019,0.0,255.0,255.0,0.03394052933673469,813.8987405400433,224,224,1.0,./dataset_bone_type/ulna/ulna_fractured_064_rot-10.jpg,1,fractured
112.7083665497449,99.45647867136398,0.0,255.0,255.0,0.042689732142857144,730.0157149830046,224,224,1.0,./dataset_bone_type/ulna/ulna_normal_022_rot10.jpg,0,not_fractured
81.5083306760204,46.942767026154044,24.0,215.0,191.0,0.039919483418367346,379.0939462225619,224,224,1.0,./dataset_bone_type/ulna/mnf_ulna_fractured_005.jpg,1,fractured
120.1411431760204,99.24899862546438,0.0,255.0,255.0,0.03804607780612245,823.4417491497371,224,224,1.0,./dataset_bone_type/ulna/ulna_fractured_079_rot-10.jpg,1,fractured
108.70695153061224,103.36011935974835,0.0,255.0,255.0,0.03184789540816327,839.7948922789229,224,224,1.0,./dataset_bone_type/ulna/ulna_fractured_091_rot10.jpg,1,fractured
58.479412468112244,43.12816156267248,0.0,215.0,215.0,0.038743622448979595,129.4199129805273,224,224,1.0,./dataset_bone_type/ulna/ulna_normal_027.jpg,0,not_fractured
126.67358896683673,94.79660923751052,3.0,255.0,252.0,0.050482302295918366,1274.437946958276,224,224,1.0,./dataset_bone_type/ulna/mnf_ulna_normal_001_rot-10.jpg,0,not_fractured
179.19437579719389,91.30768476230674,14.0,255.0,241.0,0.049525669642857144,1961.6369180484694,224,224,1.0,./dataset_bone_type/ulna/mnf_ulna_fractured_005_rot-20_rot-10.jpg,1,fractured
194.9307238520408,81.22597603966317,19.0,255.0,236.0,0.0538703762755102,2036.0933514030612,224,224,1.0,./dataset_bone_type/ulna/mnf_ulna_fractured_006_rot-30_rot10.jpg,1,fractured
186.32393973214286,86.66367961855173,4.0,255.0,251.0,0.06935586734693877,2271.241151147959,224,224,1.0,./dataset_bone_type/ulna/mnf_ulna_fractured_001_rot20_rot-10.jpg,1,fractured
101.78077168367346,97.60887008679765,0.0,255.0,255.0,0.049904336734693876,838.0573724733199,224,224,1.0,./dataset_bone_type/ulna/ulna_normal_087_rot-10.jpg,0,not_fractured
143.71159518494898,78.2118835112393,0.0,255.0,255.0,0.038564253826530615,640.1714729009594,224,224,1.0,./dataset_bone_type/ulna/ulna_normal_012_rot-10.jpg,0,not_fractured
114.17412707270408,95.81595284830242,0.0,255.0,255.0,0.05197704081632653,792.4235195110659,224,224,1.0,./dataset_bone_type/ulna/ulna_normal_097_rot10.jpg,0,not_fractured
53.29532047193877,49.993595719724155,0.0,249.0,249.0,0.07310267857142858,1123.7197386877879,224,224,1.0,./dataset_bone_type/ulna/ulna_fractured_026.jpg,1,fractured
101.75127551020408,101.16648025254905,0.0,255.0,255.0,0.041673309948979595,832.888283541678,224,224,1.0,./dataset_bone_type/ulna/ulna_fractured_067_rot10.jpg,1,fractured
111.56636639030613,101.4393400619869,0.0,255.0,255.0,0.03262515943877551,803.3927876870864,224,224,1.0,./dataset_bone_type/ulna/ulna_normal_043_rot10.jpg,0,not_fractured
101.46958705357143,101.63635281769659,0.0,255.0,255.0,0.049326371173469385,894.1635985575037,224,224,1.0,./dataset_bone_type/ulna/ulna_fractured_069_rot-10.jpg,1,fractured
50.76319355867347,74.98950132006684,0.0,254.0,254.0,0.05817522321428571,732.1681411978307,224,224,1.0,./dataset_bone_type/ulna/ulna_fractured_028.jpg,1,fractured
44.15776466836735,55.91487741130852,0.0,228.0,228.0,0.026905293367346938,96.9000900614912,224,224,1.0,./dataset_bone_type/ulna/ulna_normal_038.jpg,0,not_fractured
163.95089285714286,86.72028772308262,1.0,255.0,254.0,0.09556361607142858,4258.267869541814,224,224,1.0,./dataset_bone_type/ulna/mnf_ulna_fractured_002_rot20.jpg,1,fractured
70.68608498086735,58.477690077985606,0.0,247.0,247.0,0.040896045918367346,172.1970083859502,224,224,1.0,./dataset_bone_type/ulna/ulna_normal_077.jpg,0,not_fractured
171.5136120854592,87.48276282282235,14.0,255.0,241.0,0.05369100765306122,2051.4938717102914,224,224,1.0,./dataset_bone_type/ulna/mnf_ulna_fractured_004_rot30.jpg,1,fractured
102.41659359056122,98.0334358618452,0.0,255.0,255.0,0.04514110331632653,812.7408067845444,224,224,1.0,./dataset_bone_type/ulna/ulna_normal_084_rot-10.jpg,0,not_fractured
42.087033641581634,51.518276281890714,0.0,234.0,234.0,0.0303531568877551,72.44289733071668,224,224,1.0,./dataset_bone_type/ulna/ulna_normal_052.jpg,0,not_fractured
53.85604671556123,50.088633022196326,0.0,241.0,241.0,0.04661591198979592,175.82569124379887,224,224,1.0,./dataset_bone_type/ulna/ulna_fractured_059.jpg,1,fractured
35.87071508290816,41.889052129548105,0.0,228.0,228.0,0.025769292091836735,119.756710727331,224,224,1.0,./dataset_bone_type/ulna/ulna_normal_054.jpg,0,not_fractured
53.488978794642854,60.80693166213153,0.0,243.0,243.0,0.03459821428571429,139.96359562903632,224,224,1.0,./dataset_bone_type/ulna/ulna_normal_034.jpg,0,not_fractured
187.41774952168367,84.6219906929541,1.0,255.0,254.0,0.0895248724489796,4537.838050063776,224,224,1.0,./dataset_bone_type/ulna/mnf_ulna_fractured_002_rot-20_rot-10.jpg,1,fractured
44.252570950255105,50.19775191222574,0.0,243.0,243.0,0.03471779336734694,122.95948916542088,224,224,1.0,./dataset_bone_type/ulna/ulna_fractured_066.jpg,1,fractured
102.41519850127551,98.0389298166737,0.0,255.0,255.0,0.05588329081632653,820.1496323995024,224,224,1.0,./dataset_bone_type/ulna/ulna_normal_084_rot10.jpg,0,not_fractured
109.91053491709184,95.29825058581638,0.0,255.0,255.0,0.06002869897959184,908.6918329841045,224,224,1.0,./dataset_bone_type/ulna/ulna_fractured_023_rot10.jpg,1,fractured
144.6315369897959,77.1378359311448,0.0,255.0,255.0,0.04025829081632653,649.8338791697485,224,224,1.0,./dataset_bone_type/ulna/ulna_normal_011_rot-10.jpg,0,not_fractured
121.22680165816327,90.42819334284083,0.0,255.0,255.0,0.06020806760204082,867.9227264274015,224,224,1.0,./dataset_bone_type/ulna/ulna_fractured_055_rot-10.jpg,1,fractured
97.23202327806122,102.41696942545887,0.0,255.0,255.0,0.050283003826530615,891.7834566569934,224,224,1.0,./dataset_bone_type/ulna/ulna_fractured_049_rot-10.jpg,1,fractured
112.69365832270408,99.4578628085859,0.0,255.0,255.0,0.04398517219387755,730.8133074574945,224,224,1.0,./dataset_bone_type/ulna/ulna_normal_022_rot-10.jpg,0,not_fractured
94.74984056122449,102.38596506265552,0.0,255.0,255.0,0.03529575892857143,799.3174130059639,224,224,1.0,./dataset_bone_type/ulna/ulna_normal_054_rot10.jpg,0,not_fractured
42.35795998086735,41.7667424118675,0.0,199.0,199.0,0.032326211734693876,63.328238541262685,224,224,1.0,./dataset_bone_type/ulna/ulna_normal_095.jpg,0,not_fractured
108.39718191964286,98.39846160243317,0.0,255.0,255.0,0.04161352040816327,781.0181065646374,224,224,1.0,./dataset_bone_type/ulna/ulna_normal_081_rot10.jpg,0,not_fractured
114.74224728954081,93.02458626854722,0.0,255.0,255.0,0.03216677295918367,814.7292832228006,224,224,1.0,./dataset_bone_type/ulna/ulna_fractured_064_rot10.jpg,1,fractured
111.2598652742347,93.3268815525636,0.0,255.0,255.0,0.042849170918367346,836.7400054804538,224,224,1.0,./dataset_bone_type/ulna/ulna_normal_027_rot10.jpg,0,not_fractured
116.97217793367346,91.45960092266216,8.0,255.0,247.0,0.056321747448979595,1284.1272686211976,224,224,1.0,./dataset_bone_type/ulna/mnf_ulna_normal_004_rot-10.jpg,0,not_fractured
82.35259885204081,56.22369811328879,0.0,232.0,232.0,0.04693478954081633,138.23668822860878,224,224,1.0,./dataset_bone_type/ulna/ulna_normal_004.jpg,0,not_fractured
115.63801419005102,89.41353309084384,0.0,255.0,255.0,0.040118781887755105,815.9377494217803,224,224,1.0,./dataset_bone_type/ulna/ulna_fractured_027_rot10.jpg,1,fractured
51.77871890943877,61.38103631433794,0.0,236.0,236.0,0.04185267857142857,172.54398151002096,224,224,1.0,./dataset_bone_type/ulna/ulna_fractured_022.jpg,1,fractured
165.5182557397959,92.90213681518556,8.0,255.0,247.0,0.05293367346938776,2286.688969826212,224,224,1.0,./dataset_bone_type/ulna/mnf_ulna_fractured_005_rot-30.jpg,1,fractured
39.56596779336735,47.25413798191121,0.0,250.0,250.0,0.05510602678571429,599.7458505114134,224,224,1.0,./dataset_bone_type/ulna/ulna_fractured_047.jpg,1,fractured
102.87147241709184,57.53096855663711,3.0,255.0,252.0,0.11332110969387756,1995.3732570849174,224,224,1.0,./dataset_bone_type/ulna/mnf_ulna_fractured_002.jpg,1,fractured
121.09761639030613,89.5616566144094,5.0,255.0,250.0,0.048828125,1417.1878505009306,224,224,1.0,./dataset_bone_type/ulna/mnf_ulna_normal_006_rot-10.jpg,0,not_fractured
102.09671954719387,102.92115013993181,0.0,255.0,255.0,0.03979990433673469,806.5300644728006,224,224,1.0,./dataset_bone_type/ulna/ulna_normal_018_rot10.jpg,0,not_fractured
184.40001195790816,85.8859630205837,9.0,255.0,246.0,0.049107142857142856,1858.2186702806123,224,224,1.0,./dataset_bone_type/ulna/mnf_ulna_fractured_004_rot20_rot10.jpg,1,fractured
107.43255739795919,97.80307460274719,0.0,255.0,255.0,0.06401466836734694,1051.7335880697394,224,224,1.0,./dataset_bone_type/ulna/ulna_fractured_026_rot10.jpg,1,fractured
120.20683195153062,91.47610758274674,0.0,255.0,255.0,0.06028778698979592,792.1438638988211,224,224,1.0,./dataset_bone_type/ulna/ulna_fractured_054_rot10.jpg,1,fractured
46.50103635204081,56.93777756387422,0.0,236.0,236.0,0.042869100765306124,244.24641383344658,224,224,1.0,./dataset_bone_type/ulna/ulna_fractured_075.jpg,1,fractured
189.5829480229592,78.7861547899742,3.0,255.0,252.0,0.05883290816326531,1221.5135921556123,224,224,1.0,./dataset_bone_type/ulna/mnf_ulna_fractured_003_rot-20_rot10.jpg,1,fractured
162.10499043367346,92.93433335584083,8.0,255.0,247.0,0.04809072066326531,1678.1535395408164,224,224,1.0,./dataset_bone_type/ulna/mnf_ulna_fractured_005_rot-10_rot-10.jpg,1,fractured
128.72307477678572,98.64439962111787,0.0,255.0,255.0,0.05488679846938776,857.929422855973,224,224,1.0,./dataset_bone_type/ulna/ulna_fractured_040_rot-10.jpg,1,fractured
112.09357063137755,99.75954426036473,0.0,255.0,255.0,0.04858896683673469,796.5545025753607,224,224,1.0,./dataset_bone_type/ulna/ulna_normal_025_rot-10.jpg,0,not_fractured
194.93526785714286,81.21852752769861,15.0,255.0,240.0,0.05042251275510204,2057.4633290816328,224,224,1.0,./dataset_bone_type/ulna/mnf_ulna_fractured_006_rot30_rot-10.jpg,1,fractured
41.07473692602041,52.70473429768276,0.0,247.0,247.0,0.04400510204081633,305.14506535170625,224,224,1.0,./dataset_bone_type/ulna/ulna_normal_075.jpg,0,not_fractured
128.0598692602041,87.89409702923712,0.0,255.0,255.0,0.05177774234693878,815.3031115931104,224,224,1.0,./dataset_bone_type/ulna/ulna_fractured_004_rot10.jpg,1,fractured
124.25031887755102,101.88757043342868,0.0,255.0,255.0,0.07110969387755102,1197.0202682476051,224,224,1.0,./dataset_bone_type/ulna/ulna_fractured_094_rot-10.jpg,1,fractured
105.05050223214286,102.94615463770546,0.0,255.0,255.0,0.046954719387755105,836.9955459779027,224,224,1.0,./dataset_bone_type/ulna/ulna_normal_051_rot10.jpg,0,not_fractured
94.19471460459184,104.19941769092749,0.0,255.0,255.0,0.03326291454081633,745.8708674924565,224,224,1.0,./dataset_bone_type/ulna/ulna_normal_030_rot10.jpg,0,not_fractured
113.6444316007653,95.75588233002172,0.0,255.0,255.0,0.05833466198979592,714.8300127794423,224,224,1.0,./dataset_bone_type/ulna/ulna_fractured_085_rot-10.jpg,1,fractured
120.72050382653062,91.01597602144618,0.0,255.0,255.0,0.04095583545918367,750.2984740933694,224,224,1.0,./dataset_bone_type/ulna/ulna_normal_088_rot10.jpg,0,not_fractured
76.85704320790816,73.867664584931,0.0,239.0,239.0,0.04219148596938776,231.4310131843564,224,224,1.0,./dataset_bone_type/ulna/ulna_fractured_041.jpg,1,fractured
71.29896763392857,68.76813973737636,0.0,242.0,242.0,0.03326291454081633,139.88132322971543,224,224,1.0,./dataset_bone_type/ulna/ulna_fractured_080.jpg,1,fractured
173.8726881377551,88.71620070996994,3.0,255.0,252.0,0.08641581632653061,3856.383092305899,224,224,1.0,./dataset_bone_type/ulna/mnf_ulna_fractured_001_rot30.jpg,1,fractured
54.923608896683675,61.65142013198817,0.0,247.0,247.0,0.022002551020408163,149.82405307321736,224,224,1.0,./dataset_bone_type/ulna/ulna_fractured_035.jpg,1,fractured
98.53989955357143,103.75583184920018,0.0,255.0,255.0,0.0480110012755102,941.2842497406577,224,224,1.0,./dataset_bone_type/ulna/ulna_normal_075_rot10.jpg,0,not_fractured
116.95332429846938,93.97896897521376,0.0,255.0,255.0,0.04739317602040816,701.1835242942292,224,224,1.0,./dataset_bone_type/ulna/ulna_fractured_083_rot10.jpg,1,fractured
94.91450095663265,104.12912783297199,0.0,255.0,255.0,0.039341517857142856,812.0776610575035,224,224,1.0,./dataset_bone_type/ulna/ulna_normal_029_rot-10.jpg,0,not_fractured
90.0882493622449,49.069812765782395,13.0,244.0,231.0,0.055365114795918366,1170.6442449109745,224,224,1.0,./dataset_bone_type/ulna/ulna_fractured_001.jpg,1,fractured
124.26642219387755,85.72090381678287,0.0,255.0,255.0,0.04711415816326531,728.1647723637636,224,224,1.0,./dataset_bone_type/ulna/ulna_normal_059_rot10.jpg,0,not_fractured
125.31931600765306,90.92367324215367,0.0,255.0,255.0,0.05532525510204082,830.281260263617,224,224,1.0,./dataset_bone_type/ulna/ulna_normal_007_rot10.jpg,0,not_fractured
124.26564492984694,85.71349913826336,0.0,255.0,255.0,0.03260522959183673,724.1914604835241,224,224,1.0,./dataset_bone_type/ulna/ulna_normal_059_rot-10.jpg,0,not_fractured
75.21880978954081,58.55447896346521,0.0,222.0,222.0,0.05492665816326531,120.91792507680046,224,224,1.0,./dataset_bone_type/ulna/ulna_normal_008.jpg,0,not_fractured
116.64060507015306,94.1612436436176,0.0,255.0,255.0,0.0584343112244898,701.7803792369609,224,224,1.0,./dataset_bone_type/ulna/ulna_fractured_082_rot-10.jpg,1,fractured
110.1381536989796,96.24503763199976,0.0,255.0,255.0,0.05325255102040816,932.1282388988211,224,224,1.0,./dataset_bone_type/ulna/ulna_fractured_058_rot10.jpg,1,fractured
112.77570950255102,93.27465886564445,0.0,255.0,255.0,0.08127391581632654,820.2003491952588,224,224,1.0,./dataset_bone_type/ulna/ulna_fractured_019_rot-10.jpg,1,fractured
107.91900510204081,101.35919042608622,0.0,255.0,255.0,0.03970025510204082,735.8186926263811,224,224,1.0,./dataset_bone_type/ulna/ulna_normal_023_rot-10.jpg,0,not_fractured
186.69349888392858,83.31459520242022,20.0,255.0,235.0,0.055783641581632654,1637.0749760841836,224,224,1.0,./dataset_bone_type/ulna/mnf_ulna_fractured_007_rot-20_rot10.jpg,1,fractured
113.64094387755102,95.75091179863412,0.0,255.0,255.0,0.06670519770408163,723.1433457228006,224,224,1.0,./dataset_bone_type/ulna/ulna_fractured_085_rot10.jpg,1,fractured
98.50141501913265,103.07137770813647,0.0,255.0,255.0,0.05939094387755102,2650.2669761364587,224,224,1.0,./dataset_bone_type/ulna/ulna_fractured_042_rot10.jpg,1,fractured
69.16085379464286,41.78859468786425,0.0,246.0,246.0,0.03437898596938776,80.81717365039283,224,224,1.0,./dataset_bone_type/ulna/ulna_normal_062.jpg,0,not_fractured
194.705078125,84.26525881875477,4.0,255.0,251.0,0.07798549107142858,3711.0251913265306,224,224,1.0,./dataset_bone_type/ulna/mnf_ulna_fractured_001_rot-30_rot-10.jpg,1,fractured
107.31929607780613,99.31191598052374,0.0,255.0,255.0,0.04727359693877551,826.2946173712791,224,224,1.0,./dataset_bone_type/ulna/ulna_normal_080_rot-10.jpg,0,not_fractured
106.34275350765306,103.15835956693303,0.0,255.0,255.0,0.046755420918367346,819.5704822023924,224,224,1.0,./dataset_bone_type/ulna/ulna_fractured_022_rot10.jpg,1,fractured
39.87621572066327,46.319960999407456,0.0,251.0,251.0,0.042071906887755105,198.43332473162263,224,224,1.0,./dataset_bone_type/ulna/ulna_fractured_045.jpg,1,fractured
53.89010682397959,65.22524076020808,0.0,247.0,247.0,0.031090561224489797,140.72900832270344,224,224,1.0,./dataset_bone_type/ulna/ulna_fractured_092.jpg,1,fractured
197.5817323022959,76.84819442228923,3.0,255.0,252.0,0.05626195790816327,1572.4426020408164,224,224,1.0,./dataset_bone_type/ulna/mnf_ulna_fractured_003_rot-30_rot10.jpg,1,fractured
58.07794563137755,49.73602754661433,0.0,242.0,242.0,0.028559470663265307,152.46409686651396,224,224,1.0,./dataset_bone_type/ulna/ulna_fractured_065.jpg,1,fractured
107.80608258928571,98.87923896324793,0.0,255.0,255.0,0.04825015943877551,825.9336960541114,224,224,1.0,./dataset_bone_type/ulna/ulna_fractured_072_rot-10.jpg,1,fractured
194.69571109693877,84.27425629086424,9.0,255.0,246.0,0.06616709183673469,2647.3561862244896,224,224,1.0,./dataset_bone_type/ulna/mnf_ulna_fractured_001_rot-30_rot10.jpg,1,fractured
102.87617586096938,102.43527033103906,0.0,255.0,255.0,0.04436383928571429,831.1719251233108,224,224,1.0,./dataset_bone_type/ulna/ulna_normal_020_rot10.jpg,0,not_fractured
175.02859933035714,86.5299483341148,0.0,255.0,255.0,0.10052614795918367,4909.980815183615,224,224,1.0,./dataset_bone_type/ulna/mnf_ulna_fractured_002_rot-30.jpg,1,fractured
128.8825534119898,88.9346682513707,0.0,255.0,255.0,0.046217315051020405,729.8406553177076,224,224,1.0,./dataset_bone_type/ulna/ulna_normal_003_rot-10.jpg,0,not_fractured
162.11794483418367,92.92111807185017,7.0,255.0,248.0,0.04388552295918367,1675.5871731505101,224,224,1.0,./dataset_bone_type/ulna/mnf_ulna_fractured_005_rot10_rot10.jpg,1,fractured
138.85841836734693,83.63344985251494,0.0,255.0,255.0,0.04023836096938776,715.847072728422,224,224,1.0,./dataset_bone_type/ulna/ulna_normal_014_rot-10.jpg,0,not_fractured
118.96576052295919,93.05267650852693,0.0,255.0,255.0,0.04821029974489796,745.2155714881068,224,224,1.0,./dataset_bone_type/ulna/ulna_normal_066_rot-10.jpg,0,not_fractured
110.93979193239795,95.96528040326682,0.0,255.0,255.0,0.03669084821428571,796.7499745141362,224,224,1.0,./dataset_bone_type/ulna/ulna_fractured_065_rot-10.jpg,1,fractured
128.0497448979592,86.61077264079177,1.0,255.0,254.0,0.061842315051020405,2462.079617952714,224,224,1.0,./dataset_bone_type/ulna/ulna_normal_005_rot-10.jpg,0,not_fractured
72.33693399234694,45.802128517791736,19.0,248.0,229.0,0.03900271045918367,243.03905609675817,224,224,1.0,./dataset_bone_type/ulna/mnf_ulna_normal_006.jpg,0,not_fractured
101.46998565051021,101.63465007854262,0.0,255.0,255.0,0.0458984375,882.9206894728006,224,224,1.0,./dataset_bone_type/ulna/ulna_fractured_069_rot10.jpg,1,fractured
101.50964604591837,103.27788830354004,0.0,255.0,255.0,0.039162149234693876,806.6912570748415,224,224,1.0,./dataset_bone_type/ulna/ulna_normal_037_rot10.jpg,0,not_fractured
36.21962691326531,41.86978381677361,0.0,206.0,206.0,0.025530133928571428,69.11120712076908,224,224,1.0,./dataset_bone_type/ulna/ulna_normal_053.jpg,0,not_fractured
84.05054209183673,55.1103477307307,0.0,241.0,241.0,0.034299266581632654,115.40995183203528,224,224,1.0,./dataset_bone_type/ulna/ulna_normal_001.jpg,0,not_fractured
104.26586415816327,98.7619181741018,0.0,255.0,255.0,0.05036272321428571,870.2770351360659,224,224,1.0,./dataset_bone_type/ulna/ulna_fractured_006_rot10.jpg,1,fractured
128.4923867984694,98.2256214127677,0.0,255.0,255.0,0.05135921556122449,833.3080500881158,224,224,1.0,./dataset_bone_type/ulna/ulna_fractured_076_rot-10.jpg,1,fractured
109.87220982142857,96.73704427982484,0.0,255.0,255.0,0.04368622448979592,815.4745399192292,224,224,1.0,./dataset_bone_type/ulna/ulna_fractured_016_rot10.jpg,1,fractured
171.15766501913265,84.5856890595974,27.0,255.0,228.0,0.06106505102040816,1278.1544164540817,224,224,1.0,./dataset_bone_type/ulna/mnf_ulna_fractured_006_rot10_rot-10.jpg,1,fractured
115.17769451530613,96.3947503597415,0.0,255.0,255.0,0.04829001913265306,811.1857165773924,224,224,1.0,./dataset_bone_type/ulna/ulna_fractured_013_rot10.jpg,1,fractured
100.90260283801021,101.61715748844463,0.0,255.0,255.0,0.03952088647959184,804.3644075850456,224,224,1.0,./dataset_bone_type/ulna/ulna_fractured_070_rot10.jpg,1,fractured
71.71498325892857,39.14916431594877,0.0,240.0,240.0,0.028659119897959183,66.99902048869612,224,224,1.0,./dataset_bone_type/ulna/ulna_normal_061.jpg,0,not_fractured
117.8043287627551,91.01389780591526,0.0,255.0,255.0,0.05337213010204082,781.8714627508618,224,224,1.0,./dataset_bone_type/ulna/ulna_normal_017_rot10.jpg,0,not_fractured
36.10600685586735,47.72269208870339,0.0,226.0,226.0,0.02849968112244898,56.805344202676345,224,224,1.0,./dataset_bone_type/ulna/ulna_normal_029.jpg,0,not_fractured
103.2200852997449,102.7331443287849,0.0,255.0,255.0,0.041892538265306124,803.6649247228678,224,224,1.0,./dataset_bone_type/ulna/ulna_fractured_074_rot10.jpg,1,fractured
115.60064572704081,94.39658530299812,0.0,255.0,255.0,0.03392059948979592,737.7302838253609,224,224,1.0,./dataset_bone_type/ulna/ulna_normal_098_rot-10.jpg,0,not_fractured
101.5120774872449,103.27779059639875,0.0,255.0,255.0,0.035056600765306124,806.5340448841856,224,224,1.0,./dataset_bone_type/ulna/ulna_normal_037_rot-10.jpg,0,not_fractured
144.61373963647958,77.13828122897806,0.0,255.0,255.0,0.045778858418367346,651.5199922913563,224,224,1.0,./dataset_bone_type/ulna/ulna_normal_011_rot10.jpg,0,not_fractured
51.667071906887756,45.20562991848934,0.0,240.0,240.0,0.05040258290816327,295.2663133407523,224,224,1.0,./dataset_bone_type/ulna/ulna_fractured_086.jpg,1,fractured
166.72448979591837,79.77737195840173,2.0,255.0,253.0,0.07471699617346939,1955.7136862169748,224,224,1.0,./dataset_bone_type/ulna/mnf_ulna_fractured_003_rot20.jpg,1,fractured
107.74605389030613,97.33553328109791,0.0,255.0,255.0,0.05759725765306122,874.8218772916782,224,224,1.0,./dataset_bone_type/ulna/ulna_fractured_024_rot10.jpg,1,fractured
105.05193718112245,98.152812199366,0.0,255.0,255.0,0.055783641581632654,945.7197801430292,224,224,1.0,./dataset_bone_type/ulna/ulna_fractured_005_rot-10.jpg,1,fractured
162.4396125637755,92.85393098691269,21.0,255.0,234.0,0.04388552295918367,1002.9872448979592,224,224,1.0,./dataset_bone_type/ulna/mnf_ulna_fractured_005_rot10_rot-10.jpg,1,fractured
110.89207987882654,101.33492916734467,0.0,255.0,255.0,0.05084103954081633,786.9751020651566,224,224,1.0,./dataset_bone_type/ulna/ulna_normal_041_rot10.jpg,0,not_fractured
110.14542809311224,96.24546000954575,0.0,255.0,255.0,0.055345184948979595,929.99275434042,224,224,1.0,./dataset_bone_type/ulna/ulna_fractured_058_rot-10.jpg,1,fractured
194.90684789540816,81.23997002052259,17.0,255.0,238.0,0.06080596301020408,2940.1577646683672,224,224,1.0,./dataset_bone_type/ulna/mnf_ulna_fractured_007_rot30_rot10.jpg,1,fractured
189.56889748086735,78.79248932475558,1.0,255.0,254.0,0.07278380102040816,2108.718391262755,224,224,1.0,./dataset_bone_type/ulna/mnf_ulna_fractured_003_rot20_rot10.jpg,1,fractured
106.01325334821429,100.34947108077789,0.0,255.0,255.0,0.05395009566326531,824.2839707228005,224,224,1.0,./dataset_bone_type/ulna/ulna_fractured_073_rot10.jpg,1,fractured
129.10128348214286,97.52329360162523,0.0,255.0,255.0,0.05171795280612245,849.3580918790697,224,224,1.0,./dataset_bone_type/ulna/ulna_fractured_077_rot-10.jpg,1,fractured
83.23126594387755,64.87979656281753,10.0,246.0,236.0,0.04340720663265306,308.13189378076675,224,224,1.0,./dataset_bone_type/ulna/mnf_ulna_normal_008.jpg,0,not_fractured
100.7212213010204,101.88810604585042,0.0,255.0,255.0,0.04041772959183673,839.819449960565,224,224,1.0,./dataset_bone_type/ulna/ulna_fractured_068_rot-10.jpg,1,fractured
92.85714285714286,107.30014998081602,0.0,255.0,255.0,0.05564413265306122,1602.1809740364426,224,224,1.0,./dataset_bone_type/ulna/ulna_fractured_031_rot10.jpg,1,fractured
126.90441645408163,88.79049018665665,0.0,255.0,255.0,0.05743781887755102,747.8506257713759,224,224,1.0,./dataset_bone_type/ulna/ulna_normal_078_rot-10.jpg,0,not_fractured
129.92034040178572,88.00740709154678,0.0,255.0,255.0,0.04360650510204082,783.3658466442382,224,224,1.0,./dataset_bone_type/ulna/ulna_normal_001_rot-10.jpg,0,not_fractured
67.4486009247449,46.71064499557804,0.0,189.0,189.0,0.044064891581632654,106.00971663569173,224,224,1.0,./dataset_bone_type/ulna/ulna_normal_017.jpg,0,not_fractured
53.068718112244895,49.004910439759044,0.0,244.0,244.0,0.05895248724489796,262.12381783310246,224,224,1.0,./dataset_bone_type/ulna/ulna_fractured_025.jpg,1,fractured
108.66766980229592,101.98644674442892,0.0,255.0,255.0,0.03529575892857143,844.4588791697485,224,224,1.0,./dataset_bone_type/ulna/ulna_fractured_035_rot-10.jpg,1,fractured
105.64032605229592,97.93184977900353,0.0,255.0,255.0,0.04388552295918367,769.4240376870864,224,224,1.0,./dataset_bone_type/ulna/ulna_normal_079_rot10.jpg,0,not_fractured
128.73814174107142,86.79477999160878,15.0,255.0,240.0,0.047771843112244895,1519.3130027420666,224,224,1.0,./dataset_bone_type/ulna/mnf_ulna_fractured_005_rot10.jpg,1,fractured
70.47393176020408,69.53720722341075,0.0,243.0,243.0,0.03687021683673469,156.84142537496328,224,224,1.0,./dataset_bone_type/ulna/ulna_fractured_081.jpg,1,fractured
60.90268255739796,35.96419366845659,0.0,244.0,244.0,0.03240593112244898,283.18848162122396,224,224,1.0,./dataset_bone_type/ulna/ulna_normal_036.jpg,0,not_fractured
97.67739556760205,104.31571155782406,0.0,255.0,255.0,0.049107142857142856,879.420530034025,224,224,1.0,./dataset_bone_type/ulna/ulna_normal_074_rot10.jpg,0,not_fractured
171.67498405612244,86.84974944577785,1.0,255.0,254.0,0.09076052295918367,2530.0942283163267,224,224,1.0,./dataset_bone_type/ulna/mnf_ulna_fractured_002_rot10_rot-10.jpg,1,fractured
48.33003826530612,44.264923602576154,0.0,203.0,203.0,0.03932158801020408,130.343475633738,224,224,1.0,./dataset_bone_type/ulna/ulna_fractured_087.jpg,1,fractured
97.59855309311224,101.4872522122178,0.0,255.0,255.0,0.03256536989795918,790.4678476008709,224,224,1.0,./dataset_bone_type/ulna/ulna_normal_026_rot-10.jpg,0,not_fractured
47.56646603954081,55.6649912021092,0.0,244.0,244.0,0.04322783801020408,189.5870942950298,224,224,1.0,./dataset_bone_type/ulna/ulna_fractured_038.jpg,1,fractured
109.73471380739795,101.26546986878076,0.0,255.0,255.0,0.033302774234693876,835.6821429635127,224,224,1.0,./dataset_bone_type/ulna/ulna_fractured_037_rot10.jpg,1,fractured
107.28290417729592,97.64875013805177,0.0,255.0,255.0,0.05564413265306122,868.9879767462791,224,224,1.0,./dataset_bone_type/ulna/ulna_fractured_025_rot-10.jpg,1,fractured
94.92227359693878,104.1269075887156,0.0,255.0,255.0,0.03651147959183673,811.4696014274015,224,224,1.0,./dataset_bone_type/ulna/ulna_normal_029_rot10.jpg,0,not_fractured
100.57053172831633,103.64363481214738,0.0,255.0,255.0,0.04241071428571429,806.4996556365852,224,224,1.0,./dataset_bone_type/ulna/ulna_normal_049_rot-10.jpg,0,not_fractured
106.2051777742347,104.58941650005525,0.0,255.0,255.0,0.03635204081632653,869.0949161947394,224,224,1.0,./dataset_bone_type/ulna/ulna_normal_092_rot10.jpg,0,not_fractured
44.6198580994898,54.50068257897558,10.0,243.0,233.0,0.05606265943877551,594.4704047858045,224,224,1.0,./dataset_bone_type/ulna/ulna_fractured_042.jpg,1,fractured
111.61794483418367,100.80140944972844,0.0,255.0,255.0,0.04653619260204082,828.7660558459064,224,224,1.0,./dataset_bone_type/ulna/ulna_normal_040_rot10.jpg,0,not_fractured
60.573521205357146,45.06613505310512,0.0,241.0,241.0,0.07352120535714286,367.5924423448943,224,224,1.0,./dataset_bone_type/ulna/ulna_fractured_019.jpg,1,fractured
122.36627072704081,97.60289743375294,0.0,255.0,255.0,0.04334741709183673,797.3682561010085,224,224,1.0,./dataset_bone_type/ulna/ulna_fractured_078_rot-10.jpg,1,fractured
100.46996572066327,101.96964630665245,0.0,255.0,255.0,0.03920200892857143,824.8757318483199,224,224,1.0,./dataset_bone_type/ulna/ulna_fractured_071_rot-10.jpg,1,fractured
124.98078762755102,91.1785241582864,0.0,255.0,255.0,0.05508609693877551,874.5545025753607,224,224,1.0,./dataset_bone_type/ulna/ulna_fractured_002_rot-10.jpg,1,fractured
115.26528619260205,91.08298243581568,0.0,255.0,255.0,0.05532525510204082,851.4380009010501,224,224,1.0,./dataset_bone_type/ulna/ulna_fractured_018_rot10.jpg,1,fractured
124.66739078443878,100.0189040730336,0.0,255.0,255.0,0.04805086096938776,807.8499783758618,224,224,1.0,./dataset_bone_type/ulna/ulna_fractured_041_rot10.jpg,1,fractured
82.5248724489796,50.783774654507035,0.0,218.0,218.0,0.053033322704081634,225.61561995613135,224,224,1.0,./dataset_bone_type/ulna/ulna_normal_057.jpg,0,not_fractured
128.06700414540816,87.34647481831676,0.0,255.0,255.0,0.052654655612244895,700.5688505919462,224,224,1.0,./dataset_bone_type/ulna/ulna_normal_056_rot10.jpg,0,not_fractured
115.25125558035714,91.08986939314731,0.0,255.0,255.0,0.05865353954081633,855.9848278304627,224,224,1.0,./dataset_bone_type/ulna/ulna_fractured_018_rot-10.jpg,1,fractured
74.81078603316327,58.928348146661484,0.0,236.0,236.0,0.0506218112244898,159.0662815295771,224,224,1.0,./dataset_bone_type/ulna/ulna_normal_009.jpg,0,not_fractured
63.99657206632653,43.00005594498953,0.0,233.0,233.0,0.055743781887755105,226.12614989965869,224,224,1.0,./dataset_bone_type/ulna/ulna_fractured_018.jpg,1,fractured
142.88570232780611,79.29498360980101,0.0,255.0,255.0,0.044802295918367346,678.4739804246037,224,224,1.0,./dataset_bone_type/ulna/ulna_normal_013_rot-10.jpg,0,not_fractured
97.21267139668367,102.41219772398388,0.0,255.0,255.0,0.04653619260204082,888.6701712967803,224,224,1.0,./dataset_bone_type/ulna/ulna_fractured_049_rot10.jpg,1,fractured
46.048170440051024,44.2508662242009,0.0,244.0,244.0,0.03146922831632653,123.88998854731283,224,224,1.0,./dataset_bone_type/ulna/ulna_normal_086.jpg,0,not_fractured
109.85325653698979,96.7438109952143,0.0,255.0,255.0,0.04370615433673469,818.6620440294423,224,224,1.0,./dataset_bone_type/ulna/ulna_fractured_016_rot-10.jpg,1,fractured
140.9512316645408,85.54757803199648,3.0,255.0,252.0,0.09847337372448979,2857.409685329515,224,224,1.0,./dataset_bone_type/ulna/mnf_ulna_fractured_001_rot-10.jpg,1,fractured
120.89548788265306,86.61955405576369,0.0,255.0,255.0,0.03549505739795918,800.407619603422,224,224,1.0,./dataset_bone_type/ulna/ulna_normal_061_rot-10.jpg,0,not_fractured
61.78920200892857,49.22559888970446,0.0,250.0,250.0,0.04587850765306122,321.19804769632765,224,224,1.0,./dataset_bone_type/ulna/ulna_normal_090.jpg,0,not_fractured
103.80285395408163,98.06932096121459,0.0,255.0,255.0,0.03830516581632653,722.1729257258709,224,224,1.0,./dataset_bone_type/ulna/ulna_fractured_088_rot-10.jpg,1,fractured
113.90190529336735,102.77175829385807,1.0,255.0,254.0,0.040896045918367346,2702.538823443123,224,224,1.0,./dataset_bone_type/ulna/ulna_fractured_034_rot10.jpg,1,fractured
113.40268255739795,34.89098787274851,55.0,246.0,191.0,0.04727359693877551,384.89881087322624,224,224,1.0,./dataset_bone_type/ulna/ulna_normal_010.jpg,0,not_fractured
99.38028140943878,99.77515647144033,0.0,255.0,255.0,0.039381377551020405,778.3840185544333,224,224,1.0,./dataset_bone_type/ulna/ulna_normal_096_rot10.jpg,0,not_fractured
105.94620934311224,110.79218420059674,0.0,255.0,255.0,0.0623405612244898,2605.61741695976,224,224,1.0,./dataset_bone_type/ulna/ulna_fractured_028_rot-10.jpg,1,fractured
100.84705835459184,101.68515849906835,0.0,255.0,255.0,0.045420121173469385,813.8210842080138,224,224,1.0,./dataset_bone_type/ulna/ulna_fractured_066_rot-10.jpg,1,fractured
58.93070392219388,63.63573757074104,0.0,243.0,243.0,0.022999043367346938,145.7713582465074,224,224,1.0,./dataset_bone_type/ulna/ulna_normal_043.jpg,0,not_fractured
125.8370137117347,94.39326538617973,9.0,255.0,246.0,0.054388552295918366,1038.3645422958127,224,224,1.0,./dataset_bone_type/ulna/mnf_ulna_normal_007_rot-10.jpg,0,not_fractured
93.66053491709184,104.1674618594349,0.0,255.0,255.0,0.03437898596938776,810.5032388988211,224,224,1.0,./dataset_bone_type/ulna/ulna_normal_031_rot10.jpg,0,not_fractured
128.69333944515307,89.1982484993758,0.0,255.0,255.0,0.04693478954081633,751.9662930728097,224,224,1.0,./dataset_bone_type/ulna/ulna_normal_004_rot-10.jpg,0,not_fractured
113.44672751913265,97.51782726404663,0.0,255.0,255.0,0.0408561862244898,792.022853978422,224,224,1.0,./dataset_bone_type/ulna/ulna_normal_082_rot-10.jpg,0,not_fractured
179.18401227678572,91.32674885320024,15.0,255.0,240.0,0.04009885204081633,1142.300502232143,224,224,1.0,./dataset_bone_type/ulna/mnf_ulna_fractured_005_rot-20_rot10.jpg,1,fractured
106.01249601403062,100.34644400395395,0.0,255.0,255.0,0.05552455357142857,822.8142283406668,224,224,1.0,./dataset_bone_type/ulna/ulna_fractured_073_rot-10.jpg,1,fractured
107.34889190051021,102.58143234059905,0.0,255.0,255.0,0.04711415816326531,806.2755823127432,224,224,1.0,./dataset_bone_type/ulna/ulna_fractured_021_rot-10.jpg,1,fractured
35.13954878826531,46.364286040842046,0.0,223.0,223.0,0.022620376275510203,47.90671879467691,224,224,1.0,./dataset_bone_type/ulna/ulna_normal_030.jpg,0,not_fractured
109.00918765943878,102.16931209884625,0.0,255.0,255.0,0.040338010204081634,835.0140807355556,224,224,1.0,./dataset_bone_type/ulna/ulna_normal_076_rot10.jpg,0,not_fractured
168.18819754464286,87.20576392470035,16.0,255.0,239.0,0.045400191326530615,666.4485411352041,224,224,1.0,./dataset_bone_type/ulna/mnf_ulna_fractured_004_rot-10_rot10.jpg,1,fractured
39.037109375,46.82202255056823,0.0,247.0,247.0,0.04243064413265306,185.3730630453603,224,224,1.0,./dataset_bone_type/ulna/ulna_fractured_046.jpg,1,fractured
107.31144371811224,98.4572823972484,0.0,255.0,255.0,0.05765704719387755,834.5505963253607,224,224,1.0,./dataset_bone_type/ulna/ulna_fractured_060_rot-10.jpg,1,fractured
101.39857700892857,102.04403778608581,0.0,255.0,255.0,0.03274473852040816,774.3722022107023,224,224,1.0,./dataset_bone_type/ulna/ulna_normal_085_rot-10.jpg,0,not_fractured
123.79418447066327,94.20589614140877,6.0,255.0,249.0,0.061822385204081634,1510.1632828333136,224,224,1.0,./dataset_bone_type/ulna/mnf_ulna_normal_003_rot-10.jpg,0,not_fractured
152.6006855867347,92.44489440096451,14.0,255.0,241.0,0.05024314413265306,1819.5786990281294,224,224,1.0,./dataset_bone_type/ulna/mnf_ulna_fractured_005_rot-20.jpg,1,fractured
98.49431999362245,103.06418085012079,0.0,255.0,255.0,0.05917171556122449,2612.4158398784334,224,224,1.0,./dataset_bone_type/ulna/ulna_fractured_042_rot-10.jpg,1,fractured
170.77877869897958,88.93082667593998,1.0,255.0,254.0,0.08302774234693877,3125.388671875,224,224,1.0,./dataset_bone_type/ulna/mnf_ulna_fractured_001_rot-10_rot-10.jpg,1,fractured
39.17631935586735,46.79983665644791,0.0,250.0,250.0,0.04787149234693878,208.80888245156385,224,224,1.0,./dataset_bone_type/ulna/ulna_fractured_048.jpg,1,fractured
116.50458386479592,102.82786244494163,0.0,255.0,255.0,0.04332748724489796,842.882547855973,224,224,1.0,./dataset_bone_type/ulna/ulna_normal_044_rot-10.jpg,0,not_fractured
177.5730827487245,80.13017699206202,3.0,255.0,252.0,0.07977917729591837,2277.4961995601852,224,224,1.0,./dataset_bone_type/ulna/mnf_ulna_fractured_003_rot30.jpg,1,fractured
96.74272560586735,104.76255988748183,0.0,255.0,255.0,0.04454320790816327,899.3923324396687,224,224,1.0,./dataset_bone_type/ulna/ulna_fractured_052_rot-10.jpg,1,fractured
100.84269371811224,101.69063790478653,0.0,255.0,255.0,0.04023836096938776,812.6426681080047,224,224,1.0,./dataset_bone_type/ulna/ulna_fractured_066_rot10.jpg,1,fractured
82.05512595663265,74.10268267580705,0.0,244.0,244.0,0.04310825892857143,131.7173406179127,224,224,1.0,./dataset_bone_type/ulna/ulna_fractured_076.jpg,1,fractured
107.91346460459184,103.99817796133931,0.0,255.0,255.0,0.03461814413265306,846.861701236075,224,224,1.0,./dataset_bone_type/ulna/ulna_fractured_092_rot-10.jpg,1,fractured
79.85301737882654,64.20951352514562,10.0,247.0,237.0,0.04807079081632653,198.75894989941528,224,224,1.0,./dataset_bone_type/ulna/mnf_ulna_normal_007.jpg,0,not_fractured
159.73744419642858,87.23896046087664,13.0,255.0,242.0,0.05195711096938776,1705.1347806597691,224,224,1.0,./dataset_bone_type/ulna/mnf_ulna_fractured_004_rot-20.jpg,1,fractured
105.04799107142857,102.94480531235362,0.0,255.0,255.0,0.0535514987244898,848.1598517462792,224,224,1.0,./dataset_bone_type/ulna/ulna_normal_051_rot-10.jpg,0,not_fractured
45.537109375,39.43012593741244,0.0,246.0,246.0,0.043845663265306124,145.5380098771076,224,224,1.0,./dataset_bone_type/ulna/ulna_normal_087.jpg,0,not_fractured
61.994499362244895,48.24352959058634,0.0,211.0,211.0,0.020208864795918366,96.39294903718249,224,224,1.0,./dataset_bone_type/ulna/ulna_fractured_062.jpg,1,fractured
128.68887515943877,89.19911090433092,0.0,255.0,255.0,0.05640146683673469,754.063825633515,224,224,1.0,./dataset_bone_type/ulna/ulna_normal_004_rot10.jpg,0,not_fractured
116.64421237244898,94.16115924001939,0.0,255.0,255.0,0.04611766581632653,697.45604502127,224,224,1.0,./dataset_bone_type/ulna/ulna_fractured_082_rot10.jpg,1,fractured
184.39453125,85.89467228964689,12.0,255.0,243.0,0.03970025510204082,1109.886758609694,224,224,1.0,./dataset_bone_type/ulna/mnf_ulna_fractured_004_rot20_rot-10.jpg,1,fractured
101.78655133928571,97.60686924619719,0.0,255.0,255.0,0.0458984375,838.6690552253517,224,224,1.0,./dataset_bone_type/ulna/ulna_normal_087_rot10.jpg,0,not_fractured
193.04241071428572,83.71490323542469,12.0,255.0,243.0,0.039142219387755105,1422.7247688137754,224,224,1.0,./dataset_bone_type/ulna/mnf_ulna_fractured_004_rot30_rot-10.jpg,1,fractured
70.75839046556122,51.08517702675162,0.0,248.0,248.0,0.05955038265306122,361.06019536319843,224,224,1.0,./dataset_bone_type/ulna/ulna_fractured_054.jpg,1,fractured
121.59956951530613,87.25482854859251,0.0,255.0,255.0,0.05213647959183673,817.8315274478097,224,224,1.0,./dataset_bone_type/ulna/ulna_normal_016_rot-10.jpg,0,not_fractured
105.05753746811224,102.31951612614272,0.0,255.0,255.0,0.04179288903061224,832.051278047192,224,224,1.0,./dataset_bone_type/ulna/ulna_normal_050_rot10.jpg,0,not_fractured
116.96908880739795,91.45949827629155,10.0,255.0,245.0,0.056760204081632654,1289.0940226054797,224,224,1.0,./dataset_bone_type/ulna/mnf_ulna_normal_004_rot10.jpg,0,not_fractured
39.766043526785715,44.23142521896089,0.0,211.0,211.0,0.023297991071428572,47.58917234381851,224,224,1.0,./dataset_bone_type/ulna/ulna_normal_026.jpg,0,not_fractured
97.67211415816327,104.31366312490152,0.0,255.0,255.0,0.04203204719387755,869.6753970268913,224,224,1.0,./dataset_bone_type/ulna/ulna_normal_074_rot-10.jpg,0,not_fractured
171.1242825255102,84.94008863786249,18.0,255.0,237.0,0.06188217474489796,2359.781847895408,224,224,1.0,./dataset_bone_type/ulna/mnf_ulna_fractured_007_rot10_rot10.jpg,1,fractured
93.65800382653062,104.16650125529989,0.0,255.0,255.0,0.03635204081632653,814.6580979197485,224,224,1.0,./dataset_bone_type/ulna/ulna_normal_031_rot-10.jpg,0,not_fractured
132.67610012755102,94.75453527038324,5.0,255.0,250.0,0.04446348852040816,1168.3143357559325,224,224,1.0,./dataset_bone_type/ulna/mnf_ulna_normal_008_rot-10.jpg,0,not_fractured
64.3836894132653,46.92326877288183,0.0,247.0,247.0,0.022979113520408163,135.41370800761865,224,224,1.0,./dataset_bone_type/ulna/ulna_fractured_061.jpg,1,fractured
120.89907525510205,86.6198265883797,0.0,255.0,255.0,0.03908242984693878,796.4635494630172,224,224,1.0,./dataset_bone_type/ulna/ulna_normal_061_rot10.jpg,0,not_fractured
103.82029257015306,98.09009625736533,0.0,255.0,255.0,0.03989955357142857,737.1072768100546,224,224,1.0,./dataset_bone_type/ulna/ulna_fractured_087_rot-10.jpg,1,fractured
177.59221540178572,80.11825942598713,2.0,255.0,253.0,0.07645089285714286,2278.4255790646903,224,224,1.0,./dataset_bone_type/ulna/mnf_ulna_fractured_003_rot-30.jpg,1,fractured
137.40379862882654,82.29209846507732,14.0,255.0,241.0,0.054009885204081634,1382.4616216062159,224,224,1.0,./dataset_bone_type/ulna/mnf_ulna_fractured_004_rot-10.jpg,1,fractured
174.11912069515307,84.89757942285958,18.0,255.0,237.0,0.06893734056122448,3026.2798992758344,224,224,1.0,./dataset_bone_type/ulna/mnf_ulna_fractured_007_rot-30.jpg,1,fractured
105.95194913903062,110.79170150798481,0.0,255.0,255.0,0.06303810586734694,2589.739381026745,224,224,1.0,./dataset_bone_type/ulna/ulna_fractured_028_rot10.jpg,1,fractured
70.45806760204081,72.96751391556649,0.0,242.0,242.0,0.05153858418367347,145.5751711993553,224,224,1.0,./dataset_bone_type/ulna/ulna_fractured_043.jpg,1,fractured
46.56483179209184,41.750150631702596,0.0,234.0,234.0,0.03188775510204082,93.06166775372563,224,224,1.0,./dataset_bone_type/ulna/ulna_normal_083.jpg,0,not_fractured
123.19820232780613,93.23263087021294,0.0,255.0,255.0,0.053810586734693876,791.9052678814832,224,224,1.0,./dataset_bone_type/ulna/ulna_normal_009_rot-10.jpg,0,not_fractured
70.63715720663265,68.32471020994613,0.0,245.0,245.0,0.029416454081632654,177.91484219806483,224,224,1.0,./dataset_bone_type/ulna/ulna_fractured_079.jpg,1,fractured
141.26921237244898,79.98321624693284,14.0,255.0,241.0,0.07085060586734694,2237.9719864103704,224,224,1.0,./dataset_bone_type/ulna/mnf_ulna_fractured_006_rot10.jpg,1,fractured
107.59056122448979,103.00432647474891,0.0,255.0,255.0,0.0389030612244898,854.1042832228006,224,224,1.0,./dataset_bone_type/ulna/ulna_fractured_036_rot10.jpg,1,fractured
103.79681521045919,98.07013015750995,0.0,255.0,255.0,0.04300860969387755,723.0971964145391,224,224,1.0,./dataset_bone_type/ulna/ulna_fractured_088_rot10.jpg,1,fractured
186.30819515306123,86.67592354316972,2.0,255.0,253.0,0.07118941326530612,2184.487005739796,224,224,1.0,./dataset_bone_type/ulna/mnf_ulna_fractured_001_rot-20_rot10.jpg,1,fractured
91.31423389668367,103.78219438351117,0.0,255.0,255.0,0.0615234375,2487.9685338662593,224,224,1.0,./dataset_bone_type/ulna/ulna_fractured_010_rot10.jpg,1,fractured
122.82005341198979,84.68197585603652,0.0,255.0,255.0,0.04205197704081633,732.8146764456556,224,224,1.0,./dataset_bone_type/ulna/ulna_normal_060_rot-10.jpg,0,not_fractured
142.95956234056123,83.14402078204198,1.0,255.0,254.0,0.10953443877551021,3435.25862067563,224,224,1.0,./dataset_bone_type/ulna/mnf_ulna_fractured_002_rot-10.jpg,1,fractured
108.0639947385204,100.14530294858822,0.0,255.0,255.0,0.036631058673469385,771.9916699273246,224,224,1.0,./dataset_bone_type/ulna/ulna_normal_089_rot10.jpg,0,not_fractured
53.758091517857146,53.04352202382379,0.0,235.0,235.0,0.04316804846938776,132.5978787285941,224,224,1.0,./dataset_bone_type/ulna/ulna_fractured_072.jpg,1,fractured
42.11758609693877,58.523053139467265,0.0,231.0,231.0,0.05727838010204082,274.35333582382805,224,224,1.0,./dataset_bone_type/ulna/ulna_fractured_090.jpg,1,fractured
72.6488958864796,52.15759935595401,13.0,248.0,235.0,0.03639190051020408,152.26824994387104,224,224,1.0,./dataset_bone_type/ulna/mnf_ulna_normal_005.jpg,0,not_fractured
57.01259566326531,38.045410306200196,0.0,190.0,190.0,0.02264030612244898,103.77278158814647,224,224,1.0,./dataset_bone_type/ulna/ulna_normal_035.jpg,0,not_fractured
162.4095384247449,88.99171656802564,6.0,255.0,249.0,0.08814971301020408,3215.6588706716007,224,224,1.0,./dataset_bone_type/ulna/mnf_ulna_fractured_001_rot-20.jpg,1,fractured
50.051837531887756,42.01603291476389,0.0,244.0,244.0,0.033880739795918366,122.56231158120289,224,224,1.0,./dataset_bone_type/ulna/ulna_normal_055.jpg,0,not_fractured
163.94963727678572,86.71596483087134,0.0,255.0,255.0,0.09737723214285714,4176.336778620887,224,224,1.0,./dataset_bone_type/ulna/mnf_ulna_fractured_002_rot-20.jpg,1,fractured
108.26118064413265,102.0307739022687,0.0,255.0,255.0,0.047731983418367346,808.407619603422,224,224,1.0,./dataset_bone_type/ulna/ulna_fractured_020_rot-10.jpg,1,fractured
116.86188616071429,95.2988706037113,0.0,255.0,255.0,0.04745296556122449,818.5267959779027,224,224,1.0,./dataset_bone_type/ulna/ulna_fractured_012_rot10.jpg,1,fractured
73.25601881377551,51.8408502633315,0.0,207.0,207.0,0.03870376275510204,82.79716930683331,224,224,1.0,./dataset_bone_type/ulna/ulna_normal_094.jpg,0,not_fractured
186.2774035395408,86.6901325758582,4.0,255.0,251.0,0.07724808673469388,3473.854791135204,224,224,1.0,./dataset_bone_type/ulna/mnf_ulna_fractured_001_rot-20_rot-10.jpg,1,fractured
107.71051897321429,95.8846550479399,0.0,255.0,255.0,0.03441884566326531,716.8659538831475,224,224,1.0,./dataset_bone_type/ulna/ulna_normal_058_rot-10.jpg,0,not_fractured
107.87286750637755,97.73680035325526,0.0,255.0,255.0,0.047532684948979595,820.5405475722904,224,224,1.0,./dataset_bone_type/ulna/ulna_fractured_059_rot10.jpg,1,fractured
171.51833545918367,87.46905260064443,14.0,255.0,241.0,0.05644132653061224,2029.5483180311808,224,224,1.0,./dataset_bone_type/ulna/mnf_ulna_fractured_004_rot-30.jpg,1,fractured
106.9056321747449,108.98764957577335,0.0,255.0,255.0,0.06345663265306123,1915.1554259475395,224,224,1.0,./dataset_bone_type/ulna/ulna_fractured_090_rot-10.jpg,1,fractured
107.96769371811224,101.92831378463443,0.0,255.0,255.0,0.04157366071428571,838.1241773202587,224,224,1.0,./dataset_bone_type/ulna/ulna_normal_033_rot-10.jpg,0,not_fractured
55.40043048469388,62.364493817398994,0.0,246.0,246.0,0.031230070153061226,157.68131004716395,224,224,1.0,./dataset_bone_type/ulna/ulna_normal_076.jpg,0,not_fractured
110.90088887117346,101.33622007245066,0.0,255.0,255.0,0.04296875,781.1053236850547,224,224,1.0,./dataset_bone_type/ulna/ulna_normal_041_rot-10.jpg,0,not_fractured
101.4491191007653,98.7173310504203,0.0,255.0,255.0,0.04095583545918367,796.9793271927076,224,224,1.0,./dataset_bone_type/ulna/ulna_normal_068_rot-10.jpg,0,not_fractured
111.16741071428571,96.18844313426673,0.0,255.0,255.0,0.05839445153061224,880.4407828687281,224,224,1.0,./dataset_bone_type/ulna/ulna_fractured_017_rot10.jpg,1,fractured
111.26717952806122,93.32298330526727,0.0,255.0,255.0,0.045420121173469385,841.2557143100546,224,224,1.0,./dataset_bone_type/ulna/ulna_normal_027_rot-10.jpg,0,not_fractured
107.15710698341837,101.4210029367086,0.0,255.0,255.0,0.03962053571428571,771.8520909396374,224,224,1.0,./dataset_bone_type/ulna/ulna_normal_021_rot10.jpg,0,not_fractured
45.106166294642854,51.08661882538297,0.0,247.0,247.0,0.043646364795918366,371.54181277081653,224,224,1.0,./dataset_bone_type/ulna/ulna_fractured_069.jpg,1,fractured
108.66563695790816,101.98544229777937,0.0,255.0,255.0,0.03242586096938776,841.6636741666782,224,224,1.0,./dataset_bone_type/ulna/ulna_fractured_035_rot10.jpg,1,fractured
193.01612324617346,83.7201198834537,16.0,255.0,239.0,0.050083705357142856,1989.9798708545918,224,224,1.0,./dataset_bone_type/ulna/mnf_ulna_fractured_004_rot30_rot10.jpg,1,fractured
97.3997727997449,102.47556678571848,0.0,255.0,255.0,0.05267458545918367,985.7495360575035,224,224,1.0,./dataset_bone_type/ulna/ulna_fractured_047_rot-10.jpg,1,fractured
94.18148118622449,104.19678810765471,0.0,255.0,255.0,0.03491709183673469,744.8544866314832,224,224,1.0,./dataset_bone_type/ulna/ulna_normal_030_rot-10.jpg,0,not_fractured
53.698361766581634,48.81474264682633,0.0,247.0,247.0,0.05739795918367347,330.1969657776406,224,224,1.0,./dataset_bone_type/ulna/ulna_fractured_024.jpg,1,fractured
41.463209502551024,52.46928843969071,0.0,244.0,244.0,0.04041772959183673,292.5464518450539,224,224,1.0,./dataset_bone_type/ulna/ulna_normal_073.jpg,0,not_fractured
115.63865194515306,89.40920738694408,0.0,255.0,255.0,0.03920200892857143,808.2845589579368,224,224,1.0,./dataset_bone_type/ulna/ulna_fractured_027_rot-10.jpg,1,fractured
120.01664142219387,99.9049932439415,0.0,255.0,255.0,0.04669563137755102,860.0964885963494,224,224,1.0,./dataset_bone_type/ulna/ulna_fractured_081_rot-10.jpg,1,fractured
195.50659677933675,82.36612270329246,0.0,255.0,255.0,0.07384008290816327,3499.6489158163267,224,224,1.0,./dataset_bone_type/ulna/mnf_ulna_fractured_002_rot-30_rot10.jpg,1,fractured
82.44822225765306,56.83509222387177,0.0,240.0,240.0,0.047532684948979595,142.8779046159146,224,224,1.0,./dataset_bone_type/ulna/ulna_normal_002.jpg,0,not_fractured
118.99202806122449,93.2976786855874,0.0,255.0,255.0,0.04763233418367347,762.1905794600456,224,224,1.0,./dataset_bone_type/ulna/ulna_normal_065_rot10.jpg,0,not_fractured
188.57370057397958,89.05439806678062,11.0,255.0,244.0,0.04811065051020408,2106.843191964286,224,224,1.0,./dataset_bone_type/ulna/mnf_ulna_fractured_005_rot-30_rot-10.jpg,1,fractured
36.664381377551024,42.594552258978105,0.0,248.0,248.0,0.02028858418367347,332.9946742568201,224,224,1.0,./dataset_bone_type/ulna/ulna_normal_072.jpg,0,not_fractured
114.85845822704081,96.37394562729828,0.0,255.0,255.0,0.048549107142857144,829.1494043962699,224,224,1.0,./dataset_bone_type/ulna/ulna_fractured_032_rot10.jpg,1,fractured
94.75414540816327,103.77794423449296,0.0,255.0,255.0,0.03593351403061224,827.8502216442382,224,224,1.0,./dataset_bone_type/ulna/ulna_normal_032_rot10.jpg,0,not_fractured
114.20328443877551,96.88046298976084,0.0,255.0,255.0,0.04197225765306122,825.501369603422,224,224,1.0,./dataset_bone_type/ulna/ulna_fractured_033_rot-10.jpg,1,fractured
94.75731425382654,102.39098290968552,0.0,255.0,255.0,0.03404017857142857,800.9293211520289,224,224,1.0,./dataset_bone_type/ulna/ulna_normal_054_rot-10.jpg,0,not_fractured
102.53627232142857,97.83311748707396,0.0,255.0,255.0,0.046018016581632654,841.1034461692292,224,224,1.0,./dataset_bone_type/ulna/ulna_normal_083_rot10.jpg,0,not_fractured
107.87286750637755,97.7331292306923,0.0,255.0,255.0,0.0525749362244898,826.5836001518913,224,224,1.0,./dataset_bone_type/ulna/ulna_fractured_059_rot-10.jpg,1,fractured
186.31361607142858,86.68662301763801,2.0,255.0,253.0,0.07784598214285714,3625.8549505739797,224,224,1.0,./dataset_bone_type/ulna/mnf_ulna_fractured_001_rot20_rot10.jpg,1,fractured
129.46661750637756,96.84543698896509,0.0,255.0,255.0,0.059849330357142856,819.9642863688695,224,224,1.0,./dataset_bone_type/ulna/ulna_fractured_093_rot10.jpg,1,fractured
109.72439014668367,101.2702692917789,0.0,255.0,255.0,0.035853794642857144,840.1480972436209,224,224,1.0,./dataset_bone_type/ulna/ulna_fractured_037_rot-10.jpg,1,fractured
49.98262117346939,57.84604253870487,0.0,237.0,237.0,0.028479751275510203,108.70138073761926,224,224,1.0,./dataset_bone_type/ulna/ulna_normal_050.jpg,0,not_fractured
119.04619738520408,88.66549572086426,0.0,255.0,255.0,0.04647640306122449,714.9012420524015,224,224,1.0,./dataset_bone_type/ulna/ulna_normal_062_rot-10.jpg,0,not_fractured
109.87352519132654,96.73511742823759,0.0,255.0,255.0,0.04888791454081633,816.5409104197485,224,224,1.0,./dataset_bone_type/ulna/ulna_fractured_015_rot-10.jpg,1,fractured
174.9313416772959,80.16304490832901,0.0,255.0,255.0,0.06698421556122448,1761.6143574617347,224,224,1.0,./dataset_bone_type/ulna/mnf_ulna_fractured_003_rot-10_rot-10.jpg,1,fractured
106.66320551658163,99.18733820116002,0.0,255.0,255.0,0.04936623086734694,855.8683041747736,224,224,1.0,./dataset_bone_type/ulna/ulna_normal_091_rot-10.jpg,0,not_fractured
101.41009646045919,102.04005468826789,0.0,255.0,255.0,0.030970982142857144,774.407575633515,224,224,1.0,./dataset_bone_type/ulna/ulna_normal_085_rot10.jpg,0,not_fractured
110.1923828125,92.35637657217262,0.0,255.0,255.0,0.03204719387755102,793.1173613126056,224,224,1.0,./dataset_bone_type/ulna/ulna_normal_035_rot-10.jpg,0,not_fractured
108.01424984056122,100.88369336656967,0.0,255.0,255.0,0.03864397321428571,757.422248111075,224,224,1.0,./dataset_bone_type/ulna/ulna_normal_100_rot-10.jpg,0,not_fractured
97.61463647959184,102.08763556786514,0.0,255.0,255.0,0.05231584821428571,898.7659582513811,224,224,1.0,./dataset_bone_type/ulna/ulna_fractured_044_rot-10.jpg,1,fractured
99.26622289540816,103.05531309201098,0.0,255.0,255.0,0.03946109693877551,804.1446652029117,224,224,1.0,./dataset_bone_type/ulna/ulna_normal_052_rot-10.jpg,0,not_fractured
94.96739477040816,102.29730793688414,0.0,255.0,255.0,0.03826530612244898,796.904186100624,224,224,1.0,./dataset_bone_type/ulna/ulna_normal_053_rot-10.jpg,0,not_fractured
186.72036431760205,83.30082671271403,22.0,255.0,233.0,0.06216119260204082,2626.355428890306,224,224,1.0,./dataset_bone_type/ulna/mnf_ulna_fractured_006_rot-20_rot-10.jpg,1,fractured
174.8142538265306,80.48113534634749,1.0,255.0,254.0,0.0657485650510204,1276.3864795918366,224,224,1.0,./dataset_bone_type/ulna/mnf_ulna_fractured_003_rot10_rot-10.jpg,1,fractured
122.81628667091837,84.68608851741563,0.0,255.0,255.0,0.03226642219387755,730.7312762074945,224,224,1.0,./dataset_bone_type/ulna/ulna_normal_060_rot10.jpg,0,not_fractured
92.84968909438776,107.30344311976266,0.0,255.0,255.0,0.057517538265306124,1620.57091358412,224,224,1.0,./dataset_bone_type/ulna/ulna_fractured_031_rot-10.jpg,1,fractured
64.48547114158163,38.606656420505345,0.0,220.0,220.0,0.03262515943877551,115.74207564881819,224,224,1.0,./dataset_bone_type/ulna/ulna_fractured_027.jpg,1,fractured
112.77196269132654,93.27374873664273,0.0,255.0,255.0,0.06216119260204082,804.3008712330047,224,224,1.0,./dataset_bone_type/ulna/ulna_fractured_019_rot10.jpg,1,fractured
124.67564174107143,100.01549625521923,0.0,255.0,255.0,0.04856903698979592,806.8698587028348,224,224,1.0,./dataset_bone_type/ulna/ulna_fractured_041_rot-10.jpg,1,fractured
186.7010722257653,83.31237337971808,22.0,255.0,233.0,0.05454799107142857,1628.7258051658164,224,224,1.0,./dataset_bone_type/ulna/mnf_ulna_fractured_007_rot20_rot-10.jpg,1,fractured
107.15571189413265,101.42407053713929,0.0,255.0,255.0,0.039540816326530615,773.8516565932179,224,224,1.0,./dataset_bone_type/ulna/ulna_normal_021_rot-10.jpg,0,not_fractured
56.564433195153065,62.15893638310728,0.0,224.0,224.0,0.03964046556122449,79.86839106320241,224,224,1.0,./dataset_bone_type/ulna/ulna_normal_042.jpg,0,not_fractured
108.11603156887755,97.84205583648695,0.0,255.0,255.0,0.05570392219387755,788.6244563381158,224,224,1.0,./dataset_bone_type/ulna/ulna_fractured_057_rot-10.jpg,1,fractured
121.96908880739795,87.07372352105357,0.0,255.0,255.0,0.04936623086734694,709.2357487104575,224,224,1.0,./dataset_bone_type/ulna/ulna_normal_015_rot-10.jpg,0,not_fractured
120.59779575892857,99.3064339285186,0.0,255.0,255.0,0.039381377551020405,811.5223316921883,224,224,1.0,./dataset_bone_type/ulna/ulna_fractured_080_rot10.jpg,1,fractured
162.4427415497449,92.84927030248848,21.0,255.0,234.0,0.0439453125,1001.7947225765306,224,224,1.0,./dataset_bone_type/ulna/mnf_ulna_fractured_005_rot-10_rot10.jpg,1,fractured
91.32459741709184,103.80261262431158,0.0,255.0,255.0,0.061802455357142856,2538.416372128002,224,224,1.0,./dataset_bone_type/ulna/ulna_fractured_010_rot-10.jpg,1,fractured
57.9977877869898,61.41349657260369,9.0,243.0,234.0,0.02774234693877551,757.2952060115581,224,224,1.0,./dataset_bone_type/ulna/ulna_fractured_034.jpg,1,fractured
72.11772560586735,54.00583425728979,18.0,246.0,228.0,0.03421954719387755,124.51382823786803,224,224,1.0,./dataset_bone_type/ulna/mnf_ulna_normal_001.jpg,0,not_fractured
45.13592155612245,55.42338976273751,0.0,240.0,240.0,0.02724410076530612,110.42068751818535,224,224,1.0,./dataset_bone_type/ulna/ulna_normal_037.jpg,0,not_fractured
126.66639429209184,94.80412397314032,4.0,255.0,251.0,0.05020328443877551,1269.1489372583094,224,224,1.0,./dataset_bone_type/ulna/mnf_ulna_normal_001_rot10.jpg,0,not_fractured
121.23549107142857,90.43260050626199,0.0,255.0,255.0,0.049107142857142856,872.4988144728006,224,224,1.0,./dataset_bone_type/ulna/ulna_fractured_055_rot10.jpg,1,fractured
114.18040497448979,95.81305485928654,0.0,255.0,255.0,0.044244260204081634,789.3756521289321,224,224,1.0,./dataset_bone_type/ulna/ulna_normal_097_rot-10.jpg,0,not_fractured
130.83551897321428,85.27541261613922,0.0,255.0,255.0,0.04926658163265306,761.2750421513721,224,224,1.0,./dataset_bone_type/ulna/ulna_fractured_003_rot10.jpg,1,fractured
123.49647241709184,92.84720278352238,0.0,255.0,255.0,0.059669961734693876,815.9629847182179,224,224,1.0,./dataset_bone_type/ulna/ulna_normal_008_rot-10.jpg,0,not_fractured
187.4422233737245,84.62627014352472,0.0,255.0,255.0,0.08031728316326531,2817.0593112244896,224,224,1.0,./dataset_bone_type/ulna/mnf_ulna_fractured_002_rot-20_rot10.jpg,1,fractured
184.38382892219389,85.91468630843687,16.0,255.0,239.0,0.042470503826530615,1108.6079799107142,224,224,1.0,./dataset_bone_type/ulna/mnf_ulna_fractured_004_rot-20_rot10.jpg,1,fractured
115.5736009247449,92.25135437619961,0.0,255.0,255.0,0.03493702168367347,829.1043670524015,224,224,1.0,./dataset_bone_type/ulna/ulna_fractured_061_rot-10.jpg,1,fractured
127.6396484375,94.05670191587065,6.0,255.0,249.0,0.05016342474489796,1279.7464748380185,224,224,1.0,./dataset_bone_type/ulna/mnf_ulna_normal_005_rot10.jpg,0,not_fractured
102.0815728635204,102.92140918427204,0.0,255.0,255.0,0.04282924107142857,808.8636942207688,224,224,1.0,./dataset_bone_type/ulna/ulna_normal_018_rot-10.jpg,0,not_fractured
45.49394132653061,50.13127699350086,0.0,245.0,245.0,0.03647161989795918,201.05085149857962,224,224,1.0,./dataset_bone_type/ulna/ulna_fractured_067.jpg,1,fractured
105.63899075255102,97.92997451389766,0.0,255.0,255.0,0.04302853954081633,767.1317506620953,224,224,1.0,./dataset_bone_type/ulna/ulna_normal_079_rot-10.jpg,0,not_fractured
128.72570551658163,98.64235263495631,0.0,255.0,255.0,0.05787627551020408,867.3492359473576,224,224,1.0,./dataset_bone_type/ulna/ulna_fractured_040_rot10.jpg,1,fractured
187.4485411352041,84.59805233837815,1.0,255.0,254.0,0.09115911989795919,4619.4540019132655,224,224,1.0,./dataset_bone_type/ulna/mnf_ulna_fractured_002_rot20_rot10.jpg,1,fractured
108.10590720663265,97.84804433485591,0.0,255.0,255.0,0.046755420918367346,783.2004646641271,224,224,1.0,./dataset_bone_type/ulna/ulna_fractured_057_rot10.jpg,1,fractured
54.072245695153065,58.01922312217834,0.0,250.0,250.0,0.02574936224489796,95.74876962389264,224,224,1.0,./dataset_bone_type/ulna/ulna_normal_100.jpg,0,not_fractured
107.35674426020408,102.58366482232807,0.0,255.0,255.0,0.04396524234693878,805.832639409025,224,224,1.0,./dataset_bone_type/ulna/ulna_fractured_021_rot10.jpg,1,fractured
50.06525031887755,56.93474315990326,0.0,243.0,243.0,0.037806919642857144,202.77384178125078,224,224,1.0,./dataset_bone_type/ulna/ulna_normal_048.jpg,0,not_fractured
107.61419802295919,102.16215063919132,0.0,255.0,255.0,0.046177455357142856,850.0531473457688,224,224,1.0,./dataset_bone_type/ulna/ulna_normal_034_rot-10.jpg,0,not_fractured
143.72385204081633,78.21041958984388,0.0,255.0,255.0,0.035475127551020405,639.1910179166782,224,224,1.0,./dataset_bone_type/ulna/ulna_normal_012_rot10.jpg,0,not_fractured
115.63002232142857,92.84996020194113,0.0,255.0,255.0,0.050302933673469385,839.0275339716824,224,224,1.0,./dataset_bone_type/ulna/ulna_normal_099_rot10.jpg,0,not_fractured
66.17729591836735,56.06766699583914,0.0,240.0,240.0,0.0382453762755102,204.63649856483175,224,224,1.0,./dataset_bone_type/ulna/ulna_fractured_012.jpg,1,fractured
116.21659757653062,102.94859099930602,0.0,255.0,255.0,0.04272959183673469,786.9895312743403,224,224,1.0,./dataset_bone_type/ulna/ulna_normal_045_rot-10.jpg,0,not_fractured
168.30612244897958,87.54989602773466,12.0,255.0,243.0,0.04731345663265306,1574.3806202168366,224,224,1.0,./dataset_bone_type/ulna/mnf_ulna_fractured_004_rot10_rot10.jpg,1,fractured
174.94632892219389,80.15485730278894,1.0,255.0,254.0,0.06949537627551021,1777.899752869898,224,224,1.0,./dataset_bone_type/ulna/mnf_ulna_fractured_003_rot10_rot10.jpg,1,fractured
103.48150510204081,99.41950803008358,0.0,255.0,255.0,0.05666055484693878,847.6405596544423,224,224,1.0,./dataset_bone_type/ulna/ulna_fractured_007_rot-10.jpg,1,fractured
174.82204639668367,80.47389510154713,2.0,255.0,253.0,0.06544961734693877,1275.9341517857142,224,224,1.0,./dataset_bone_type/ulna/mnf_ulna_fractured_003_rot-10_rot10.jpg,1,fractured
103.22859534438776,99.65167751813678,0.0,255.0,255.0,0.06036750637755102,850.59962374883,224,224,1.0,./dataset_bone_type/ulna/ulna_fractured_009_rot-10.jpg,1,fractured
47.557338169642854,40.83838021702279,0.0,243.0,243.0,0.024553571428571428,97.73857643543707,224,224,1.0,./dataset_bone_type/ulna/ulna_normal_069.jpg,0,not_fractured
97.65854193239795,102.04128831831899,0.0,255.0,255.0,0.04681521045918367,895.1245718069841,224,224,1.0,./dataset_bone_type/ulna/ulna_fractured_045_rot10.jpg,1,fractured
69.35078523596938,50.21339682400212,12.0,255.0,243.0,0.04982461734693878,505.79277616855956,224,224,1.0,./dataset_bone_type/ulna/mnf_ulna_normal_003.jpg,0,not_fractured
80.35499043367346,45.67088762756817,0.0,246.0,246.0,0.04418447066326531,313.57884674358246,224,224,1.0,./dataset_bone_type/ulna/ulna_fractured_053.jpg,1,fractured
117.92759486607143,89.75453100596035,0.0,255.0,255.0,0.04984454719387755,728.0944021289323,224,224,1.0,./dataset_bone_type/ulna/ulna_normal_063_rot-10.jpg,0,not_fractured
194.72875478316325,84.24619353236713,6.0,255.0,249.0,0.07716836734693877,3707.345623405612,224,224,1.0,./dataset_bone_type/ulna/mnf_ulna_fractured_001_rot30_rot10.jpg,1,fractured
162.41629464285714,89.01183982983824,2.0,255.0,253.0,0.08358577806122448,3424.3899121457266,224,224,1.0,./dataset_bone_type/ulna/mnf_ulna_fractured_001_rot20.jpg,1,fractured
138.8416972257653,83.638269020013,0.0,255.0,255.0,0.044064891581632654,713.0092975722904,224,224,1.0,./dataset_bone_type/ulna/ulna_normal_014_rot10.jpg,0,not_fractured
56.38647959183673,61.24906701375708,0.0,245.0,245.0,0.0244937818877551,115.96954788301747,224,224,1.0,./dataset_bone_type/ulna/ulna_fractured_037.jpg,1,fractured
116.19872050382654,102.957012368482,0.0,255.0,255.0,0.04836973852040816,791.0856437917454,224,224,1.0,./dataset_bone_type/ulna/ulna_normal_045_rot10.jpg,0,not_fractured
184.39289700255102,85.88976485334405,14.0,255.0,241.0,0.05229591836734694,1849.5101642219388,224,224,1.0,./dataset_bone_type/ulna/mnf_ulna_fractured_004_rot-20_rot-10.jpg,1,fractured
162.83868781887756,84.6763369425622,19.0,255.0,236.0,0.07029257015306123,2585.0264447651916,224,224,1.0,./dataset_bone_type/ulna/mnf_ulna_fractured_006_rot-20.jpg,1,fractured
102.53924186862245,97.8335355808358,0.0,255.0,255.0,0.04530054209183673,840.5552062793654,224,224,1.0,./dataset_bone_type/ulna/ulna_normal_083_rot-10.jpg,0,not_fractured
171.1232461734694,88.91953547996391,8.0,255.0,247.0,0.07957987882653061,2206.9737723214284,224,224,1.0,./dataset_bone_type/ulna/mnf_ulna_fractured_001_rot-10_rot10.jpg,1,fractured
179.17360889668367,91.3438675682011,18.0,255.0,237.0,0.04017857142857143,1155.2297512755101,224,224,1.0,./dataset_bone_type/ulna/mnf_ulna_fractured_005_rot20_rot-10.jpg,1,fractured
174.10239955357142,84.89648651255136,17.0,255.0,238.0,0.06782126913265306,2982.8958596952857,224,224,1.0,./dataset_bone_type/ulna/mnf_ulna_fractured_006_rot30.jpg,1,fractured
111.62711256377551,100.81235304301552,0.0,255.0,255.0,0.040896045918367346,829.0305867590341,224,224,1.0,./dataset_bone_type/ulna/ulna_normal_040_rot-10.jpg,0,not_fractured
99.45994100765306,99.69755278080406,0.0,255.0,255.0,0.03882334183673469,784.6496078049527,224,224,1.0,./dataset_bone_type/ulna/ulna_normal_095_rot-10.jpg,0,not_fractured
120.59576291454081,99.30372976359774,0.0,255.0,255.0,0.045240752551020405,811.964118664784,224,224,1.0,./dataset_bone_type/ulna/ulna_fractured_080_rot-10.jpg,1,fractured
100.90838249362245,101.61999626780397,0.0,255.0,255.0,0.037189094387755105,798.9801243865852,224,224,1.0,./dataset_bone_type/ulna/ulna_fractured_070_rot-10.jpg,1,fractured
72.47104193239795,55.38344995660831,0.0,245.0,245.0,0.08260921556122448,671.795989899673,224,224,1.0,./dataset_bone_type/ulna/ulna_fractured_011.jpg,1,fractured
108.70756935586735,103.35168712974426,0.0,255.0,255.0,0.038185586734693876,844.2872213433554,224,224,1.0,./dataset_bone_type/ulna/ulna_fractured_091_rot-10.jpg,1,fractured
111.47905373086735,100.79518798824398,0.0,255.0,255.0,0.04107541454081633,798.8601027381068,224,224,1.0,./dataset_bone_type/ulna/ulna_normal_039_rot10.jpg,0,not_fractured
101.9819036989796,102.69557832452718,0.0,255.0,255.0,0.05135921556122449,896.7615599145695,224,224,1.0,./dataset_bone_type/ulna/ulna_fractured_039_rot10.jpg,1,fractured
112.66607541454081,104.28089080523192,0.0,255.0,255.0,0.04663584183673469,827.6967618228097,224,224,1.0,./dataset_bone_type/ulna/ulna_normal_046_rot-10.jpg,0,not_fractured
100.474609375,101.96439279183689,0.0,255.0,255.0,0.04336734693877551,830.6504806080046,224,224,1.0,./dataset_bone_type/ulna/ulna_fractured_071_rot10.jpg,1,fractured
99.26751833545919,103.05692423955306,0.0,255.0,255.0,0.04079639668367347,807.4179652478982,224,224,1.0,./dataset_bone_type/ulna/ulna_normal_052_rot10.jpg,0,not_fractured
63.26990991709184,47.672558394320205,0.0,243.0,243.0,0.02409518494897959,107.77392059502529,224,224,1.0,./dataset_bone_type/ulna/ulna_fractured_064.jpg,1,fractured
65.26969068877551,71.58403596967622,0.0,247.0,247.0,0.036232461734693876,150.30215298359911,224,224,1.0,./dataset_bone_type/ulna/ulna_normal_045.jpg,0,not_fractured
111.47733976403062,100.79291710224753,0.0,255.0,255.0,0.042311065051020405,802.5966342717893,224,224,1.0,./dataset_bone_type/ulna/ulna_normal_039_rot-10.jpg,0,not_fractured
113.66055484693878,93.97375854208624,0.0,255.0,255.0,0.027762276785714284,770.6936129069934,224,224,1.0,./dataset_bone_type/ulna/ulna_fractured_063_rot-10.jpg,1,fractured
189.5721061862245,78.7930727686318,1.0,255.0,254.0,0.06983418367346939,2117.9229512117345,224,224,1.0,./dataset_bone_type/ulna/mnf_ulna_fractured_003_rot-20_rot-10.jpg,1,fractured
103.10758131377551,98.43314892352434,0.0,255.0,255.0,0.03752790178571429,718.7385347819935,224,224,1.0,./dataset_bone_type/ulna/ulna_fractured_089_rot-10.jpg,1,fractured
128.74087213010205,86.78358210603666,8.0,255.0,247.0,0.05112005739795918,1500.1085752954289,224,224,1.0,./dataset_bone_type/ulna/mnf_ulna_fractured_005_rot-10.jpg,1,fractured
118.73875956632654,92.21891864083693,0.0,255.0,255.0,0.04888791454081633,829.2167713891364,224,224,1.0,./dataset_bone_type/ulna/ulna_fractured_056_rot-10.jpg,1,fractured
95.35612643494898,105.72166749391157,0.0,255.0,255.0,0.05395009566326531,930.6134152029117,224,224,1.0,./dataset_bone_type/ulna/ulna_fractured_051_rot-10.jpg,1,fractured
109.85124362244898,101.71110710283074,0.0,255.0,255.0,0.04944595025510204,761.3412491029026,224,224,1.0,./dataset_bone_type/ulna/ulna_normal_042_rot10.jpg,0,not_fractured
108.01580436862245,100.87812831681008,0.0,255.0,255.0,0.03850446428571429,759.9453626233109,224,224,1.0,./dataset_bone_type/ulna/ulna_normal_100_rot10.jpg,0,not_fractured
127.1944355867347,85.53100721074044,0.0,255.0,255.0,0.05080117984693878,797.5224937679667,224,224,1.0,./dataset_bone_type/ulna/ulna_fractured_053_rot10.jpg,1,fractured
107.43708147321429,97.81094812029025,0.0,255.0,255.0,0.07065130739795919,1096.427429871279,224,224,1.0,./dataset_bone_type/ulna/ulna_fractured_026_rot-10.jpg,1,fractured
53.97901387117347,60.57032612854553,0.0,244.0,244.0,0.030393016581632654,195.86757761237527,224,224,1.0,./dataset_bone_type/ulna/ulna_normal_033.jpg,0,not_fractured
102.11065051020408,103.09569288921058,0.0,255.0,255.0,0.043068399234693876,847.6281193197394,224,224,1.0,./dataset_bone_type/ulna/ulna_normal_019_rot10.jpg,0,not_fractured
103.11377949617346,98.4322386260813,0.0,255.0,255.0,0.04352678571428571,718.8222799988303,224,224,1.0,./dataset_bone_type/ulna/ulna_fractured_089_rot10.jpg,1,fractured
71.88062021683673,53.00095265976237,0.0,213.0,213.0,0.04356664540816327,128.3049039256816,224,224,1.0,./dataset_bone_type/ulna/ulna_normal_093.jpg,0,not_fractured
73.18753985969387,41.907496065039865,0.0,201.0,201.0,0.033482142857142856,107.91672240848692,224,224,1.0,./dataset_bone_type/ulna/ulna_normal_015.jpg,0,not_fractured
108.25275031887755,102.03543425379485,0.0,255.0,255.0,0.04538026147959184,804.9042244370606,224,224,1.0,./dataset_bone_type/ulna/ulna_fractured_020_rot10.jpg,1,fractured
97.66436144770408,102.04468196808479,0.0,255.0,255.0,0.0506218112244898,899.9456058916873,224,224,1.0,./dataset_bone_type/ulna/ulna_fractured_045_rot-10.jpg,1,fractured
58.21153539540816,70.13925720347024,0.0,245.0,245.0,0.03469786352040816,160.82137424734324,224,224,1.0,./dataset_bone_type/ulna/ulna_normal_047.jpg,0,not_fractured
107.82744738520408,98.87793173926072,0.0,255.0,255.0,0.048170440051020405,827.6603658120864,224,224,1.0,./dataset_bone_type/ulna/ulna_fractured_072_rot10.jpg,1,fractured
130.8312539859694,85.28203185139525,0.0,255.0,255.0,0.054807079081632654,764.511980492887,224,224,1.0,./dataset_bone_type/ulna/ulna_fractured_003_rot-10.jpg,1,fractured
104.16304607780613,47.721297636249176,0.0,249.0,249.0,0.03457828443877551,159.07871270765617,224,224,1.0,./dataset_bone_type/ulna/ulna_normal_011.jpg,0,not_fractured
95.66980229591837,105.61542826645803,0.0,255.0,255.0,0.057338169642857144,917.9630644376056,224,224,1.0,./dataset_bone_type/ulna/ulna_fractured_050_rot-10.jpg,1,fractured
99.45707110969387,99.6924179432703,0.0,255.0,255.0,0.03762755102040816,784.4744203401476,224,224,1.0,./dataset_bone_type/ulna/ulna_normal_095_rot10.jpg,0,not_fractured
121.98457429846938,87.07234550997782,0.0,255.0,255.0,0.0390625,709.5980651105557,224,224,1.0,./dataset_bone_type/ulna/ulna_normal_015_rot10.jpg,0,not_fractured
106.90248325892857,100.30884584014714,0.0,255.0,255.0,0.03380102040816327,855.8663648202588,224,224,1.0,./dataset_bone_type/ulna/ulna_normal_071_rot-10.jpg,0,not_fractured
66.31248007015306,52.72950126287487,0.0,208.0,208.0,0.054807079081632654,138.69496261830233,224,224,1.0,./dataset_bone_type/ulna/ulna_fractured_083.jpg,1,fractured
195.5217833227041,82.35492958308453,0.0,255.0,255.0,0.08932557397959184,5003.824298469388,224,224,1.0,./dataset_bone_type/ulna/mnf_ulna_fractured_002_rot-30_rot-10.jpg,1,fractured
98.83470184948979,103.52785230703452,0.0,255.0,255.0,0.04575892857142857,939.1903030791912,224,224,1.0,./dataset_bone_type/ulna/ulna_normal_073_rot10.jpg,0,not_fractured
166.72809709821428,79.76589074276514,2.0,255.0,253.0,0.07001355229591837,1930.2477752736388,224,224,1.0,./dataset_bone_type/ulna/mnf_ulna_fractured_003_rot-20.jpg,1,fractured
103.81632653061224,96.80447104109624,0.0,255.0,255.0,0.03669084821428571,736.6394614581513,224,224,1.0,./dataset_bone_type/ulna/ulna_normal_067_rot10.jpg,0,not_fractured
100.81118463010205,103.853221101068,0.0,255.0,255.0,0.03762755102040816,798.7405277666873,224,224,1.0,./dataset_bone_type/ulna/ulna_normal_038_rot-10.jpg,0,not_fractured
168.2997050382653,87.5526994903684,8.0,255.0,247.0,0.05123963647959184,1570.1101721938776,224,224,1.0,./dataset_bone_type/ulna/mnf_ulna_fractured_004_rot-10_rot-10.jpg,1,fractured
47.90698740433673,41.194094022063766,0.0,240.0,240.0,0.035076530612244895,172.54335132552802,224,224,1.0,./dataset_bone_type/ulna/ulna_normal_064.jpg,0,not_fractured
112.55155851403062,92.35275557132874,0.0,255.0,255.0,0.04984454719387755,907.709995241177,224,224,1.0,./dataset_bone_type/ulna/ulna_normal_028_rot-10.jpg,0,not_fractured
43.869897959183675,54.91369197317543,0.0,241.0,241.0,0.03280452806122449,192.34953752928402,224,224,1.0,./dataset_bone_type/ulna/ulna_normal_049.jpg,0,not_fractured
103.2607421875,102.39885499566705,0.0,255.0,255.0,0.051259566326530615,860.6506825434768,224,224,1.0,./dataset_bone_type/ulna/ulna_fractured_038_rot10.jpg,1,fractured
110.93783880739795,95.96379819701868,0.0,255.0,255.0,0.03952088647959184,800.5115640168387,224,224,1.0,./dataset_bone_type/ulna/ulna_fractured_065_rot10.jpg,1,fractured
52.19154575892857,52.30752955124266,0.0,234.0,234.0,0.04763233418367347,167.82919120192778,224,224,1.0,./dataset_bone_type/ulna/ulna_normal_091.jpg,0,not_fractured
197.57754703443877,76.84387465450081,1.0,255.0,254.0,0.06975446428571429,2292.6796875,224,224,1.0,./dataset_bone_type/ulna/mnf_ulna_fractured_003_rot-30_rot-10.jpg,1,fractured
101.99838568239795,102.69126599216618,0.0,255.0,255.0,0.04643654336734694,888.5774617590341,224,224,1.0,./dataset_bone_type/ulna/ulna_fractured_039_rot-10.jpg,1,fractured
102.09556361607143,103.09832454663653,0.0,255.0,255.0,0.0476921237244898,858.0973118865852,224,224,1.0,./dataset_bone_type/ulna/ulna_normal_019_rot-10.jpg,0,not_fractured
116.5199896364796,102.84603327264004,0.0,255.0,255.0,0.05275430484693878,868.4484564333546,224,224,1.0,./dataset_bone_type/ulna/ulna_normal_044_rot10.jpg,0,not_fractured
111.4634088010204,95.22071387809511,0.0,255.0,255.0,0.047353316326530615,860.5610202088648,224,224,1.0,./dataset_bone_type/ulna/ulna_fractured_014_rot-10.jpg,1,fractured
34.255939094387756,44.66483682807924,0.0,252.0,252.0,0.053212691326530615,596.6259611380791,224,224,1.0,./dataset_bone_type/ulna/ulna_fractured_010.jpg,1,fractured
72.16312579719387,50.10097739935792,0.0,243.0,243.0,0.05121970663265306,268.1298290715025,224,224,1.0,./dataset_bone_type/ulna/ulna_fractured_055.jpg,1,fractured
111.46195392219387,95.21753312640003,0.0,255.0,255.0,0.04466278698979592,863.6078788124985,224,224,1.0,./dataset_bone_type/ulna/ulna_fractured_014_rot10.jpg,1,fractured
132.6751634247449,94.75089000164438,6.0,255.0,249.0,0.05391023596938776,1236.4426443853858,224,224,1.0,./dataset_bone_type/ulna/mnf_ulna_normal_008_rot10.jpg,0,not_fractured
120.14172114158163,99.24912842641223,0.0,255.0,255.0,0.04023836096938776,823.6749544600456,224,224,1.0,./dataset_bone_type/ulna/ulna_fractured_079_rot10.jpg,1,fractured
121.10883689413265,89.55094763658748,7.0,255.0,248.0,0.04842952806122449,1409.933322647123,224,224,1.0,./dataset_bone_type/ulna/mnf_ulna_normal_006_rot10.jpg,0,not_fractured
195.5234972895408,82.3460690357013,0.0,255.0,255.0,0.09066087372448979,5016.63743622449,224,224,1.0,./dataset_bone_type/ulna/mnf_ulna_fractured_002_rot30_rot10.jpg,1,fractured
111.17368861607143,96.18892751072693,0.0,255.0,255.0,0.05038265306122449,863.889363863626,224,224,1.0,./dataset_bone_type/ulna/ulna_fractured_017_rot-10.jpg,1,fractured
128.8088926977041,86.58736893097075,0.0,255.0,255.0,0.05319276147959184,841.4237500289638,224,224,1.0,./dataset_bone_type/ulna/ulna_normal_057_rot10.jpg,0,not_fractured
188.56901705994898,89.0600754899497,17.0,255.0,238.0,0.0382453762755102,1480.646484375,224,224,1.0,./dataset_bone_type/ulna/mnf_ulna_fractured_005_rot30_rot-10.jpg,1,fractured
118.97592474489795,93.04860250961208,0.0,255.0,255.0,0.04185267857142857,745.0338511437191,224,224,1.0,./dataset_bone_type/ulna/ulna_normal_066_rot10.jpg,0,not_fractured
107.72094228316327,95.88539067037304,0.0,255.0,255.0,0.03216677295918367,720.306969766168,224,224,1.0,./dataset_bone_type/ulna/ulna_normal_058_rot10.jpg,0,not_fractured
142.89760044642858,79.28160204293738,0.0,255.0,255.0,0.03892299107142857,666.1322248682087,224,224,1.0,./dataset_bone_type/ulna/ulna_normal_013_rot10.jpg,0,not_fractured
123.32826450892857,97.18660571920175,1.0,255.0,254.0,0.10654496173469388,3068.779950902145,224,224,1.0,./dataset_bone_type/ulna/ulna_fractured_029_rot-10.jpg,1,fractured
34.36772560586735,45.66044543585261,0.0,223.0,223.0,0.024174904336734693,79.94806771077796,224,224,1.0,./dataset_bone_type/ulna/ulna_normal_031.jpg,0,not_fractured
121.46406648596938,92.54715333363916,0.0,255.0,255.0,0.06076610331632653,896.3365497692382,224,224,1.0,./dataset_bone_type/ulna/ulna_fractured_011_rot-10.jpg,1,fractured
175.03372130102042,86.52137977306876,1.0,255.0,254.0,0.10204081632653061,4995.184430733268,224,224,1.0,./dataset_bone_type/ulna/mnf_ulna_fractured_002_rot30.jpg,1,fractured
103.26399075255102,102.39299467399411,0.0,255.0,255.0,0.043068399234693876,849.3380245779117,224,224,1.0,./dataset_bone_type/ulna/ulna_fractured_038_rot-10.jpg,1,fractured
170.8180604272959,88.90656641940491,5.0,255.0,250.0,0.07842394770408163,3194.635323660714,224,224,1.0,./dataset_bone_type/ulna/mnf_ulna_fractured_001_rot10_rot10.jpg,1,fractured
128.88448660714286,88.9363966369836,0.0,255.0,255.0,0.053232621173469385,729.1659763686511,224,224,1.0,./dataset_bone_type/ulna/ulna_normal_003_rot10.jpg,0,not_fractured
115.62713249362245,92.85802680531178,0.0,255.0,255.0,0.05161830357142857,835.8577290300228,224,224,1.0,./dataset_bone_type/ulna/ulna_normal_099_rot-10.jpg,0,not_fractured
77.66372369260205,68.30636096805253,2.0,255.0,253.0,0.11059072066326531,1362.3227788185586,224,224,1.0,./dataset_bone_type/ulna/ulna_fractured_029.jpg,1,fractured
107.91013632015306,101.35949725726154,0.0,255.0,255.0,0.040357940051020405,740.439423528923,224,224,1.0,./dataset_bone_type/ulna/ulna_normal_023_rot10.jpg,0,not_fractured
53.08023756377551,51.06653537130522,0.0,247.0,247.0,0.0657485650510204,363.9336808652294,224,224,1.0,./dataset_bone_type/ulna/ulna_fractured_060.jpg,1,fractured
112.98178411989795,90.2485877136973,0.0,255.0,255.0,0.034259406887755105,782.4833667851249,224,224,1.0,./dataset_bone_type/ulna/ulna_normal_036_rot-10.jpg,0,not_fractured
124.25468351403062,101.88222832588735,0.0,255.0,255.0,0.06343670280612244,1181.0179442580866,224,224,1.0,./dataset_bone_type/ulna/ulna_fractured_094_rot10.jpg,1,fractured
119.04805086096938,88.6640153622906,0.0,255.0,255.0,0.03806600765306122,712.9076952125965,224,224,1.0,./dataset_bone_type/ulna/ulna_normal_062_rot10.jpg,0,not_fractured
137.42699697066325,82.2784649019969,14.0,255.0,241.0,0.05123963647959184,1372.9360462889379,224,224,1.0,./dataset_bone_type/ulna/mnf_ulna_fractured_004_rot10.jpg,1,fractured
101.78097098214286,50.5063425953688,0.0,250.0,250.0,0.029157366071428572,175.90165850541234,224,224,1.0,./dataset_bone_type/ulna/ulna_normal_013.jpg,0,not_fractured
58.00414540816327,62.56253872684711,0.0,242.0,242.0,0.04017857142857143,133.64571088872717,224,224,1.0,./dataset_bone_type/ulna/ulna_normal_041.jpg,0,not_fractured
173.87346540178572,88.7163470562753,3.0,255.0,252.0,0.08910634566326531,3800.786982185193,224,224,1.0,./dataset_bone_type/ulna/mnf_ulna_fractured_001_rot-30.jpg,1,fractured
111.05861367984694,104.74125167972389,0.0,255.0,255.0,0.04486208545918367,829.7298013988211,224,224,1.0,./dataset_bone_type/ulna/ulna_normal_047_rot10.jpg,0,not_fractured
97.1319355867347,102.52744396264694,0.0,255.0,255.0,0.05213647959183673,889.5678514625965,224,224,1.0,./dataset_bone_type/ulna/ulna_fractured_048_rot10.jpg,1,fractured
122.3680644132653,97.60977685904672,0.0,255.0,255.0,0.044423628826530615,805.8492749129568,224,224,1.0,./dataset_bone_type/ulna/ulna_fractured_078_rot10.jpg,1,fractured
113.83611686862245,93.73516479018957,0.0,255.0,255.0,0.030572385204081634,802.2895510799435,224,224,1.0,./dataset_bone_type/ulna/ulna_fractured_062_rot10.jpg,1,fractured
165.5129544005102,92.90966852107623,11.0,255.0,244.0,0.04978475765306122,2334.8361474354533,224,224,1.0,./dataset_bone_type/ulna/mnf_ulna_fractured_005_rot30.jpg,1,fractured
100.71623883928571,101.88388825636918,0.0,255.0,255.0,0.04613759566326531,852.6483680442292,224,224,1.0,./dataset_bone_type/ulna/ulna_fractured_068_rot10.jpg,1,fractured
128.48680644132654,98.22643180433484,0.0,255.0,255.0,0.04966517857142857,826.5748667687191,224,224,1.0,./dataset_bone_type/ulna/ulna_fractured_076_rot10.jpg,1,fractured
197.5715481505102,76.85143329949116,4.0,255.0,251.0,0.06915656887755102,2285.0206871811224,224,224,1.0,./dataset_bone_type/ulna/mnf_ulna_fractured_003_rot30_rot10.jpg,1,fractured
46.44150589923469,41.93430405029422,0.0,235.0,235.0,0.04145408163265306,129.35506675780587,224,224,1.0,./dataset_bone_type/ulna/ulna_normal_084.jpg,0,not_fractured
105.08282844387755,101.93218273603061,0.0,255.0,255.0,0.045818718112244895,868.7799627672678,224,224,1.0,./dataset_bone_type/ulna/ulna_normal_048_rot10.jpg,0,not_fractured
193.03374123086735,83.71100693743682,13.0,255.0,242.0,0.05129942602040816,1999.771484375,224,224,1.0,./dataset_bone_type/ulna/mnf_ulna_fractured_004_rot-30_rot-10.jpg,1,fractured
117.61047114158163,93.55327975177089,0.0,255.0,255.0,0.04446348852040816,692.0980651105557,224,224,1.0,./dataset_bone_type/ulna/ulna_fractured_084_rot10.jpg,1,fractured
97.59669961734694,101.48607768514924,0.0,255.0,255.0,0.03607302295918367,790.4250341794333,224,224,1.0,./dataset_bone_type/ulna/ulna_normal_026_rot10.jpg,0,not_fractured
60.49559550382653,60.37326876495689,0.0,238.0,238.0,0.03326291454081633,79.32800988185808,224,224,1.0,./dataset_bone_type/ulna/ulna_normal_022.jpg,0,not_fractured
47.86507493622449,48.02230847133382,0.0,241.0,241.0,0.05508609693877551,163.7974167140212,224,224,1.0,./dataset_bone_type/ulna/ulna_fractured_007.jpg,1,fractured
58.963169642857146,62.423912221152726,0.0,228.0,228.0,0.03529575892857143,91.74163293262562,224,224,1.0,./dataset_bone_type/ulna/ulna_normal_040.jpg,0,not_fractured
97.61997767857143,102.08557507874295,0.0,255.0,255.0,0.04886798469387755,893.6906591794333,224,224,1.0,./dataset_bone_type/ulna/ulna_fractured_044_rot10.jpg,1,fractured
97.04709422831633,102.59268435448213,0.0,255.0,255.0,0.0467155612244898,882.8680787870953,224,224,1.0,./dataset_bone_type/ulna/ulna_fractured_046_rot-10.jpg,1,fractured
116.86547353316327,95.29951734372031,0.0,255.0,255.0,0.04310825892857143,819.3552041059729,224,224,1.0,./dataset_bone_type/ulna/ulna_fractured_012_rot-10.jpg,1,fractured
113.44497369260205,97.5219332497634,0.0,255.0,255.0,0.04663584183673469,790.1274320446715,224,224,1.0,./dataset_bone_type/ulna/ulna_normal_082_rot10.jpg,0,not_fractured
172.0771484375,86.70176306304137,0.0,255.0,255.0,0.0908203125,4030.7443000637754,224,224,1.0,./dataset_bone_type/ulna/mnf_ulna_fractured_002_rot10_rot10.jpg,1,fractured
117.92719626913265,89.75426200460063,0.0,255.0,255.0,0.04725366709183673,722.6451394090251,224,224,1.0,./dataset_bone_type/ulna/ulna_normal_063_rot10.jpg,0,not_fractured
114.20731026785714,96.88312379106108,0.0,255.0,255.0,0.04827008928571429,827.6961996768823,224,224,1.0,./dataset_bone_type/ulna/ulna_fractured_033_rot10.jpg,1,fractured
67.62344547193878,43.11855712435037,0.0,247.0,247.0,0.043646364795918366,144.63972815688774,224,224,1.0,./dataset_bone_type/ulna/ulna_normal_063.jpg,0,not_fractured
60.25336814413265,42.49589892680903,0.0,243.0,243.0,0.046018016581632654,287.913664392013,224,224,1.0,./dataset_bone_type/ulna/ulna_normal_028.jpg,0,not_fractured
121.60811941964286,87.24694267960652,0.0,255.0,255.0,0.04856903698979592,817.4931942559639,224,224,1.0,./dataset_bone_type/ulna/ulna_normal_016_rot10.jpg,0,not_fractured
171.6833944515306,86.84289117259365,1.0,255.0,254.0,0.09060108418367346,2523.9455516581634,224,224,1.0,./dataset_bone_type/ulna/mnf_ulna_fractured_002_rot-10_rot10.jpg,1,fractured
179.1846301020408,91.32693538932268,12.0,255.0,243.0,0.04747289540816327,1998.7591677295918,224,224,1.0,./dataset_bone_type/ulna/mnf_ulna_fractured_005_rot20_rot10.jpg,1,fractured
103.81536989795919,98.09158504101192,0.0,255.0,255.0,0.046197385204081634,738.9888261114246,224,224,1.0,./dataset_bone_type/ulna/ulna_fractured_087_rot10.jpg,1,fractured
195.51452885841837,82.35413258040204,1.0,255.0,254.0,0.0751953125,3595.5596699617345,224,224,1.0,./dataset_bone_type/ulna/mnf_ulna_fractured_002_rot30_rot-10.jpg,1,fractured
129.0945272640306,97.5230382924543,0.0,255.0,255.0,0.04805086096938776,838.0682500595353,224,224,1.0,./dataset_bone_type/ulna/ulna_fractured_077_rot10.jpg,1,fractured
123.3545918367347,97.19635015133832,0.0,255.0,255.0,0.10297751913265306,2949.331163347984,224,224,1.0,./dataset_bone_type/ulna/ulna_fractured_029_rot10.jpg,1,fractured
82.6200175382653,55.793925818950115,0.0,239.0,239.0,0.04157366071428571,136.90878086177472,224,224,1.0,./dataset_bone_type/ulna/ulna_normal_003.jpg,0,not_fractured
120.02114556760205,101.6645222042919,0.0,255.0,255.0,0.057696906887755105,863.1482346994288,224,224,1.0,./dataset_bone_type/ulna/ulna_fractured_043_rot10.jpg,1,fractured
110.56248007015306,100.26456513774566,0.0,255.0,255.0,0.04864875637755102,778.9754965518823,224,224,1.0,./dataset_bone_type/ulna/ulna_normal_024_rot-10.jpg,0,not_fractured
100.58219068877551,103.64577506376335,0.0,255.0,255.0,0.0390625,800.4014771003515,224,224,1.0,./dataset_bone_type/ulna/ulna_normal_049_rot10.jpg,0,not_fractured
122.01199776785714,90.727082589343,0.0,255.0,255.0,0.04121492346938776,820.4336837330046,224,224,1.0,./dataset_bone_type/ulna/ulna_normal_094_rot10.jpg,0,not_fractured
106.35010762117346,103.16084668599419,0.0,255.0,255.0,0.04727359693877551,825.3445217080138,224,224,1.0,./dataset_bone_type/ulna/ulna_fractured_022_rot-10.jpg,1,fractured
74.36088966836735,36.18601270302787,0.0,245.0,245.0,0.02658641581632653,97.03453942528867,224,224,1.0,./dataset_bone_type/ulna/ulna_normal_060.jpg,0,not_fractured
113.87003746811224,102.77371906709364,1.0,255.0,254.0,0.04408482142857143,2752.0898779265735,224,224,1.0,./dataset_bone_type/ulna/ulna_fractured_034_rot-10.jpg,1,fractured
103.24936224489795,97.2850616008964,0.0,255.0,255.0,0.03886320153061224,757.3972519728005,224,224,1.0,./dataset_bone_type/ulna/ulna_normal_069_rot10.jpg,0,not_fractured
58.79181281887755,48.70765087172654,0.0,243.0,243.0,0.04278938137755102,239.54294498003506,224,224,1.0,./dataset_bone_type/ulna/ulna_fractured_014.jpg,1,fractured
103.48800223214286,99.42341515484955,0.0,255.0,255.0,0.06090561224489796,849.1036056080047,224,224,1.0,./dataset_bone_type/ulna/ulna_fractured_007_rot10.jpg,1,fractured
64.5610650510204,48.35292791638997,0.0,249.0,249.0,0.04946588010204082,173.11016191755022,224,224,1.0,./dataset_bone_type/ulna/ulna_normal_099.jpg,0,not_fractured
117.61029177295919,93.55173504222698,0.0,255.0,255.0,0.05528539540816327,695.1255765165799,224,224,1.0,./dataset_bone_type/ulna/ulna_fractured_084_rot-10.jpg,1,fractured
97.13267299107143,102.53191718140269,0.0,255.0,255.0,0.05036272321428571,891.7422815932179,224,224,1.0,./dataset_bone_type/ulna/ulna_fractured_048_rot-10.jpg,1,fractured
44.07162786989796,50.56866325731705,0.0,246.0,246.0,0.037587691326530615,215.38760054404412,224,224,1.0,./dataset_bone_type/ulna/ulna_fractured_068.jpg,1,fractured
159.7489636479592,87.23785964531027,13.0,255.0,242.0,0.04665577168367347,1730.5545128453327,224,224,1.0,./dataset_bone_type/ulna/mnf_ulna_fractured_004_rot20.jpg,1,fractured
103.52654655612245,97.10357175695923,0.0,255.0,255.0,0.043466996173469385,860.8253793867367,224,224,1.0,./dataset_bone_type/ulna/ulna_normal_064_rot10.jpg,0,not_fractured
102.16617506377551,98.85930627345402,0.0,255.0,255.0,0.03910235969387755,838.6485315932179,224,224,1.0,./dataset_bone_type/ulna/ulna_normal_086_rot-10.jpg,0,not_fractured
45.77676578443877,54.82433074448485,0.0,244.0,244.0,0.04412468112244898,172.94594042006258,224,224,1.0,./dataset_bone_type/ulna/ulna_fractured_039.jpg,1,fractured
171.12430245535714,88.91912440471323,4.0,255.0,251.0,0.07989875637755102,2204.601921237245,224,224,1.0,./dataset_bone_type/ulna/mnf_ulna_fractured_001_rot10_rot-10.jpg,1,fractured
146.48963647959184,75.00995663754121,2.0,255.0,253.0,0.07384008290816327,1539.2158275760746,224,224,1.0,./dataset_bone_type/ulna/mnf_ulna_fractured_003_rot-10.jpg,1,fractured
95.28324298469387,102.26088126857155,0.0,255.0,255.0,0.03268494897959184,897.8209467530003,224,224,1.0,./dataset_bone_type/ulna/ulna_normal_072_rot-10.jpg,0,not_fractured
101.75167410714286,101.16229902177409,0.0,255.0,255.0,0.04490194515306122,838.7195436917756,224,224,1.0,./dataset_bone_type/ulna/ulna_fractured_067_rot-10.jpg,1,fractured
122.01737882653062,90.72549723823148,0.0,255.0,255.0,0.04771205357142857,822.3041561496899,224,224,1.0,./dataset_bone_type/ulna/ulna_normal_094_rot-10.jpg,0,not_fractured
127.13048070790816,89.00208127228764,0.0,255.0,255.0,0.05004384566326531,816.6252095620864,224,224,1.0,./dataset_bone_type/ulna/ulna_normal_006_rot10.jpg,0,not_fractured
107.90794403698979,103.99663753071947,0.0,255.0,255.0,0.04298867984693878,854.4475549064741,224,224,1.0,./dataset_bone_type/ulna/ulna_fractured_092_rot10.jpg,1,fractured
113.82963966836735,93.74598288160959,0.0,255.0,255.0,0.03125,804.4948724733199,224,224,1.0,./dataset_bone_type/ulna/ulna_fractured_062_rot-10.jpg,1,fractured
98.54547991071429,103.75493078771702,0.0,255.0,255.0,0.052415497448979595,955.8448804452587,224,224,1.0,./dataset_bone_type/ulna/ulna_normal_075_rot-10.jpg,0,not_fractured
142.9500956632653,83.13654820421807,0.0,255.0,255.0,0.10811941964285714,3492.7747397893463,224,224,1.0,./dataset_bone_type/ulna/mnf_ulna_fractured_002_rot10.jpg,1,fractured
187.44308035714286,84.62144981483094,0.0,255.0,255.0,0.07969945790816327,2862.705397002551,224,224,1.0,./dataset_bone_type/ulna/mnf_ulna_fractured_002_rot20_rot-10.jpg,1,fractured
47.00845025510204,55.25146638749228,0.0,239.0,239.0,0.033482142857142856,121.08139908745706,224,224,1.0,./dataset_bone_type/ulna/ulna_normal_020.jpg,0,not_fractured
116.9516900510204,93.9826811587871,0.0,255.0,255.0,0.05923150510204082,707.3001880602061,224,224,1.0,./dataset_bone_type/ulna/ulna_fractured_083_rot-10.jpg,1,fractured
54.1298828125,56.28837313450942,0.0,246.0,246.0,0.01865433673469388,97.44064626570594,224,224,1.0,./dataset_bone_type/ulna/ulna_normal_089.jpg,0,not_fractured
115.17366868622449,96.39715392737027,0.0,255.0,255.0,0.05564413265306122,810.8931505345444,224,224,1.0,./dataset_bone_type/ulna/ulna_fractured_013_rot-10.jpg,1,fractured
102.8774115114796,102.43745612351033,0.0,255.0,255.0,0.04139429209183673,829.6532350370953,224,224,1.0,./dataset_bone_type/ulna/ulna_normal_020_rot-10.jpg,0,not_fractured
110.56495137117346,100.26736781177121,0.0,255.0,255.0,0.04613759566326531,771.2697009523924,224,224,1.0,./dataset_bone_type/ulna/ulna_normal_024_rot10.jpg,0,not_fractured
104.26763791454081,98.75980750938012,0.0,255.0,255.0,0.05859375,875.7180208029821,224,224,1.0,./dataset_bone_type/ulna/ulna_fractured_006_rot-10.jpg,1,fractured
124.97383211096938,91.18835506882814,0.0,255.0,255.0,0.06002869897959184,871.3141843707598,224,224,1.0,./dataset_bone_type/ulna/ulna_fractured_002_rot10.jpg,1,fractured
120.01698022959184,99.90041094230898,0.0,255.0,255.0,0.039939413265306124,850.4517800340251,224,224,1.0,./dataset_bone_type/ulna/ulna_fractured_081_rot10.jpg,1,fractured
121.05512595663265,91.6616833169051,0.0,255.0,255.0,0.05311304209183673,838.8921100722904,224,224,1.0,./dataset_bone_type/ulna/ulna_normal_093_rot10.jpg,0,not_fractured
128.0676817602041,87.89230365774964,0.0,255.0,255.0,0.04799107142857143,810.2150972819935,224,224,1.0,./dataset_bone_type/ulna/ulna_fractured_004_rot-10.jpg,1,fractured
55.42831234056123,57.49359716102906,0.0,252.0,252.0,0.03431919642857143,132.36067735448773,224,224,1.0,./dataset_bone_type/radius/radius_normal_192.jpg,0,not_fractured
38.607641103316325,52.46396977744529,0.0,250.0,250.0,0.0421516262755102,278.01745694401563,224,224,1.0,./dataset_bone_type/radius/radius_fractured_088.jpg,1,fractured
54.0104830994898,62.24558429949668,0.0,247.0,247.0,0.0263671875,142.67237639198794,224,224,1.0,./dataset_bone_type/radius/radius_fractured_061.jpg,1,fractured
42.83840880102041,50.444698496439216,0.0,233.0,233.0,0.025111607142857144,85.13587661506433,224,224,1.0,./dataset_bone_type/radius/radius_normal_083.jpg,0,not_fractured
47.720344387755105,48.122957457410315,0.0,244.0,244.0,0.055963010204081634,178.3061098176606,224,224,1.0,./dataset_bone_type/radius/radius_fractured_014.jpg,1,fractured
56.40415736607143,38.73148655958795,0.0,232.0,232.0,0.0263671875,138.06531010841834,224,224,1.0,./dataset_bone_type/radius/radius_normal_055.jpg,0,not_fractured
58.324238679846935,60.77454696541304,0.0,245.0,245.0,0.025550063775510203,139.99817203988835,224,224,1.0,./dataset_bone_type/radius/radius_normal_134.jpg,0,not_fractured
50.71137595663265,45.9355342289478,0.0,241.0,241.0,0.04155373086734694,152.52527745035178,224,224,1.0,./dataset_bone_type/radius/radius_fractured_010.jpg,1,fractured
79.54896763392857,54.77025511311337,0.0,243.0,243.0,0.04862882653061224,131.82013588912884,224,224,1.0,./dataset_bone_type/radius/radius_normal_015.jpg,0,not_fractured
45.296875,44.29583737041913,0.0,202.0,202.0,0.0341796875,187.5828588836047,224,224,1.0,./dataset_bone_type/radius/radius_fractured_164.jpg,1,fractured
56.72534677933673,55.59784148469807,7.0,250.0,243.0,0.034279336734693876,1087.1955777966245,224,224,1.0,./dataset_bone_type/radius/radius_normal_124.jpg,0,not_fractured
76.46163504464286,57.65091527699806,0.0,244.0,244.0,0.05542490433673469,255.45325112332904,224,224,1.0,./dataset_bone_type/radius/radius_normal_020.jpg,0,not_fractured
48.927375637755105,58.675552142785,0.0,235.0,235.0,0.03220663265306122,120.52207344782845,224,224,1.0,./dataset_bone_type/radius/radius_normal_082.jpg,0,not_fractured
102.84540417729592,48.840658401683314,0.0,250.0,250.0,0.029575892857142856,176.24185629617864,224,224,1.0,./dataset_bone_type/radius/radius_normal_022.jpg,0,not_fractured
78.26702008928571,39.65778165434694,0.0,227.0,227.0,0.03607302295918367,140.00404824857065,224,224,1.0,./dataset_bone_type/radius/radius_normal_103.jpg,0,not_fractured
45.77333785076531,54.83154520199314,0.0,244.0,244.0,0.03962053571428571,180.71609845969738,224,224,1.0,./dataset_bone_type/radius/radius_fractured_067.jpg,1,fractured
82.59628109056122,55.6311018469588,0.0,225.0,225.0,0.03828523596938776,142.38438183205767,224,224,1.0,./dataset_bone_type/radius/radius_normal_006.jpg,0,not_fractured
63.51279496173469,53.35467903628007,0.0,239.0,239.0,0.046177455357142856,178.5983894329079,224,224,1.0,./dataset_bone_type/radius/radius_normal_187.jpg,0,not_fractured
39.768873565051024,44.23786626767538,0.0,205.0,205.0,0.02268016581632653,48.26111831251953,224,224,1.0,./dataset_bone_type/radius/radius_normal_038.jpg,0,not_fractured
53.9723971619898,44.496663029583274,0.0,237.0,237.0,0.05072146045918367,318.20904261228793,224,224,1.0,./dataset_bone_type/radius/radius_fractured_166.jpg,1,fractured
56.13456632653061,62.515791596866514,0.0,225.0,225.0,0.030113998724489797,96.32210351347378,224,224,1.0,./dataset_bone_type/radius/radius_normal_065.jpg,0,not_fractured
66.51349250637755,41.96692498956556,0.0,244.0,244.0,0.07108976403061225,599.855407333533,224,224,1.0,./dataset_bone_type/radius/radius_fractured_033.jpg,1,fractured
36.258430325255105,59.56816456423202,0.0,239.0,239.0,0.056341677295918366,2371.506567772703,224,224,1.0,./dataset_bone_type/radius/radius_fractured_184.jpg,1,fractured
39.47967155612245,43.25623684704479,0.0,245.0,245.0,0.02919722576530612,145.5024097256738,224,224,1.0,./dataset_bone_type/radius/radius_normal_141.jpg,0,not_fractured
41.74603396045919,46.45080955893672,8.0,246.0,238.0,0.0587531887755102,1256.7044802295918,224,224,1.0,./dataset_bone_type/radius/radius_fractured_081.jpg,1,fractured
39.9794921875,52.80267763867241,0.0,231.0,231.0,0.036989795918367346,165.4273369839568,224,224,1.0,./dataset_bone_type/radius/radius_normal_089.jpg,0,not_fractured
57.28714923469388,37.87153500902048,0.0,179.0,179.0,0.018255739795918366,56.555876439534245,224,224,1.0,./dataset_bone_type/radius/radius_normal_052.jpg,0,not_fractured
53.675362723214285,54.46546269648168,0.0,247.0,247.0,0.02867904974489796,314.0170928672273,224,224,1.0,./dataset_bone_type/radius/radius_normal_125.jpg,0,not_fractured
55.16137197066327,62.00100586586621,0.0,248.0,248.0,0.03107063137755102,160.872958769554,224,224,1.0,./dataset_bone_type/radius/radius_fractured_058.jpg,1,fractured
55.23824139030612,61.09414815727366,0.0,240.0,240.0,0.03394052933673469,107.87715996031659,224,224,1.0,./dataset_bone_type/radius/radius_normal_050.jpg,0,not_fractured
71.56499123086735,68.08959949904927,0.0,244.0,244.0,0.030253507653061226,145.16775386703853,224,224,1.0,./dataset_bone_type/radius/radius_fractured_150.jpg,1,fractured
47.87286750637755,56.58712784497554,0.0,244.0,244.0,0.02800143494897959,117.9519952458672,224,224,1.0,./dataset_bone_type/radius/radius_fractured_126.jpg,1,fractured
70.34542410714286,69.58530604968294,0.0,247.0,247.0,0.03372130102040816,131.04339533356617,224,224,1.0,./dataset_bone_type/radius/radius_fractured_155.jpg,1,fractured
56.86328125,62.157342913037304,0.0,223.0,223.0,0.03511639030612245,109.50998444022957,224,224,1.0,./dataset_bone_type/radius/radius_normal_064.jpg,0,not_fractured
80.67133689413265,55.51837389637129,0.0,248.0,248.0,0.06457270408163265,787.6736438501781,224,224,1.0,./dataset_bone_type/radius/radius_fractured_004.jpg,1,fractured
70.97600446428571,55.818819900474544,0.0,246.0,246.0,0.07987882653061225,634.5540272090298,224,224,1.0,./dataset_bone_type/radius/radius_fractured_018.jpg,1,fractured
73.09123883928571,56.98716168883309,0.0,248.0,248.0,0.04434390943877551,264.492025448848,224,224,1.0,./dataset_bone_type/radius/radius_normal_137.jpg,0,not_fractured
61.48066804846939,44.087842176798155,0.0,233.0,233.0,0.06816007653061225,258.4845239257177,224,224,1.0,./dataset_bone_type/radius/radius_fractured_034.jpg,1,fractured
54.390943877551024,44.76067739311736,16.0,242.0,226.0,0.05606265943877551,580.6933869310639,224,224,1.0,./dataset_bone_type/radius/radius_fractured_163.jpg,1,fractured
80.43947305484694,54.16620681910478,0.0,241.0,241.0,0.05181760204081633,178.9736343913652,224,224,1.0,./dataset_bone_type/radius/radius_normal_014.jpg,0,not_fractured
86.75725446428571,52.55472301345244,0.0,243.0,243.0,0.04221141581632653,184.49631514821337,224,224,1.0,./dataset_bone_type/radius/radius_normal_001.jpg,0,not_fractured
56.42916932397959,50.80097561701285,0.0,232.0,232.0,0.03479751275510204,88.4537164349697,224,224,1.0,./dataset_bone_type/radius/radius_fractured_117.jpg,1,fractured
41.39604591836735,52.15550730530192,0.0,239.0,239.0,0.03224649234693878,126.32433822739873,224,224,1.0,./dataset_bone_type/radius/radius_fractured_066.jpg,1,fractured
75.64339524872449,34.531241709524764,0.0,246.0,246.0,0.03912228954081633,218.86531915152287,224,224,1.0,./dataset_bone_type/radius/radius_normal_104.jpg,0,not_fractured
68.80239556760205,51.34304678615684,0.0,246.0,246.0,0.049485809948979595,231.51372809928438,224,224,1.0,./dataset_bone_type/radius/radius_fractured_099.jpg,1,fractured
56.11898118622449,51.03484299324013,0.0,227.0,227.0,0.034498565051020405,103.76038441465381,224,224,1.0,./dataset_bone_type/radius/radius_fractured_116.jpg,1,fractured
55.548130580357146,39.31856473648333,0.0,204.0,204.0,0.024553571428571428,96.9191595583546,224,224,1.0,./dataset_bone_type/radius/radius_normal_053.jpg,0,not_fractured
70.29695471938776,68.38956995298199,0.0,241.0,241.0,0.03551498724489796,134.3528905913811,224,224,1.0,./dataset_bone_type/radius/radius_fractured_152.jpg,1,fractured
49.93540736607143,56.3532816791738,0.0,247.0,247.0,0.033860809948979595,206.8576679221793,224,224,1.0,./dataset_bone_type/radius/radius_normal_126.jpg,0,not_fractured
45.526387117346935,49.48783869517882,0.0,244.0,244.0,0.030412946428571428,130.51034963910456,224,224,1.0,./dataset_bone_type/radius/radius_fractured_124.jpg,1,fractured
70.17749521683673,55.72607176081836,0.0,243.0,243.0,0.051259566326530615,246.37016237919053,224,224,1.0,./dataset_bone_type/radius/radius_fractured_016.jpg,1,fractured
51.82782605229592,45.76761189154899,0.0,225.0,225.0,0.03266501913265306,158.49953433644123,224,224,1.0,./dataset_bone_type/radius/radius_normal_145.jpg,0,not_fractured
57.32924107142857,51.10616110602963,0.0,227.0,227.0,0.05373086734693878,190.0235638628399,224,224,1.0,./dataset_bone_type/radius/radius_fractured_032.jpg,1,fractured
45.400370695153065,44.673582273498326,0.0,245.0,245.0,0.03746811224489796,132.61619207810384,224,224,1.0,./dataset_bone_type/radius/radius_normal_162.jpg,0,not_fractured
81.5472337372449,74.25066594325894,0.0,245.0,245.0,0.045778858418367346,175.21752522320412,224,224,1.0,./dataset_bone_type/radius/radius_fractured_142.jpg,1,fractured
44.938197544642854,62.01916494603257,0.0,255.0,255.0,0.0917171556122449,1045.0130806203586,224,224,1.0,./dataset_bone_type/radius/radius_fractured_146.jpg,1,fractured
72.18461017219387,50.60375730543568,0.0,247.0,247.0,0.05719866071428571,329.1935611075037,224,224,1.0,./dataset_bone_type/radius/radius_fractured_097.jpg,1,fractured
59.02814094387755,43.610917836200706,0.0,206.0,206.0,0.020169005102040817,89.14271017890431,224,224,1.0,./dataset_bone_type/radius/radius_normal_184.jpg,0,not_fractured
101.65066964285714,50.342303834401044,0.0,248.0,248.0,0.024433992346938774,128.82514157587167,224,224,1.0,./dataset_bone_type/radius/radius_normal_021.jpg,0,not_fractured
50.42695711096939,64.23194804821036,0.0,250.0,250.0,0.02010921556122449,90.28909566093613,224,224,1.0,./dataset_bone_type/radius/radius_normal_177.jpg,0,not_fractured
55.84361049107143,62.18261886858687,0.0,247.0,247.0,0.03228635204081633,354.02496149102035,224,224,1.0,./dataset_bone_type/radius/radius_fractured_059.jpg,1,fractured
64.11360012755102,52.38562737680566,0.0,232.0,232.0,0.036053093112244895,133.2688372499592,224,224,1.0,./dataset_bone_type/radius/radius_normal_188.jpg,0,not_fractured
38.30367107780612,52.12214836977992,0.0,232.0,232.0,0.03338249362244898,109.26315632644965,224,224,1.0,./dataset_bone_type/radius/radius_normal_091.jpg,0,not_fractured
77.00815130739795,57.768448065348714,0.0,246.0,246.0,0.06196189413265306,241.1512379672119,224,224,1.0,./dataset_bone_type/radius/radius_normal_019.jpg,0,not_fractured
53.659259406887756,62.75688746574153,0.0,248.0,248.0,0.03216677295918367,234.5313712679709,224,224,1.0,./dataset_bone_type/radius/radius_fractured_062.jpg,1,fractured
89.97259646045919,66.4576155364428,0.0,255.0,255.0,0.09418845663265306,661.8748558005508,224,224,1.0,./dataset_bone_type/radius/radius_fractured_178.jpg,1,fractured
36.691286670918366,48.074836786512705,0.0,232.0,232.0,0.024035395408163265,83.70969750850412,224,224,1.0,./dataset_bone_type/radius/radius_normal_078.jpg,0,not_fractured
46.55357142857143,51.47475333778904,0.0,235.0,235.0,0.019192442602040817,88.54429428183204,224,224,1.0,./dataset_bone_type/radius/radius_normal_158.jpg,0,not_fractured
50.307736766581634,64.37215344976265,0.0,249.0,249.0,0.022620376275510203,96.1267185791092,224,224,1.0,./dataset_bone_type/radius/radius_normal_175.jpg,0,not_fractured
64.04278938137755,55.453154269734505,0.0,251.0,251.0,0.04087611607142857,171.65193266473378,224,224,1.0,./dataset_bone_type/radius/radius_fractured_055.jpg,1,fractured
53.91571667729592,58.907299083562116,0.0,239.0,239.0,0.029356664540816327,90.1231177825324,224,224,1.0,./dataset_bone_type/radius/radius_normal_034.jpg,0,not_fractured
44.92617984693877,55.41674580920871,0.0,240.0,240.0,0.02459343112244898,86.39926954529177,224,224,1.0,./dataset_bone_type/radius/radius_normal_061.jpg,0,not_fractured
74.91129225127551,37.256175911263085,22.0,243.0,221.0,0.04340720663265306,450.91767526775146,224,224,1.0,./dataset_bone_type/radius/radius_normal_085.jpg,0,not_fractured
69.30375079719387,55.118160978075,0.0,209.0,209.0,0.0555046237244898,116.83365912598305,224,224,1.0,./dataset_bone_type/radius/radius_normal_178.jpg,0,not_fractured
55.39365433673469,39.47836805839353,0.0,210.0,210.0,0.027642697704081634,100.39626349433668,224,224,1.0,./dataset_bone_type/radius/radius_normal_060.jpg,0,not_fractured
58.52032844387755,64.20620878227544,0.0,240.0,240.0,0.024832589285714284,109.46564135656712,224,224,1.0,./dataset_bone_type/radius/radius_normal_066.jpg,0,not_fractured
36.0537109375,48.759359026286695,0.0,230.0,230.0,0.029257015306122448,94.86005711068913,224,224,1.0,./dataset_bone_type/radius/radius_normal_079.jpg,0,not_fractured
43.250279017857146,41.20033850514739,0.0,196.0,196.0,0.02401546556122449,76.11470694424757,224,224,1.0,./dataset_bone_type/radius/radius_normal_180.jpg,0,not_fractured
50.16376355229592,63.662849242102446,0.0,253.0,253.0,0.05961017219387755,632.990273875229,224,224,1.0,./dataset_bone_type/radius/radius_fractured_053.jpg,1,fractured
47.368283641581634,56.96501054149162,0.0,244.0,244.0,0.03924186862244898,117.83152514207069,224,224,1.0,./dataset_bone_type/radius/radius_fractured_128.jpg,1,fractured
48.66541772959184,47.33963704453067,0.0,244.0,244.0,0.049505739795918366,169.72656715159513,224,224,1.0,./dataset_bone_type/radius/radius_fractured_008.jpg,1,fractured
56.94854113520408,50.06080867300725,0.0,240.0,240.0,0.03866390306122449,140.76388994309863,224,224,1.0,./dataset_bone_type/radius/radius_fractured_024.jpg,1,fractured
79.51482780612245,52.83934775411259,0.0,211.0,211.0,0.04197225765306122,134.02058443016233,224,224,1.0,./dataset_bone_type/radius/radius_normal_099.jpg,0,not_fractured
55.52847975127551,64.03805987607707,0.0,248.0,248.0,0.019232302295918366,133.12300710268988,224,224,1.0,./dataset_bone_type/radius/radius_fractured_169.jpg,1,fractured
50.41669323979592,60.00017069519963,0.0,238.0,238.0,0.03631218112244898,161.95141802028735,224,224,1.0,./dataset_bone_type/radius/radius_fractured_042.jpg,1,fractured
61.934151785714285,49.51985790849951,0.0,232.0,232.0,0.04067681760204082,158.33844331600724,224,224,1.0,./dataset_bone_type/radius/radius_fractured_029.jpg,1,fractured
83.18773915816327,55.49576205198403,0.0,237.0,237.0,0.04063695790816327,133.2664170525363,224,224,1.0,./dataset_bone_type/radius/radius_normal_002.jpg,0,not_fractured
60.05450813137755,47.103076492477804,0.0,227.0,227.0,0.011240433673469387,176.65699308427955,224,224,1.0,./dataset_bone_type/radius/radius_normal_181.jpg,0,not_fractured
45.63422751913265,55.96992489879891,0.0,241.0,241.0,0.03830516581632653,137.87156431141716,224,224,1.0,./dataset_bone_type/radius/radius_normal_033.jpg,0,not_fractured
74.80853396045919,57.92873064842342,0.0,233.0,233.0,0.0458984375,122.54304961173152,224,224,1.0,./dataset_bone_type/radius/radius_normal_113.jpg,0,not_fractured
78.8896484375,55.57177751899488,0.0,243.0,243.0,0.053033322704081634,230.00394437115474,224,224,1.0,./dataset_bone_type/radius/radius_normal_017.jpg,0,not_fractured
74.34016262755102,49.02127844395405,0.0,246.0,246.0,0.03910235969387755,231.36034108280688,224,224,1.0,./dataset_bone_type/radius/radius_fractured_094.jpg,1,fractured
48.3600924744898,38.45723989376449,0.0,247.0,247.0,0.04141422193877551,423.05276337845623,224,224,1.0,./dataset_bone_type/radius/radius_normal_165.jpg,0,not_fractured
47.43365353954081,41.53214211158361,0.0,234.0,234.0,0.04400510204081633,143.4557950640658,224,224,1.0,./dataset_bone_type/radius/radius_normal_156.jpg,0,not_fractured
79.44981664540816,74.30697611117367,0.0,244.0,244.0,0.050083705357142856,477.59365587818377,224,224,1.0,./dataset_bone_type/radius/radius_fractured_072.jpg,1,fractured
80.23646763392857,52.20527798733956,0.0,212.0,212.0,0.03848453443877551,136.67175943699544,224,224,1.0,./dataset_bone_type/radius/radius_normal_142.jpg,0,not_fractured
64.4740911989796,38.64553694130124,0.0,228.0,228.0,0.03340242346938776,121.08612785315522,224,224,1.0,./dataset_bone_type/radius/radius_fractured_049.jpg,1,fractured
78.55570392219387,74.0596839088768,0.0,245.0,245.0,0.04470264668367347,188.39796229612327,224,224,1.0,./dataset_bone_type/radius/radius_fractured_071.jpg,1,fractured
57.38604113520408,57.14458500164112,0.0,250.0,250.0,0.03712930484693878,114.6012036610722,224,224,1.0,./dataset_bone_type/radius/radius_normal_190.jpg,0,not_fractured
44.712910554846935,50.7826025087827,0.0,245.0,245.0,0.03489716198979592,115.60848721778676,224,224,1.0,./dataset_bone_type/radius/radius_fractured_120.jpg,1,fractured
47.17107780612245,55.57042393095805,0.0,248.0,248.0,0.04253029336734694,267.01834985843453,224,224,1.0,./dataset_bone_type/radius/radius_fractured_064.jpg,1,fractured
67.58527981505102,43.06756867173339,0.0,244.0,244.0,0.03649154974489796,80.90673930920049,224,224,1.0,./dataset_bone_type/radius/radius_normal_106.jpg,0,not_fractured
47.56283880739796,57.24114939670782,0.0,243.0,243.0,0.04217155612244898,207.56498259695707,224,224,1.0,./dataset_bone_type/radius/radius_normal_074.jpg,0,not_fractured
53.68213887117347,65.56999022055322,0.0,249.0,249.0,0.03085140306122449,234.2161494469156,224,224,1.0,./dataset_bone_type/radius/radius_fractured_171.jpg,1,fractured
53.81594786352041,65.25896663580843,0.0,247.0,247.0,0.026965082908163265,138.23481283025015,224,224,1.0,./dataset_bone_type/radius/radius_fractured_174.jpg,1,fractured
44.073561065051024,56.11734419479968,0.0,224.0,224.0,0.028160873724489797,77.76523066738753,224,224,1.0,./dataset_bone_type/radius/radius_normal_062.jpg,0,not_fractured
59.154296875,49.52928447493831,0.0,230.0,230.0,0.03930165816326531,150.41397313185902,224,224,1.0,./dataset_bone_type/radius/radius_fractured_028.jpg,1,fractured
42.23881935586735,52.75291009820495,0.0,245.0,245.0,0.03910235969387755,335.3532555833155,224,224,1.0,./dataset_bone_type/radius/radius_fractured_069.jpg,1,fractured
86.72881457270408,72.0946583847639,0.0,246.0,246.0,0.05807557397959184,501.17891910740457,224,224,1.0,./dataset_bone_type/radius/radius_fractured_140.jpg,1,fractured
55.61567283163265,57.353548632272,0.0,250.0,250.0,0.03398038903061224,132.832201359124,224,224,1.0,./dataset_bone_type/radius/radius_normal_191.jpg,0,not_fractured
45.023995535714285,52.32569520126702,0.0,239.0,239.0,0.03356186224489796,179.83803365310993,224,224,1.0,./dataset_bone_type/radius/radius_normal_094.jpg,0,not_fractured
57.8203125,42.83416048992712,0.0,225.0,225.0,0.032306281887755105,117.75686674384166,224,224,1.0,./dataset_bone_type/radius/radius_normal_047.jpg,0,not_fractured
55.89937420280612,61.61198462799024,0.0,245.0,245.0,0.029536033163265307,118.85281269712182,224,224,1.0,./dataset_bone_type/radius/radius_normal_135.jpg,0,not_fractured
55.05179767219388,52.45277432430249,0.0,243.0,243.0,0.04099569515306122,207.84858055980638,224,224,1.0,./dataset_bone_type/radius/radius_normal_149.jpg,0,not_fractured
43.5446627869898,60.49437357728748,0.0,245.0,245.0,0.07035235969387756,632.3869441666736,224,224,1.0,./dataset_bone_type/radius/radius_fractured_051.jpg,1,fractured
51.56670519770408,45.800235871677486,0.0,198.0,198.0,0.03204719387755102,97.05202418195859,224,224,1.0,./dataset_bone_type/radius/radius_normal_147.jpg,0,not_fractured
68.49703045280613,53.409238401260765,0.0,249.0,249.0,0.03964046556122449,425.3843957117725,224,224,1.0,./dataset_bone_type/radius/radius_fractured_056.jpg,1,fractured
84.12286750637755,49.840207738675154,0.0,242.0,242.0,0.04709422831632653,166.92606477963832,224,224,1.0,./dataset_bone_type/radius/radius_normal_115.jpg,0,not_fractured
45.60708306760204,43.11489331869498,0.0,235.0,235.0,0.03356186224489796,89.16524687691162,224,224,1.0,./dataset_bone_type/radius/radius_normal_119.jpg,0,not_fractured
70.6331712372449,68.32877396702935,0.0,244.0,244.0,0.029994419642857144,176.07614366911886,224,224,1.0,./dataset_bone_type/radius/radius_fractured_148.jpg,1,fractured
38.609375,52.83258240133222,0.0,250.0,250.0,0.046576052295918366,505.35260103186783,224,224,1.0,./dataset_bone_type/radius/radius_fractured_091.jpg,1,fractured
65.06776147959184,45.94967161631506,0.0,229.0,229.0,0.021444515306122448,121.87560305422618,224,224,1.0,./dataset_bone_type/radius/radius_fractured_110.jpg,1,fractured
44.796655771683675,43.07515935493004,0.0,235.0,235.0,0.046396683673469385,145.3398506227308,224,224,1.0,./dataset_bone_type/radius/radius_normal_153.jpg,0,not_fractured
47.61519451530612,42.84851944858046,0.0,228.0,228.0,0.04358657525510204,580.2363258113169,224,224,1.0,./dataset_bone_type/radius/radius_fractured_052.jpg,1,fractured
83.87430245535714,55.40209836189876,0.0,236.0,236.0,0.04398517219387755,155.8526379741365,224,224,1.0,./dataset_bone_type/radius/radius_normal_007.jpg,0,not_fractured
78.54474250637755,55.93652118932438,0.0,220.0,220.0,0.046217315051020405,102.88532770260927,224,224,1.0,./dataset_bone_type/radius/radius_normal_011.jpg,0,not_fractured
57.98616868622449,49.73383164312291,0.0,235.0,235.0,0.03188775510204082,101.87104688332212,224,224,1.0,./dataset_bone_type/radius/radius_fractured_115.jpg,1,fractured
64.83217075892857,55.08471518685574,0.0,247.0,247.0,0.033322704081632654,158.6504984370672,224,224,1.0,./dataset_bone_type/radius/radius_fractured_054.jpg,1,fractured
71.30630181760205,43.461876842437405,0.0,203.0,203.0,0.03469786352040816,89.11524646890902,224,224,1.0,./dataset_bone_type/radius/radius_normal_026.jpg,0,not_fractured
70.82525510204081,44.207724439584645,0.0,214.0,214.0,0.036790497448979595,137.97765449442898,224,224,1.0,./dataset_bone_type/radius/radius_normal_028.jpg,0,not_fractured
83.05683992346938,55.33491811431547,0.0,233.0,233.0,0.035235969387755105,103.54380293063251,224,224,1.0,./dataset_bone_type/radius/radius_normal_008.jpg,0,not_fractured
51.89365433673469,64.5331492684416,0.0,250.0,250.0,0.02694515306122449,250.69790055800462,224,224,1.0,./dataset_bone_type/radius/radius_normal_176.jpg,0,not_fractured
45.398716517857146,44.47287667951268,0.0,229.0,229.0,0.04749282525510204,274.30759561126405,224,224,1.0,./dataset_bone_type/radius/radius_fractured_167.jpg,1,fractured
85.83906648596938,53.080391209189884,0.0,235.0,235.0,0.033681441326530615,120.1672907650148,224,224,1.0,./dataset_bone_type/radius/radius_normal_005.jpg,0,not_fractured
46.325175382653065,55.54448685422422,0.0,239.0,239.0,0.03481744260204082,133.64863003020184,224,224,1.0,./dataset_bone_type/radius/radius_normal_029.jpg,0,not_fractured
42.941127232142854,52.54201582101195,0.0,241.0,241.0,0.031210140306122448,130.36155311389052,224,224,1.0,./dataset_bone_type/radius/radius_fractured_063.jpg,1,fractured
45.80185746173469,45.06049957765216,0.0,201.0,201.0,0.034279336734693876,136.81273684328866,224,224,1.0,./dataset_bone_type/radius/radius_fractured_168.jpg,1,fractured
69.09913105867346,69.80500739174646,0.0,241.0,241.0,0.04316804846938776,146.57950783014198,224,224,1.0,./dataset_bone_type/radius/radius_fractured_157.jpg,1,fractured
31.694375797193878,44.433633442116154,0.0,223.0,223.0,0.019092793367346938,89.52569517638474,224,224,1.0,./dataset_bone_type/radius/radius_normal_076.jpg,0,not_fractured
184.6241828762755,80.39258174599637,0.0,255.0,255.0,0.04121492346938776,664.908680778799,224,224,1.0,./dataset_bone_type/humerus/humerus_fractured_012_rot30.jpg,1,fractured
141.55064174107142,80.65999098804886,28.0,255.0,227.0,0.03519610969387755,445.36639030612247,224,224,1.0,./dataset_bone_type/humerus/humerus_fractured_018_rot10.jpg,1,fractured
95.02335778061224,68.31910109181155,0.0,255.0,255.0,0.056321747448979595,356.2609608784063,224,224,1.0,./dataset_bone_type/humerus/humerus_fractured_014.jpg,1,fractured
173.2839803890306,81.12893582677404,0.0,255.0,255.0,0.04159359056122449,565.9321346890674,224,224,1.0,./dataset_bone_type/humerus/humerus_fractured_012_rot20.jpg,1,fractured
38.7145846619898,52.45573205924991,0.0,232.0,232.0,0.042311065051020405,116.35222820359833,224,224,1.0,./dataset_bone_type/humerus/humerus_fractured_040.jpg,1,fractured
43.34408880739796,52.85851008478857,0.0,242.0,242.0,0.03200733418367347,123.7510135687177,224,224,1.0,./dataset_bone_type/humerus/humerus_fractured_031.jpg,1,fractured
69.70601482780613,73.14511737392883,0.0,243.0,243.0,0.04332748724489796,100.7784850796974,224,224,1.0,./dataset_bone_type/humerus/humerus_fractured_047.jpg,1,fractured
171.12496014030611,71.24243108124817,0.0,255.0,255.0,0.11483577806122448,1317.7646484275701,224,224,1.0,./dataset_bone_type/humerus/humerus_fractured_011_rot10.jpg,1,fractured
53.98363759566327,56.93384934169027,0.0,247.0,247.0,0.03384088010204082,117.3526597056772,224,224,1.0,./dataset_bone_type/humerus/humerus_normal_081.jpg,0,not_fractured
153.76823580994898,81.25526741832637,0.0,255.0,255.0,0.07973931760204081,767.1179494035587,224,224,1.0,./dataset_bone_type/humerus/humerus_fractured_026_rot-10.jpg,1,fractured
45.055046237244895,49.47926136002026,0.0,243.0,243.0,0.02702487244897959,126.81537792455254,224,224,1.0,./dataset_bone_type/humerus/humerus_fractured_070.jpg,1,fractured
181.892578125,75.02188628843896,1.0,255.0,254.0,0.07216597576530612,839.1227399388338,224,224,1.0,./dataset_bone_type/humerus/humerus_fractured_015_rot-20.jpg,1,fractured
173.29245057397958,81.11967110353038,0.0,255.0,255.0,0.0361328125,554.2196913416909,224,224,1.0,./dataset_bone_type/humerus/humerus_fractured_012_rot-20.jpg,1,fractured
68.39271763392857,52.836418041809274,0.0,205.0,205.0,0.052853954081632654,193.5298614243774,224,224,1.0,./dataset_bone_type/humerus/humerus_fractured_087.jpg,1,fractured
81.39630500637755,71.98293532647612,1.0,214.0,213.0,0.010423309948979591,55.722982065819636,224,224,1.0,./dataset_bone_type/humerus/humerus_fractured_005.jpg,1,fractured
158.31355628188774,88.68349515574161,0.0,255.0,255.0,0.05179767219387755,771.0940997827952,224,224,1.0,./dataset_bone_type/humerus/humerus_fractured_007_rot-20.jpg,1,fractured
128.7316047512755,98.20657645485909,0.0,255.0,255.0,0.04063695790816327,726.0445799531662,224,224,1.0,./dataset_bone_type/humerus/humerus_fractured_016_rot10.jpg,1,fractured
162.19545200892858,93.72228270137165,0.0,255.0,255.0,0.054807079081632654,931.209578266247,224,224,1.0,./dataset_bone_type/humerus/humerus_fractured_014_rot20.jpg,1,fractured
46.99467873086735,58.112245140763285,0.0,235.0,235.0,0.04135443239795918,102.73109334828902,224,224,1.0,./dataset_bone_type/humerus/humerus_normal_035.jpg,0,not_fractured
66.86832350127551,73.81695915770815,0.0,234.0,234.0,0.04115513392857143,89.23438774809546,224,224,1.0,./dataset_bone_type/humerus/humerus_fractured_048.jpg,1,fractured
45.40483498086735,56.7891549782808,0.0,229.0,229.0,0.03300382653061224,100.32363761598396,224,224,1.0,./dataset_bone_type/humerus/humerus_fractured_076.jpg,1,fractured
58.5100247130102,49.13710834071091,0.0,245.0,245.0,0.04585857780612245,317.9278567372536,224,224,1.0,./dataset_bone_type/humerus/humerus_fractured_063.jpg,1,fractured
117.37193080357143,65.41580161666464,0.0,254.0,254.0,0.10891661352040816,729.8256451321959,224,224,1.0,./dataset_bone_type/humerus/humerus_fractured_023.jpg,1,fractured
158.51345264668367,101.11614700796052,0.0,255.0,255.0,0.0272640306122449,479.18553158403785,224,224,1.0,./dataset_bone_type/humerus/humerus_fractured_005_rot-20.jpg,1,fractured
186.6925821109694,73.87025486858647,0.0,255.0,255.0,0.05189732142857143,644.3790527841838,224,224,1.0,./dataset_bone_type/humerus/humerus_fractured_004_rot30.jpg,1,fractured
59.643773915816325,42.70940467937048,0.0,176.0,176.0,0.020448022959183673,94.82795452704188,224,224,1.0,./dataset_bone_type/humerus/humerus_normal_091.jpg,0,not_fractured
187.71550143494898,78.1443350797094,0.0,255.0,255.0,0.025051817602040817,698.5816137765855,224,224,1.0,./dataset_bone_type/humerus/humerus_fractured_025_rot-30.jpg,1,fractured
35.7097018494898,42.19743919132107,0.0,201.0,201.0,0.024214764030612245,78.51218274016026,224,224,1.0,./dataset_bone_type/humerus/humerus_normal_038.jpg,0,not_fractured
95.85534917091837,55.900596031924216,0.0,249.0,249.0,0.033282844387755105,112.97849090970195,224,224,1.0,./dataset_bone_type/humerus/humerus_normal_016.jpg,0,not_fractured
172.32399952168367,92.34515010892726,0.0,255.0,255.0,0.060626594387755105,638.9723337909074,224,224,1.0,./dataset_bone_type/humerus/humerus_fractured_017_rot-10.jpg,1,fractured
142.76761798469389,88.31765587446367,2.0,255.0,253.0,0.06094547193877551,678.1220864288413,224,224,1.0,./dataset_bone_type/humerus/humerus_fractured_002_rot-10.jpg,1,fractured
180.2647480867347,86.47719530053868,0.0,255.0,255.0,0.06887755102040816,1291.0287375742075,224,224,1.0,./dataset_bone_type/humerus/humerus_fractured_009_rot30.jpg,1,fractured
36.499103156887756,51.171899479983644,0.0,233.0,233.0,0.029316804846938774,83.79629639733191,224,224,1.0,./dataset_bone_type/humerus/humerus_fractured_041.jpg,1,fractured
175.73678651147958,96.2256827985304,0.0,255.0,255.0,0.08597735969387756,1480.6870812980496,224,224,1.0,./dataset_bone_type/humerus/humerus_fractured_022_rot30.jpg,1,fractured
82.78609295280613,50.06593849174905,0.0,213.0,213.0,0.04388552295918367,167.38818809162922,224,224,1.0,./dataset_bone_type/humerus/humerus_normal_069.jpg,0,not_fractured
70.83522002551021,44.246411941423105,0.0,212.0,212.0,0.042669802295918366,132.3487406658759,224,224,1.0,./dataset_bone_type/humerus/humerus_normal_017.jpg,0,not_fractured
52.150470344387756,64.36905590203128,0.0,251.0,251.0,0.0272640306122449,263.893011287767,224,224,1.0,./dataset_bone_type/humerus/humerus_normal_085.jpg,0,not_fractured
69.95469945790816,51.76544169693714,0.0,243.0,243.0,0.03473772321428571,90.39575490788685,224,224,1.0,./dataset_bone_type/humerus/humerus_normal_080.jpg,0,not_fractured
65.35184151785714,48.95816618939015,8.0,247.0,239.0,0.06802056760204081,724.4142880640343,224,224,1.0,./dataset_bone_type/humerus/humerus_normal_097.jpg,0,not_fractured
66.53962053571429,72.45700630142457,0.0,233.0,233.0,0.0341796875,82.75621202040692,224,224,1.0,./dataset_bone_type/humerus/humerus_fractured_045.jpg,1,fractured
48.620475924744895,39.334596142121526,0.0,244.0,244.0,0.027144451530612245,94.62638929177204,224,224,1.0,./dataset_bone_type/humerus/humerus_normal_066.jpg,0,not_fractured
47.67930883290816,38.65646286588602,0.0,247.0,247.0,0.03886320153061224,288.2594654316805,224,224,1.0,./dataset_bone_type/humerus/humerus_normal_078.jpg,0,not_fractured
181.89080436862244,89.3631314722383,0.0,255.0,255.0,0.06074617346938776,701.2655585371222,224,224,1.0,./dataset_bone_type/humerus/humerus_fractured_010_rot-30.jpg,1,fractured
43.99354272959184,40.88400898207655,0.0,219.0,219.0,0.02853954081632653,175.90153650063766,224,224,1.0,./dataset_bone_type/humerus/humerus_normal_090.jpg,0,not_fractured
44.317502391581634,55.837422388098304,0.0,230.0,230.0,0.029436383928571428,69.9763888001988,224,224,1.0,./dataset_bone_type/humerus/humerus_normal_025.jpg,0,not_fractured
195.89096380739795,86.49645730649472,0.0,255.0,255.0,0.06012834821428571,844.5250982958194,224,224,1.0,./dataset_bone_type/humerus/humerus_fractured_017_rot-30.jpg,1,fractured
79.92891023596938,72.1438830680362,0.0,255.0,255.0,0.07230548469387756,759.3088216976244,224,224,1.0,./dataset_bone_type/humerus/humerus_fractured_008.jpg,1,fractured
46.09683912627551,56.761315944723606,0.0,231.0,231.0,0.03708944515306122,140.1147855403571,224,224,1.0,./dataset_bone_type/humerus/humerus_fractured_079.jpg,1,fractured
190.5960618622449,74.26925617470273,0.0,255.0,255.0,0.07463727678571429,987.6009392855515,224,224,1.0,./dataset_bone_type/humerus/humerus_fractured_015_rot30.jpg,1,fractured
183.51315369897958,87.50002862136907,1.0,255.0,254.0,0.0439453125,853.4871270725101,224,224,1.0,./dataset_bone_type/humerus/humerus_fractured_001_rot-30.jpg,1,fractured
128.7291932397959,98.219225959126,0.0,255.0,255.0,0.03766741071428571,747.7925562717577,224,224,1.0,./dataset_bone_type/humerus/humerus_fractured_016_rot-10.jpg,1,fractured
125.79737324617346,100.43398761187295,0.0,255.0,255.0,0.04681521045918367,909.347014001388,224,224,1.0,./dataset_bone_type/humerus/humerus_fractured_024_rot-10.jpg,1,fractured
164.20274633290816,97.81287842048336,0.0,255.0,255.0,0.09169722576530612,1342.6561297202597,224,224,1.0,./dataset_bone_type/humerus/humerus_fractured_022_rot-20.jpg,1,fractured
171.76791693239795,99.59551970892724,0.0,255.0,255.0,0.02574936224489796,552.3868677392695,224,224,1.0,./dataset_bone_type/humerus/humerus_fractured_005_rot30.jpg,1,fractured
45.606764190051024,42.584356947561325,0.0,208.0,208.0,0.027582908163265307,58.34971191226717,224,224,1.0,./dataset_bone_type/humerus/humerus_normal_056.jpg,0,not_fractured
161.73503268494898,85.02292657910442,20.0,255.0,235.0,0.03378109056122449,540.5997150235253,224,224,1.0,./dataset_bone_type/humerus/humerus_fractured_018_rot20.jpg,1,fractured
164.75661670918367,90.83515984252529,2.0,255.0,253.0,0.0564811862244898,799.6356227446576,224,224,1.0,./dataset_bone_type/humerus/humerus_fractured_002_rot-20.jpg,1,fractured
66.64768016581633,71.52259683247289,0.0,241.0,241.0,0.0682796556122449,355.4846717134608,224,224,1.0,./dataset_bone_type/humerus/humerus_fractured_094.jpg,1,fractured
163.0205078125,101.26396251767157,0.0,255.0,255.0,0.07220583545918367,897.4860233714411,224,224,1.0,./dataset_bone_type/humerus/humerus_fractured_008_rot30.jpg,1,fractured
172.09592235331633,83.1728800992881,0.0,255.0,255.0,0.07601243622448979,891.9729197723377,224,224,1.0,./dataset_bone_type/humerus/humerus_fractured_026_rot-20.jpg,1,fractured
33.753587372448976,44.47964122633079,0.0,220.0,220.0,0.01881377551020408,66.93347601987878,224,224,1.0,./dataset_bone_type/humerus/humerus_normal_030.jpg,0,not_fractured
80.64799904336735,75.00565600472393,0.0,245.0,245.0,0.05393016581632653,191.14133980173904,224,224,1.0,./dataset_bone_type/humerus/humerus_fractured_082.jpg,1,fractured
187.81365593112244,89.23572190638288,0.0,255.0,255.0,0.05201690051020408,720.7624465437146,224,224,1.0,./dataset_bone_type/humerus/humerus_fractured_017_rot20.jpg,1,fractured
55.14305644132653,64.4892031663686,0.0,248.0,248.0,0.02256058673469388,209.61146191426585,224,224,1.0,./dataset_bone_type/humerus/humerus_fractured_093.jpg,1,fractured
60.43072385204081,51.21780020616056,0.0,241.0,241.0,0.02668606505102041,90.1465943796046,224,224,1.0,./dataset_bone_type/humerus/humerus_normal_095.jpg,0,not_fractured
40.6374362244898,52.312088589156026,0.0,237.0,237.0,0.03268494897959184,130.57713746806076,224,224,1.0,./dataset_bone_type/humerus/humerus_fractured_032.jpg,1,fractured
49.31246014030612,58.95239089247171,0.0,240.0,240.0,0.04233099489795918,123.86717269083996,224,224,1.0,./dataset_bone_type/humerus/humerus_normal_034.jpg,0,not_fractured
154.9914700255102,81.91173574494523,0.0,255.0,255.0,0.10772082270408163,1063.2615201311378,224,224,1.0,./dataset_bone_type/humerus/humerus_fractured_023_rot10.jpg,1,fractured
171.30863360969389,79.50741136405351,0.0,255.0,255.0,0.04647640306122449,653.1903569647692,224,224,1.0,./dataset_bone_type/humerus/humerus_fractured_003_rot-20.jpg,1,fractured
50.29643654336735,41.7043265507828,0.0,247.0,247.0,0.034060108418367346,160.04904276130102,224,224,1.0,./dataset_bone_type/humerus/humerus_normal_046.jpg,0,not_fractured
149.5263073979592,101.72628094028221,0.0,255.0,255.0,0.09646045918367346,1191.07172433479,224,224,1.0,./dataset_bone_type/humerus/humerus_fractured_019_rot-10.jpg,1,fractured
157.24154974489795,106.36750390424808,0.0,255.0,255.0,0.025948660714285716,889.7658368038765,224,224,1.0,./dataset_bone_type/humerus/humerus_fractured_006_rot30.jpg,1,fractured
165.40965800382654,73.64825875208479,1.0,255.0,254.0,0.07122927295918367,704.4680585082697,224,224,1.0,./dataset_bone_type/humerus/humerus_fractured_015_rot-10.jpg,1,fractured
139.4717394770408,109.82029179930119,0.0,255.0,255.0,0.05373086734693878,1220.74122129287,224,224,1.0,./dataset_bone_type/humerus/humerus_fractured_020_rot20.jpg,1,fractured
144.1522839604592,97.32593241936186,0.0,255.0,255.0,0.09761639030612244,1237.6297219910755,224,224,1.0,./dataset_bone_type/humerus/humerus_fractured_022_rot10.jpg,1,fractured
173.0704121492347,83.5048200475816,1.0,255.0,254.0,0.09911112882653061,1259.5996796756126,224,224,1.0,./dataset_bone_type/humerus/humerus_fractured_023_rot20.jpg,1,fractured
50.00827088647959,56.19936276038007,0.0,244.0,244.0,0.030313297193877552,132.92994353712623,224,224,1.0,./dataset_bone_type/humerus/humerus_normal_063.jpg,0,not_fractured
153.6639628507653,88.50183837727926,2.0,255.0,253.0,0.04278938137755102,558.8120670497343,224,224,1.0,./dataset_bone_type/humerus/humerus_fractured_001_rot-10.jpg,1,fractured
150.57886240433675,101.75084791513152,0.0,255.0,255.0,0.06224091198979592,780.0061927932046,224,224,1.0,./dataset_bone_type/humerus/humerus_fractured_008_rot-20.jpg,1,fractured
175.7379225127551,96.23631707682178,0.0,255.0,255.0,0.09086017219387756,1516.4685706309801,224,224,1.0,./dataset_bone_type/humerus/humerus_fractured_022_rot-30.jpg,1,fractured
141.5595703125,80.65773144434306,6.0,255.0,249.0,0.033302774234693876,448.3867936326981,224,224,1.0,./dataset_bone_type/humerus/humerus_fractured_018_rot-10.jpg,1,fractured
163.01668128188774,101.26980774354557,0.0,255.0,255.0,0.06977439413265306,906.4484152374839,224,224,1.0,./dataset_bone_type/humerus/humerus_fractured_008_rot-30.jpg,1,fractured
172.86876195790816,85.31011583691699,20.0,255.0,235.0,0.03457828443877551,640.351651005028,224,224,1.0,./dataset_bone_type/humerus/humerus_fractured_018_rot-30.jpg,1,fractured
81.19013073979592,72.47636981757873,0.0,252.0,252.0,0.030133928571428572,347.8693032270668,224,224,1.0,./dataset_bone_type/humerus/humerus_fractured_016.jpg,1,fractured
153.27469308035714,109.58571365512095,0.0,255.0,255.0,0.05530532525510204,1382.2481309314014,224,224,1.0,./dataset_bone_type/humerus/humerus_fractured_020_rot30.jpg,1,fractured
158.51584422831633,101.11871442893965,0.0,255.0,255.0,0.022899394132653062,487.79814323352207,224,224,1.0,./dataset_bone_type/humerus/humerus_fractured_005_rot20.jpg,1,fractured
195.90788424744898,86.49416349614184,0.0,255.0,255.0,0.055743781887755105,837.152303176937,224,224,1.0,./dataset_bone_type/humerus/humerus_fractured_017_rot30.jpg,1,fractured
150.57778619260205,103.46027463690325,0.0,255.0,255.0,0.05540497448979592,1010.5584383813207,224,224,1.0,./dataset_bone_type/humerus/humerus_fractured_024_rot20.jpg,1,fractured
68.77566964285714,73.687177732487,0.0,244.0,244.0,0.05119977678571429,170.4937617291217,224,224,1.0,./dataset_bone_type/humerus/humerus_fractured_042.jpg,1,fractured
55.51923230229592,68.82440857412239,0.0,255.0,255.0,0.03268494897959184,325.14674066514186,224,224,1.0,./dataset_bone_type/humerus/humerus_fractured_013.jpg,1,fractured
46.634785554846935,55.265369716211175,0.0,236.0,236.0,0.03186782525510204,97.96823678697858,224,224,1.0,./dataset_bone_type/humerus/humerus_normal_019.jpg,0,not_fractured
37.06915656887755,50.74229962777002,0.0,233.0,233.0,0.038185586734693876,133.3848001205241,224,224,1.0,./dataset_bone_type/humerus/humerus_fractured_035.jpg,1,fractured
114.43237802933673,105.68332910480582,0.0,255.0,255.0,0.06253985969387756,1105.6014315816872,224,224,1.0,./dataset_bone_type/humerus/humerus_fractured_020_rot-10.jpg,1,fractured
153.67627949617346,88.51109682946566,1.0,255.0,254.0,0.03964046556122449,566.8012225215805,224,224,1.0,./dataset_bone_type/humerus/humerus_fractured_001_rot10.jpg,1,fractured
40.88223453443877,50.494021703124226,0.0,240.0,240.0,0.026606345663265307,80.50931617986258,224,224,1.0,./dataset_bone_type/humerus/humerus_normal_043.jpg,0,not_fractured
102.31750239158163,82.20749190260149,0.0,255.0,255.0,0.11788504464285714,1481.9917355958046,224,224,1.0,./dataset_bone_type/humerus/humerus_fractured_022.jpg,1,fractured
98.09255420918367,54.06276140122243,0.0,251.0,251.0,0.03832509566326531,179.8388621271873,224,224,1.0,./dataset_bone_type/humerus/humerus_normal_015.jpg,0,not_fractured
86.99204799107143,52.12908824506455,0.0,245.0,245.0,0.04472257653061224,309.04074011798303,224,224,1.0,./dataset_bone_type/humerus/humerus_normal_005.jpg,0,not_fractured
171.14070471938774,71.23564607482162,1.0,255.0,254.0,0.11752630739795919,1344.1531407516334,224,224,1.0,./dataset_bone_type/humerus/humerus_fractured_011_rot-10.jpg,1,fractured
114.4229512117347,105.6890617652239,0.0,255.0,255.0,0.05658083545918367,1067.0434202851975,224,224,1.0,./dataset_bone_type/humerus/humerus_fractured_020_rot10.jpg,1,fractured
143.02786192602042,83.75030020233322,3.0,255.0,252.0,0.06369579081632654,1227.7871660850585,224,224,1.0,./dataset_bone_type/humerus/humerus_fractured_021_rot-10.jpg,1,fractured
194.73887914540816,71.16227968044352,1.0,255.0,254.0,0.09707828443877552,1620.7717626238805,224,224,1.0,./dataset_bone_type/humerus/humerus_fractured_011_rot-30.jpg,1,fractured
181.30418925382654,79.36709698717783,1.0,255.0,254.0,0.04976482780612245,741.543220438991,224,224,1.0,./dataset_bone_type/humerus/humerus_fractured_003_rot-30.jpg,1,fractured
160.3249960140306,77.54540634262058,0.0,255.0,255.0,0.022082270408163265,528.3363428489212,224,224,1.0,./dataset_bone_type/humerus/humerus_fractured_025_rot-10.jpg,1,fractured
77.78702965561224,55.9867123688488,0.0,228.0,228.0,0.04468271683673469,141.34410120635567,224,224,1.0,./dataset_bone_type/humerus/humerus_normal_054.jpg,0,not_fractured
50.1384127869898,56.19265992600668,0.0,249.0,249.0,0.03461814413265306,197.05550137265232,224,224,1.0,./dataset_bone_type/humerus/humerus_normal_061.jpg,0,not_fractured
164.25635762117346,87.17645327574516,3.0,255.0,252.0,0.05725845025510204,1334.601305623593,224,224,1.0,./dataset_bone_type/humerus/humerus_fractured_021_rot20.jpg,1,fractured
47.89407286352041,39.985783506124335,0.0,245.0,245.0,0.03009406887755102,143.77685119171332,224,224,1.0,./dataset_bone_type/humerus/humerus_normal_067.jpg,0,not_fractured
163.47261639030611,102.74720671638997,0.0,255.0,255.0,0.04803093112244898,1101.906946907536,224,224,1.0,./dataset_bone_type/humerus/humerus_fractured_024_rot-30.jpg,1,fractured
141.37729193239795,60.189731519765665,0.0,255.0,255.0,0.14353475765306123,1971.4600976243312,224,224,1.0,./dataset_bone_type/humerus/humerus_fractured_011.jpg,1,fractured
69.41414221938776,67.7731488094747,0.0,248.0,248.0,0.025669642857142856,74.12753885619496,224,224,1.0,./dataset_bone_type/humerus/humerus_normal_087.jpg,0,not_fractured
164.23064811862244,97.80846471077697,0.0,255.0,255.0,0.08725286989795919,1331.8807594362074,224,224,1.0,./dataset_bone_type/humerus/humerus_fractured_022_rot20.jpg,1,fractured
53.77682557397959,56.21973088870605,0.0,249.0,249.0,0.03886320153061224,614.8362909175614,224,224,1.0,./dataset_bone_type/humerus/humerus_normal_062.jpg,0,not_fractured
62.86810427295919,53.59652595039031,0.0,236.0,236.0,0.06742267219387756,368.658154709644,224,224,1.0,./dataset_bone_type/humerus/humerus_fractured_096.jpg,1,fractured
158.6277303890306,70.75015850561867,1.0,255.0,254.0,0.050661670918367346,477.45760228682536,224,224,1.0,./dataset_bone_type/humerus/humerus_fractured_004_rot10.jpg,1,fractured
149.99428013392858,110.36849815149036,0.0,255.0,255.0,0.0470344387755102,1287.9233910502219,224,224,1.0,./dataset_bone_type/humerus/humerus_fractured_013_rot30.jpg,1,fractured
171.31066645408163,79.51559154965814,1.0,255.0,254.0,0.042071906887755105,642.4856622891346,224,224,1.0,./dataset_bone_type/humerus/humerus_fractured_003_rot20.jpg,1,fractured
187.80402981505102,89.23940540425357,0.0,255.0,255.0,0.061423788265306124,731.0347019781027,224,224,1.0,./dataset_bone_type/humerus/humerus_fractured_017_rot-20.jpg,1,fractured
178.00984534438774,79.02020869387322,0.0,255.0,255.0,0.020946269132653062,606.6219985863409,224,224,1.0,./dataset_bone_type/humerus/humerus_fractured_025_rot-20.jpg,1,fractured
36.94818239795919,50.77670236195924,0.0,231.0,231.0,0.028778698979591837,92.35936039857495,224,224,1.0,./dataset_bone_type/humerus/humerus_fractured_034.jpg,1,fractured
73.84311224489795,51.74433286967479,0.0,244.0,244.0,0.051837531887755105,349.43071494843247,224,224,1.0,./dataset_bone_type/humerus/humerus_normal_088.jpg,0,not_fractured
173.57571348852042,88.97085626539602,2.0,255.0,253.0,0.04067681760204082,733.5322631683413,224,224,1.0,./dataset_bone_type/humerus/humerus_fractured_001_rot-20.jpg,1,fractured
127.00944674744898,98.42531341821193,0.0,255.0,255.0,0.06891741071428571,643.2387843880739,224,224,1.0,./dataset_bone_type/humerus/humerus_fractured_008_rot10.jpg,1,fractured
183.46173469387756,82.62129381326942,0.0,255.0,255.0,0.09743702168367346,1419.284665096208,224,224,1.0,./dataset_bone_type/humerus/humerus_fractured_023_rot30.jpg,1,fractured
34.42032047193877,42.67923766693791,0.0,203.0,203.0,0.022002551020408163,65.71788650887652,224,224,1.0,./dataset_bone_type/humerus/humerus_normal_039.jpg,0,not_fractured
141.19158561862244,91.37489130319882,0.0,255.0,255.0,0.06114477040816327,491.9440398861695,224,224,1.0,./dataset_bone_type/humerus/humerus_fractured_017.jpg,1,fractured
177.9962930484694,79.03499780174138,0.0,255.0,255.0,0.01985012755102041,615.8142541280046,224,224,1.0,./dataset_bone_type/humerus/humerus_fractured_025_rot20.jpg,1,fractured
105.66055484693878,45.933108080467846,0.0,250.0,250.0,0.03611288265306122,172.34626744559088,224,224,1.0,./dataset_bone_type/humerus/humerus_normal_012.jpg,0,not_fractured
171.75837053571428,99.60175648480102,1.0,255.0,254.0,0.02756297831632653,549.0609634884792,224,224,1.0,./dataset_bone_type/humerus/humerus_fractured_005_rot-30.jpg,1,fractured
143.02212213010205,83.73620258391907,1.0,255.0,254.0,0.06341677295918367,1160.4949654857598,224,224,1.0,./dataset_bone_type/humerus/humerus_fractured_021_rot10.jpg,1,fractured
105.66071428571429,45.57902789442772,0.0,250.0,250.0,0.03716916454081633,233.10726710728235,224,224,1.0,./dataset_bone_type/humerus/humerus_normal_013.jpg,0,not_fractured
115.66127232142857,54.37477110121724,1.0,232.0,231.0,0.038783482142857144,130.4436659199255,224,224,1.0,./dataset_bone_type/humerus/humerus_fractured_003.jpg,1,fractured
175.21691645408163,90.13688780711794,1.0,255.0,254.0,0.05881297831632653,902.1665338010204,224,224,1.0,./dataset_bone_type/humerus/humerus_fractured_002_rot30.jpg,1,fractured
109.60220025510205,105.0795089590118,0.0,255.0,255.0,0.04330755739795918,976.0814824102322,224,224,1.0,./dataset_bone_type/humerus/humerus_fractured_013_rot10.jpg,1,fractured
183.46111686862244,82.62901965755694,1.0,255.0,254.0,0.09095982142857142,1333.4668863333052,224,224,1.0,./dataset_bone_type/humerus/humerus_fractured_023_rot-30.jpg,1,fractured
163.47947225765307,102.71530290750084,0.0,255.0,255.0,0.054189253826530615,1171.8664102359694,224,224,1.0,./dataset_bone_type/humerus/humerus_fractured_024_rot30.jpg,1,fractured
37.71211336096939,52.57229072906353,0.0,249.0,249.0,0.03864397321428571,286.93021419196265,224,224,1.0,./dataset_bone_type/humerus/humerus_fractured_054.jpg,1,fractured
104.94620934311224,90.84820943960774,0.0,255.0,255.0,0.11537388392857142,1232.4363845922906,224,224,1.0,./dataset_bone_type/humerus/humerus_fractured_019.jpg,1,fractured
42.419264190051024,43.33551310432018,0.0,194.0,194.0,0.03595344387755102,95.22540874870457,224,224,1.0,./dataset_bone_type/humerus/humerus_fractured_091.jpg,1,fractured
154.06493144132654,90.72395332753813,1.0,255.0,254.0,0.058713329081632654,520.1275455025225,224,224,1.0,./dataset_bone_type/humerus/humerus_fractured_010_rot-10.jpg,1,fractured
65.35347576530613,54.86130666894617,0.0,249.0,249.0,0.03242586096938776,160.71819300931577,224,224,1.0,./dataset_bone_type/humerus/humerus_fractured_027.jpg,1,fractured
169.20838647959184,88.92335858472951,0.0,255.0,255.0,0.05552455357142857,896.239746735226,224,224,1.0,./dataset_bone_type/humerus/humerus_fractured_007_rot30.jpg,1,fractured
154.97891422193877,81.91428598815129,0.0,255.0,255.0,0.09909119897959184,988.7353081375497,224,224,1.0,./dataset_bone_type/humerus/humerus_fractured_023_rot-10.jpg,1,fractured
83.35251913265306,55.23654501907018,0.0,240.0,240.0,0.04261001275510204,181.30228430109688,224,224,1.0,./dataset_bone_type/humerus/humerus_normal_001.jpg,0,not_fractured
72.30490672831633,50.24634313306239,0.0,243.0,243.0,0.045220822704081634,221.05751938404813,224,224,1.0,./dataset_bone_type/humerus/humerus_fractured_058.jpg,1,fractured
59.99926259566327,58.23057755922553,0.0,229.0,229.0,0.04356664540816327,128.02487880694076,224,224,1.0,./dataset_bone_type/humerus/humerus_normal_075.jpg,0,not_fractured
153.30046237244898,109.57648280961804,0.0,255.0,255.0,0.05937101403061224,1449.130146113995,224,224,1.0,./dataset_bone_type/humerus/humerus_fractured_020_rot-30.jpg,1,fractured
150.5676817602041,101.75586637012856,0.0,255.0,255.0,0.06377551020408163,777.3049518230902,224,224,1.0,./dataset_bone_type/humerus/humerus_fractured_008_rot20.jpg,1,fractured
181.8282246492347,97.60186439367054,0.0,255.0,255.0,0.08759167729591837,1362.0925676758118,224,224,1.0,./dataset_bone_type/humerus/humerus_fractured_019_rot30.jpg,1,fractured
160.3328483737245,77.51693596057888,0.0,255.0,255.0,0.022759885204081634,522.5432249015195,224,224,1.0,./dataset_bone_type/humerus/humerus_fractured_025_rot10.jpg,1,fractured
82.46894929846938,56.75817918570312,0.0,239.0,239.0,0.04707429846938776,129.06299504157354,224,224,1.0,./dataset_bone_type/humerus/humerus_normal_007.jpg,0,not_fractured
84.0224609375,55.17088114003406,0.0,227.0,227.0,0.03577407525510204,92.47619272380608,224,224,1.0,./dataset_bone_type/humerus/humerus_normal_003.jpg,0,not_fractured
187.72642299107142,78.13604457752484,0.0,255.0,255.0,0.02383609693877551,706.568168560697,224,224,1.0,./dataset_bone_type/humerus/humerus_fractured_025_rot30.jpg,1,fractured
41.746711575255105,64.71936942282365,0.0,255.0,255.0,0.0548469387755102,412.0856246153845,224,224,1.0,./dataset_bone_type/humerus/humerus_fractured_057.jpg,1,fractured
181.80520567602042,97.60609294397912,0.0,255.0,255.0,0.08627630739795919,1373.233751136926,224,224,1.0,./dataset_bone_type/humerus/humerus_fractured_019_rot-30.jpg,1,fractured
93.47411112882654,53.998071636685644,0.0,241.0,241.0,0.043845663265306124,96.24914970183461,224,224,1.0,./dataset_bone_type/humerus/humerus_fractured_007.jpg,1,fractured
102.04769212372449,50.10803198206522,0.0,249.0,249.0,0.028519610969387755,86.85028543754301,224,224,1.0,./dataset_bone_type/humerus/humerus_normal_011.jpg,0,not_fractured
34.397341358418366,42.53776533503149,0.0,200.0,200.0,0.020169005102040817,65.33664047474764,224,224,1.0,./dataset_bone_type/humerus/humerus_normal_040.jpg,0,not_fractured
99.99571508290816,50.884676284586796,35.0,254.0,219.0,0.030253507653061226,595.1593830532852,224,224,1.0,./dataset_bone_type/humerus/humerus_fractured_018.jpg,1,fractured
124.7591477997449,61.685366730638776,0.0,255.0,255.0,0.011041135204081632,75.01463094168729,224,224,1.0,./dataset_bone_type/humerus/humerus_fractured_025.jpg,1,fractured
44.190449617346935,40.89067174434111,0.0,233.0,233.0,0.030791613520408163,223.32833760462916,224,224,1.0,./dataset_bone_type/humerus/humerus_normal_089.jpg,0,not_fractured
173.55789620535714,88.98123080188991,2.0,255.0,253.0,0.0401985012755102,710.0876393185114,224,224,1.0,./dataset_bone_type/humerus/humerus_fractured_001_rot20.jpg,1,fractured
183.53318319515307,87.4889357014736,3.0,255.0,252.0,0.04302853954081633,830.1472986960898,224,224,1.0,./dataset_bone_type/humerus/humerus_fractured_001_rot30.jpg,1,fractured
110.41240832270408,67.50958617129494,0.0,255.0,255.0,0.07505580357142858,1226.5031175911301,224,224,1.0,./dataset_bone_type/humerus/humerus_fractured_009.jpg,1,fractured
186.6779336734694,73.8864540742518,0.0,255.0,255.0,0.0577766262755102,657.1614380228376,224,224,1.0,./dataset_bone_type/humerus/humerus_fractured_004_rot-30.jpg,1,fractured
70.43588568239795,44.717540598582914,0.0,210.0,210.0,0.04356664540816327,129.61488994803344,224,224,1.0,./dataset_bone_type/humerus/humerus_normal_018.jpg,0,not_fractured
151.78103077168367,78.11252160359243,0.0,255.0,255.0,0.032884247448979595,483.5658170738999,224,224,1.0,./dataset_bone_type/humerus/humerus_fractured_012_rot-10.jpg,1,fractured
99.94905931122449,56.90619375347434,1.0,253.0,252.0,0.06263950892857142,1059.4502059828487,224,224,1.0,./dataset_bone_type/humerus/humerus_fractured_021.jpg,1,fractured
170.7824258609694,100.21723313197164,0.0,255.0,255.0,0.0850406568877551,1248.3188581661302,224,224,1.0,./dataset_bone_type/humerus/humerus_fractured_019_rot20.jpg,1,fractured
172.07583306760205,83.19761751260161,0.0,255.0,255.0,0.08157286352040816,909.5966462274732,224,224,1.0,./dataset_bone_type/humerus/humerus_fractured_026_rot20.jpg,1,fractured
125.83003826530613,100.3738702782185,0.0,255.0,255.0,0.057716836734693876,917.7615751924241,224,224,1.0,./dataset_bone_type/humerus/humerus_fractured_024_rot10.jpg,1,fractured
172.55769690688774,90.78531397515204,0.0,255.0,255.0,0.05353156887755102,607.1779902091575,224,224,1.0,./dataset_bone_type/humerus/humerus_fractured_010_rot-20.jpg,1,fractured
136.64333545918367,84.11788170886102,0.0,255.0,255.0,0.054368622448979595,661.318188239117,224,224,1.0,./dataset_bone_type/humerus/humerus_fractured_007_rot-10.jpg,1,fractured
173.50001992984693,92.88140565571365,0.0,255.0,255.0,0.06114477040816327,1085.3955508180084,224,224,1.0,./dataset_bone_type/humerus/humerus_fractured_014_rot30.jpg,1,fractured
47.749780771683675,56.90826348044249,0.0,245.0,245.0,0.03477758290816327,198.75300198244778,224,224,1.0,./dataset_bone_type/humerus/humerus_fractured_072.jpg,1,fractured
172.8854432397959,85.29079178376018,24.0,255.0,231.0,0.03774713010204082,640.9453129222222,224,224,1.0,./dataset_bone_type/humerus/humerus_fractured_018_rot30.jpg,1,fractured
99.4573899872449,65.39025174072887,11.0,251.0,240.0,0.05723852040816327,336.56645527227585,224,224,1.0,./dataset_bone_type/humerus/humerus_fractured_002.jpg,1,fractured
152.3404615752551,76.2900442815665,1.0,255.0,254.0,0.04920679209183673,574.864147662918,224,224,1.0,./dataset_bone_type/humerus/humerus_fractured_003_rot-10.jpg,1,fractured
142.71466438137756,106.65191725552756,0.0,255.0,255.0,0.023018973214285716,752.46910979856,224,224,1.0,./dataset_bone_type/humerus/humerus_fractured_006_rot20.jpg,1,fractured
142.71428571428572,106.652936069859,0.0,255.0,255.0,0.025928730867346938,755.6277724603274,224,224,1.0,./dataset_bone_type/humerus/humerus_fractured_006_rot-20.jpg,1,fractured
82.36354033801021,56.996506865735675,0.0,247.0,247.0,0.05235570790816327,382.07066921272263,224,224,1.0,./dataset_bone_type/humerus/humerus_normal_006.jpg,0,not_fractured
194.72903380102042,71.15584764787344,0.0,255.0,255.0,0.09809470663265306,1601.5118981086928,224,224,1.0,./dataset_bone_type/humerus/humerus_fractured_011_rot30.jpg,1,fractured
161.7312858737245,85.01828565219057,24.0,255.0,231.0,0.031349649234693876,530.4871872687827,224,224,1.0,./dataset_bone_type/humerus/humerus_fractured_018_rot-20.jpg,1,fractured
158.28930165816325,88.697104289451,0.0,255.0,255.0,0.053591358418367346,764.3371398044794,224,224,1.0,./dataset_bone_type/humerus/humerus_fractured_007_rot20.jpg,1,fractured
105.77696508290816,45.80789692927024,0.0,248.0,248.0,0.03374123086734694,133.9085556198686,224,224,1.0,./dataset_bone_type/humerus/humerus_normal_014.jpg,0,not_fractured
170.79051737882654,100.21379023543408,0.0,255.0,255.0,0.08535953443877552,1257.5673949064092,224,224,1.0,./dataset_bone_type/humerus/humerus_fractured_019_rot-20.jpg,1,fractured
46.44662786989796,42.160379384824815,0.0,234.0,234.0,0.04075653698979592,131.14261940666557,224,224,1.0,./dataset_bone_type/humerus/humerus_normal_077.jpg,0,not_fractured
44.98750398596939,42.32793405324319,0.0,242.0,242.0,0.03322305484693878,271.9770719424132,224,224,1.0,./dataset_bone_type/humerus/humerus_normal_053.jpg,0,not_fractured
150.30998883928572,85.7550252460022,0.0,255.0,255.0,0.06935586734693877,869.4492971459214,224,224,1.0,./dataset_bone_type/humerus/humerus_fractured_009_rot-10.jpg,1,fractured
153.77062739158163,81.26471696956808,0.0,255.0,255.0,0.08563855229591837,767.7612595083513,224,224,1.0,./dataset_bone_type/humerus/humerus_fractured_026_rot10.jpg,1,fractured
150.30512595663265,85.75879825899271,0.0,255.0,255.0,0.06833944515306123,872.9193009738374,224,224,1.0,./dataset_bone_type/humerus/humerus_fractured_009_rot10.jpg,1,fractured
55.779296875,61.65327852193316,0.0,247.0,247.0,0.026666135204081634,316.246311373236,224,224,1.0,./dataset_bone_type/humerus/humerus_fractured_029.jpg,1,fractured
181.89598612882654,89.36831984004004,1.0,255.0,254.0,0.057716836734693876,706.4181428052941,224,224,1.0,./dataset_bone_type/humerus/humerus_fractured_010_rot30.jpg,1,fractured
158.642578125,70.75885956453565,0.0,255.0,255.0,0.053591358418367346,484.97094706225926,224,224,1.0,./dataset_bone_type/humerus/humerus_fractured_004_rot-10.jpg,1,fractured
180.26112085459184,86.47114261966426,0.0,255.0,255.0,0.0699936224489796,1300.8631995251556,224,224,1.0,./dataset_bone_type/humerus/humerus_fractured_009_rot-30.jpg,1,fractured
46.90941884566327,41.2901019000989,0.0,235.0,235.0,0.02796157525510204,100.67729621030847,224,224,1.0,./dataset_bone_type/humerus/humerus_normal_059.jpg,0,not_fractured
45.10726243622449,54.32008551100446,0.0,231.0,231.0,0.02822066326530612,107.75896019480814,224,224,1.0,./dataset_bone_type/humerus/humerus_normal_027.jpg,0,not_fractured
42.5641940369898,51.81725933293004,0.0,235.0,235.0,0.02716438137755102,106.08009490108846,224,224,1.0,./dataset_bone_type/humerus/humerus_normal_044.jpg,0,not_fractured
140.59650031887756,91.47536064133016,0.0,255.0,255.0,0.06295838647959184,780.5641059144642,224,224,1.0,./dataset_bone_type/humerus/humerus_fractured_014_rot-10.jpg,1,fractured
181.29978475765307,79.38670327881856,0.0,255.0,255.0,0.04623724489795918,743.7362251821929,224,224,1.0,./dataset_bone_type/humerus/humerus_fractured_003_rot30.jpg,1,fractured
175.80945073341837,86.86303566565158,3.0,255.0,252.0,0.05953045280612245,1551.6526220747453,224,224,1.0,./dataset_bone_type/humerus/humerus_fractured_021_rot-30.jpg,1,fractured
63.013313137755105,53.06945458792999,0.0,218.0,218.0,0.03176817602040816,95.15421864550494,224,224,1.0,./dataset_bone_type/humerus/humerus_normal_096.jpg,0,not_fractured
72.88847257653062,69.59980868072856,0.0,255.0,255.0,0.04203204719387755,190.87203807902307,224,224,1.0,./dataset_bone_type/humerus/humerus_fractured_024.jpg,1,fractured
140.60780054209184,91.48984816459627,0.0,255.0,255.0,0.06016820790816327,799.7393546591,224,224,1.0,./dataset_bone_type/humerus/humerus_fractured_014_rot10.jpg,1,fractured
175.81082589285714,86.85831357231486,2.0,255.0,253.0,0.05705915178571429,1541.446552284158,224,224,1.0,./dataset_bone_type/humerus/humerus_fractured_021_rot30.jpg,1,fractured
36.30444834183673,61.085995359528155,0.0,251.0,251.0,0.04862882653061224,1104.3030692894527,224,224,1.0,./dataset_bone_type/humerus/humerus_fractured_095.jpg,1,fractured
71.7104193239796,68.41745006028407,0.0,243.0,243.0,0.03360172193877551,169.14037587055807,224,224,1.0,./dataset_bone_type/humerus/humerus_fractured_083.jpg,1,fractured
37.12655452806123,53.052619956702465,0.0,248.0,248.0,0.046954719387755105,173.61570824111115,224,224,1.0,./dataset_bone_type/humerus/humerus_fractured_055.jpg,1,fractured
114.46647799744898,101.40620348179725,0.0,255.0,255.0,0.0224609375,616.3863928293199,224,224,1.0,./dataset_bone_type/humerus/humerus_fractured_006_rot10.jpg,1,fractured
162.20037468112244,93.73178537265429,0.0,255.0,255.0,0.06058673469387755,923.9845441749125,224,224,1.0,./dataset_bone_type/humerus/humerus_fractured_014_rot-20.jpg,1,fractured
34.34873246173469,45.13846590327649,0.0,230.0,230.0,0.0205875318877551,160.81619188935497,224,224,1.0,./dataset_bone_type/humerus/humerus_normal_028.jpg,0,not_fractured
36.065110809948976,51.026641646736046,0.0,236.0,236.0,0.030951052295918366,131.14246631830449,224,224,1.0,./dataset_bone_type/humerus/humerus_fractured_037.jpg,1,fractured
164.6487962372449,100.64904891977515,0.0,255.0,255.0,0.04061702806122449,966.6661140476849,224,224,1.0,./dataset_bone_type/humerus/humerus_fractured_016_rot-30.jpg,1,fractured
117.2494818239796,79.68966646046216,8.0,254.0,246.0,0.05797592474489796,131.34041509187406,224,224,1.0,./dataset_bone_type/humerus/humerus_fractured_010.jpg,1,fractured
150.01837531887756,110.3411173149864,0.0,255.0,255.0,0.049127072704081634,1361.5488931190368,224,224,1.0,./dataset_bone_type/humerus/humerus_fractured_013_rot-30.jpg,1,fractured
152.34373007015307,76.27828607779988,1.0,255.0,254.0,0.04575892857142857,566.9186971009844,224,224,1.0,./dataset_bone_type/humerus/humerus_fractured_003_rot10.jpg,1,fractured
43.10333625637755,45.843993929050754,0.0,248.0,248.0,0.03009406887755102,162.5095784712811,224,224,1.0,./dataset_bone_type/humerus/humerus_normal_021.jpg,0,not_fractured
139.48682637117346,109.78712055686331,0.0,255.0,255.0,0.05839445153061224,1298.914437874711,224,224,1.0,./dataset_bone_type/humerus/humerus_fractured_020_rot-20.jpg,1,fractured
58.83248963647959,44.243881693979084,0.0,179.0,179.0,0.026785714285714284,55.44263579953665,224,224,1.0,./dataset_bone_type/humerus/humerus_normal_092.jpg,0,not_fractured
79.08480149872449,38.727128230348356,0.0,246.0,246.0,0.04153380102040816,243.14406021512184,224,224,1.0,./dataset_bone_type/humerus/humerus_normal_051.jpg,0,not_fractured
59.613201530612244,51.58471016232246,0.0,233.0,233.0,0.01953125,103.92270195995556,224,224,1.0,./dataset_bone_type/humerus/humerus_normal_094.jpg,0,not_fractured
164.75737404336735,90.82858579105661,3.0,255.0,252.0,0.05678013392857143,794.2629954800016,224,224,1.0,./dataset_bone_type/humerus/humerus_fractured_002_rot20.jpg,1,fractured
144.11668925382654,97.31226445472093,0.0,255.0,255.0,0.10154257015306123,1229.4175301011232,224,224,1.0,./dataset_bone_type/humerus/humerus_fractured_022_rot-10.jpg,1,fractured
172.57075095663265,90.76966954243555,0.0,255.0,255.0,0.054368622448979595,619.5822680245734,224,224,1.0,./dataset_bone_type/humerus/humerus_fractured_010_rot20.jpg,1,fractured
154.06505102040816,90.73885525609288,1.0,255.0,254.0,0.057138871173469385,523.7342923568319,224,224,1.0,./dataset_bone_type/humerus/humerus_fractured_010_rot10.jpg,1,fractured
73.40553252551021,51.80130696290038,8.0,219.0,211.0,0.03196747448979592,107.87702165569476,224,224,1.0,./dataset_bone_type/humerus/humerus_fractured_097.png,1,fractured
164.25392617984693,87.1743333319588,3.0,255.0,252.0,0.0597297512755102,1331.4397669275418,224,224,1.0,./dataset_bone_type/humerus/humerus_fractured_021_rot-20.jpg,1,fractured
177.2803730867347,74.04958792759085,0.0,255.0,255.0,0.04681521045918367,563.4854259292367,224,224,1.0,./dataset_bone_type/humerus/humerus_fractured_004_rot20.jpg,1,fractured
149.5086894132653,101.74807028395871,0.0,255.0,255.0,0.09638073979591837,1187.8239370657473,224,224,1.0,./dataset_bone_type/humerus/humerus_fractured_019_rot10.jpg,1,fractured
113.884765625,73.99949713524012,0.0,255.0,255.0,0.036013233418367346,326.3507054844085,224,224,1.0,./dataset_bone_type/humerus/humerus_fractured_001.jpg,1,fractured
127.03601323341837,98.39576941058155,0.0,255.0,255.0,0.06576849489795919,640.7866204582318,224,224,1.0,./dataset_bone_type/humerus/humerus_fractured_008_rot-10.jpg,1,fractured
40.60512994260204,45.81873474980207,0.0,246.0,246.0,0.042470503826530615,180.92506452184676,224,224,1.0,./dataset_bone_type/humerus/humerus_fractured_051.jpg,1,fractured
58.43106265943877,52.85952492704578,0.0,251.0,251.0,0.053830516581632654,151.6275214366444,224,224,1.0,./dataset_bone_type/humerus/humerus_normal_098.jpg,0,not_fractured
177.29175302933675,74.04490367629194,1.0,255.0,254.0,0.05117984693877551,554.9201614553856,224,224,1.0,./dataset_bone_type/humerus/humerus_fractured_004_rot-20.jpg,1,fractured
151.77981505102042,78.11718141956821,0.0,255.0,255.0,0.03790656887755102,495.427209328632,224,224,1.0,./dataset_bone_type/humerus/humerus_fractured_012_rot10.jpg,1,fractured
69.94086814413265,68.8079984306664,0.0,246.0,246.0,0.04185267857142857,203.828740822976,224,224,1.0,./dataset_bone_type/humerus/humerus_fractured_084.jpg,1,fractured
109.60431281887755,105.05657281030561,0.0,255.0,255.0,0.0457389987244898,1001.2465891232345,224,224,1.0,./dataset_bone_type/humerus/humerus_fractured_013_rot-10.jpg,1,fractured
134.75697544642858,99.46017726016018,1.0,255.0,254.0,0.01913265306122449,413.36726752086173,224,224,1.0,./dataset_bone_type/humerus/humerus_fractured_005_rot10.jpg,1,fractured
58.70322464923469,52.62012869617622,0.0,237.0,237.0,0.025430484693877552,89.03564488356534,224,224,1.0,./dataset_bone_type/humerus/humerus_normal_093.jpg,0,not_fractured
62.68895487882653,75.36723529113144,0.0,254.0,254.0,0.05169802295918367,534.502630202386,224,224,1.0,./dataset_bone_type/humerus/humerus_fractured_020.jpg,1,fractured
67.55568399234694,53.32276859137782,0.0,248.0,248.0,0.032126913265306124,150.47246199714695,224,224,1.0,./dataset_bone_type/humerus/humerus_fractured_028.jpg,1,fractured
173.08376514668367,83.52022061021528,1.0,255.0,254.0,0.08994339923469388,1149.0144348017427,224,224,1.0,./dataset_bone_type/humerus/humerus_fractured_023_rot-20.jpg,1,fractured
173.5015943877551,92.88187362468473,0.0,255.0,255.0,0.06385522959183673,1083.0572089493548,224,224,1.0,./dataset_bone_type/humerus/humerus_fractured_014_rot-30.jpg,1,fractured
182.5899433992347,82.47684721761551,0.0,255.0,255.0,0.08157286352040816,1045.4488290086085,224,224,1.0,./dataset_bone_type/humerus/humerus_fractured_026_rot30.jpg,1,fractured
169.93504862882654,87.40471024491002,0.0,255.0,255.0,0.06493144132653061,1084.1295581481597,224,224,1.0,./dataset_bone_type/humerus/humerus_fractured_009_rot20.jpg,1,fractured
164.6603156887755,100.64123791738254,0.0,255.0,255.0,0.042649872448979595,951.1428425370628,224,224,1.0,./dataset_bone_type/humerus/humerus_fractured_016_rot30.jpg,1,fractured
104.13470583545919,43.511879435506884,0.0,208.0,208.0,0.02654655612244898,67.80331569887706,224,224,1.0,./dataset_bone_type/humerus/humerus_fractured_012.jpg,1,fractured
165.42245296556123,73.67083429731227,1.0,255.0,254.0,0.0712093431122449,716.8311119349685,224,224,1.0,./dataset_bone_type/humerus/humerus_fractured_015_rot10.jpg,1,fractured
52.659259406887756,53.60600583487702,0.0,239.0,239.0,0.04237085459183673,123.85389117765607,224,224,1.0,./dataset_bone_type/humerus/humerus_fractured_073.jpg,1,fractured
190.5977558992347,74.25588860107105,1.0,255.0,254.0,0.07543447066326531,974.522660826604,224,224,1.0,./dataset_bone_type/humerus/humerus_fractured_015_rot-30.jpg,1,fractured
134.7613600127551,99.45274547986092,1.0,255.0,254.0,0.021942761479591837,422.61117749093023,224,224,1.0,./dataset_bone_type/humerus/humerus_fractured_005_rot-10.jpg,1,fractured
76.87043606505102,55.11515164368046,0.0,212.0,212.0,0.04235092474489796,145.5756616048245,224,224,1.0,./dataset_bone_type/humerus/humerus_normal_070.jpg,0,not_fractured
135.67047991071428,110.21516306326356,0.0,255.0,255.0,0.0408561862244898,1130.8627796085711,224,224,1.0,./dataset_bone_type/humerus/humerus_fractured_013_rot20.jpg,1,fractured
182.59903140943877,82.47716423009527,0.0,255.0,255.0,0.07774633290816327,1025.6304200282448,224,224,1.0,./dataset_bone_type/humerus/humerus_fractured_026_rot-30.jpg,1,fractured
186.56236049107142,72.06666891632125,0.0,255.0,255.0,0.10020727040816327,1442.6607142602936,224,224,1.0,./dataset_bone_type/humerus/humerus_fractured_011_rot20.jpg,1,fractured
56.07894212372449,56.95705708554875,0.0,169.0,169.0,0.009506536989795918,14.755254322069476,224,224,1.0,./dataset_bone_type/humerus/humerus_fractured_006.jpg,1,fractured
53.92727598852041,58.462745834180424,0.0,253.0,253.0,0.04623724489795918,241.63900809861977,224,224,1.0,./dataset_bone_type/humerus/humerus_normal_099.jpg,0,not_fractured
157.2443399234694,106.36406677119106,0.0,255.0,255.0,0.027722417091836735,880.413533544004,224,224,1.0,./dataset_bone_type/humerus/humerus_fractured_006_rot-30.jpg,1,fractured
82.67625956632654,50.50251803596967,0.0,217.0,217.0,0.03970025510204082,107.9522736854029,224,224,1.0,./dataset_bone_type/humerus/humerus_normal_055.jpg,0,not_fractured
169.2091438137755,88.92049469884661,0.0,255.0,255.0,0.0558235012755102,897.4980929528411,224,224,1.0,./dataset_bone_type/humerus/humerus_fractured_007_rot-30.jpg,1,fractured
46.420778858418366,57.809317530987,0.0,248.0,248.0,0.027861926020408163,248.87597775727397,224,224,1.0,./dataset_bone_type/humerus/humerus_normal_071.jpg,0,not_fractured
169.93506855867346,87.40661703941683,0.0,255.0,255.0,0.06523038903061225,1099.0390070685244,224,224,1.0,./dataset_bone_type/humerus/humerus_fractured_009_rot-20.jpg,1,fractured
152.21320950255102,101.26060380477197,0.0,255.0,255.0,0.0349968112244898,844.9646489569567,224,224,1.0,./dataset_bone_type/humerus/humerus_fractured_016_rot-20.jpg,1,fractured
80.84038185586735,49.92131855672681,0.0,248.0,248.0,0.07507573341836735,793.7679962859655,224,224,1.0,./dataset_bone_type/humerus/humerus_fractured_098.jpg,1,fractured
172.32754703443877,92.3688084077688,0.0,255.0,255.0,0.05917171556122449,658.6717172544829,224,224,1.0,./dataset_bone_type/humerus/humerus_fractured_017_rot10.jpg,1,fractured
152.2043008609694,101.26836949056121,0.0,255.0,255.0,0.03748804209183673,842.5172657611121,224,224,1.0,./dataset_bone_type/humerus/humerus_fractured_016_rot20.jpg,1,fractured
37.99172911352041,44.82341379344967,0.0,216.0,216.0,0.020069355867346938,51.178017863329636,224,224,1.0,./dataset_bone_type/humerus/humerus_normal_022.jpg,0,not_fractured
114.46825175382654,101.42001125388244,0.0,255.0,255.0,0.02431441326530612,626.1956487383161,224,224,1.0,./dataset_bone_type/humerus/humerus_fractured_006_rot-10.jpg,1,fractured
142.75679607780611,88.33668434997938,2.0,255.0,253.0,0.05921157525510204,702.1512578176192,224,224,1.0,./dataset_bone_type/humerus/humerus_fractured_002_rot10.jpg,1,fractured
70.2387396364796,52.81097222194982,0.0,217.0,217.0,0.040517378826530615,80.27228045632371,224,224,1.0,./dataset_bone_type/humerus/humerus_normal_058.jpg,0,not_fractured
64.99976084183673,73.21566010212742,0.0,233.0,233.0,0.03268494897959184,71.51212311585412,224,224,1.0,./dataset_bone_type/humerus/humerus_fractured_046.jpg,1,fractured
184.6207350127551,80.38434690650136,0.0,255.0,255.0,0.037209024234693876,645.1667285646711,224,224,1.0,./dataset_bone_type/humerus/humerus_fractured_012_rot-30.jpg,1,fractured
45.3117825255102,42.40613097277628,0.0,235.0,235.0,0.03952088647959184,91.66896243971222,224,224,1.0,./dataset_bone_type/humerus/humerus_normal_076.jpg,0,not_fractured
186.55229591836735,72.08245692131298,0.0,255.0,255.0,0.1018813775510204,1462.2347733681524,224,224,1.0,./dataset_bone_type/humerus/humerus_fractured_011_rot-20.jpg,1,fractured
37.12719228316327,53.060217902952665,0.0,248.0,248.0,0.0486686862244898,168.38652023957303,224,224,1.0,./dataset_bone_type/humerus/humerus_fractured_056.jpg,1,fractured
41.21490353954081,53.596438673694834,0.0,242.0,242.0,0.04510124362244898,187.78823605600567,224,224,1.0,./dataset_bone_type/humerus/humerus_fractured_036.jpg,1,fractured
121.81353635204081,46.472408787385525,0.0,231.0,231.0,0.04372608418367347,136.4422139410474,224,224,1.0,./dataset_bone_type/humerus/humerus_fractured_004.jpg,1,fractured
132.59064094387756,59.4165237732171,2.0,242.0,240.0,0.07108976403061225,553.6577415291541,224,224,1.0,./dataset_bone_type/humerus/humerus_fractured_015.jpg,1,fractured
38.496213329081634,44.781889148112974,0.0,208.0,208.0,0.019949776785714284,51.30859510643389,224,224,1.0,./dataset_bone_type/humerus/humerus_normal_020.jpg,0,not_fractured
135.69529257015307,110.2046672550289,0.0,255.0,255.0,0.04593829719387755,1206.9666635746858,224,224,1.0,./dataset_bone_type/humerus/humerus_fractured_013_rot-20.jpg,1,fractured
54.596759406887756,64.6946643710002,0.0,247.0,247.0,0.023776307397959183,125.953148482393,224,224,1.0,./dataset_bone_type/humerus/humerus_fractured_092.jpg,1,fractured
72.38958864795919,45.38892708438487,0.0,224.0,224.0,0.03912228954081633,115.50127286009369,224,224,1.0,./dataset_bone_type/humerus/humerus_normal_050.jpg,0,not_fractured
136.65118781887756,84.10326626658271,0.0,255.0,255.0,0.0535514987244898,648.2573747535587,224,224,1.0,./dataset_bone_type/humerus/humerus_fractured_007_rot10.jpg,1,fractured
181.9054727359694,75.01906043104862,0.0,255.0,255.0,0.0682796556122449,844.7785776147043,224,224,1.0,./dataset_bone_type/humerus/humerus_fractured_015_rot20.jpg,1,fractured
52.40662866709184,61.145804125478094,0.0,243.0,243.0,0.030074139030612245,110.44419500342215,224,224,1.0,./dataset_bone_type/humerus/humerus_normal_023.jpg,0,not_fractured
71.8661112882653,51.662026036001556,0.0,209.0,209.0,0.060825892857142856,206.15518067728127,224,224,1.0,./dataset_bone_type/humerus/humerus_fractured_088.jpg,1,fractured
44.34705835459184,59.04225916631911,0.0,236.0,236.0,0.03685028698979592,155.29098740640853,224,224,1.0,./dataset_bone_type/humerus/humerus_normal_073.jpg,0,not_fractured
150.5781847895408,103.47428338215207,0.0,255.0,255.0,0.04549984056122449,934.8239645666006,224,224,1.0,./dataset_bone_type/humerus/humerus_fractured_024_rot-20.jpg,1,fractured
175.21843112244898,90.14281027081842,0.0,255.0,255.0,0.05775669642857143,884.7756726790448,224,224,1.0,./dataset_bone_type/humerus/humerus_fractured_002_rot-30.jpg,1,fractured
46.44618941326531,56.65491286388704,0.0,228.0,228.0,0.03150908801020408,89.61764947993713,224,224,1.0,./dataset_bone_type/humerus/humerus_fractured_077.jpg,1,fractured
52.52004942602041,58.19051330289319,0.0,239.0,239.0,0.04153380102040816,174.25615111553188,224,224,1.0,./dataset_bone_type/humerus/humerus_normal_033.jpg,0,not_fractured
115.65142697704081,62.880838969237814,0.0,252.0,252.0,0.07971938775510204,491.21681589248135,224,224,1.0,./dataset_bone_type/humerus/humerus_fractured_026.jpg,1,fractured
102.53051259566327,58.678793773832076,0.0,255.0,255.0,0.03675063775510204,697.4925434346102,224,224,1.0,./raw_data/fracture_dataset/val/fractured/Pre-operative-radiograph-of-a-pathological-fracture-involving-the-proximal-humerus-The.png,1,fractured
58.47680165816327,76.86222089180822,0.0,255.0,255.0,0.08075573979591837,1329.1450723932467,224,224,1.0,./raw_data/fracture_dataset/val/fractured/Pre-operativeX-ray-showing-pathological-fracture-of-distal-humerus-anteroposterior-and.png,1,fractured
82.20758928571429,59.0831356602166,0.0,227.0,227.0,0.013173628826530613,57.16602976805764,224,224,1.0,./raw_data/fracture_dataset/val/fractured/ap20humerus20radiograph20metastases20fracture.jpg,1,fractured
