original_path,moved_to,reason
./dataset_binary/fractured/8-rotated2-rotated1-rotated3 - Copy (1).jpg,outputs/removed_other_bones_quarantine/dataset_binary__fractured__8-rotated2-rotated1-rotated3 - Copy (1).jpg,"not radius, ulna, or humerus"
./dataset_binary/fractured/IMG0002342.jpg,outputs/removed_other_bones_quarantine/dataset_binary__fractured__IMG0002342.jpg,"not radius, ulna, or humerus"
./dataset_binary/fractured/97-rotated3-rotated3-rotated2 - Copy.jpg,outputs/removed_other_bones_quarantine/dataset_binary__fractured__97-rotated3-rotated3-rotated2 - Copy.jpg,"not radius, ulna, or humerus"
./dataset_binary/fractured/90-rotated3-rotated3-rotated1 - Copy (1).jpg,outputs/removed_other_bones_quarantine/dataset_binary__fractured__90-rotated3-rotated3-rotated1 - Copy (1).jpg,"not radius, ulna, or humerus"
./dataset_binary/fractured/96-rotated3.jpg,outputs/removed_other_bones_quarantine/dataset_binary__fractured__96-rotated3.jpg,"not radius, ulna, or humerus"
./dataset_binary/fractured/7-rotated1-rotated2-rotated2 - Copy (1).jpg,outputs/removed_other_bones_quarantine/dataset_binary__fractured__7-rotated1-rotated2-rotated2 - Copy (1).jpg,"not radius, ulna, or humerus"
./dataset_binary/fractured/c0775e1108f1dd0ff3ada8b4236468_jumbo_-_Copy_jumbo.jpeg,outputs/removed_other_bones_quarantine/dataset_binary__fractured__c0775e1108f1dd0ff3ada8b4236468_jumbo_-_Copy_jumbo.jpeg,"not radius, ulna, or humerus"
./dataset_binary/fractured/93-rotated1.jpg,outputs/removed_other_bones_quarantine/dataset_binary__fractured__93-rotated1.jpg,"not radius, ulna, or humerus"
./dataset_binary/fractured/7-rotated2-rotated2-rotated1 - Copy.jpg,outputs/removed_other_bones_quarantine/dataset_binary__fractured__7-rotated2-rotated2-rotated1 - Copy.jpg,"not radius, ulna, or humerus"
./dataset_binary/fractured/88-rotated1-rotated1.jpg,outputs/removed_other_bones_quarantine/dataset_binary__fractured__88-rotated1-rotated1.jpg,"not radius, ulna, or humerus"
./dataset_binary/fractured/86-rotated1-rotated1-rotated3 (1).jpg,outputs/removed_other_bones_quarantine/dataset_binary__fractured__86-rotated1-rotated1-rotated3 (1).jpg,"not radius, ulna, or humerus"
./dataset_binary/fractured/4-rotated3-rotated1-rotated1 - Copy.jpg,outputs/removed_other_bones_quarantine/dataset_binary__fractured__4-rotated3-rotated1-rotated1 - Copy.jpg,"not radius, ulna, or humerus"
./dataset_binary/fractured/2-rotated2-rotated2-rotated3 - Copy.jpg,outputs/removed_other_bones_quarantine/dataset_binary__fractured__2-rotated2-rotated2-rotated3 - Copy.jpg,"not radius, ulna, or humerus"
./dataset_binary/fractured/image32.jpeg,outputs/removed_other_bones_quarantine/dataset_binary__fractured__image32.jpeg,"not radius, ulna, or humerus"
./dataset_binary/fractured/84-rotated3-rotated3-rotated3.jpg,outputs/removed_other_bones_quarantine/dataset_binary__fractured__84-rotated3-rotated3-rotated3.jpg,"not radius, ulna, or humerus"
./dataset_binary/fractured/2 - Copy (1).jpg,outputs/removed_other_bones_quarantine/dataset_binary__fractured__2 - Copy (1).jpg,"not radius, ulna, or humerus"
./dataset_binary/fractured/80-rotated2-rotated1-rotated2 (1).jpg,outputs/removed_other_bones_quarantine/dataset_binary__fractured__80-rotated2-rotated1-rotated2 (1).jpg,"not radius, ulna, or humerus"
./dataset_binary/fractured/89-rotated1-rotated3-rotated1 - Copy (1).jpg,outputs/removed_other_bones_quarantine/dataset_binary__fractured__89-rotated1-rotated3-rotated1 - Copy (1).jpg,"not radius, ulna, or humerus"
./dataset_binary/fractured/4-rotated1-rotated3.jpg,outputs/removed_other_bones_quarantine/dataset_binary__fractured__4-rotated1-rotated3.jpg,"not radius, ulna, or humerus"
./dataset_binary/fractured/86-rotated1-rotated3 - Copy.jpg,outputs/removed_other_bones_quarantine/dataset_binary__fractured__86-rotated1-rotated3 - Copy.jpg,"not radius, ulna, or humerus"
./dataset_binary/fractured/93-rotated1-rotated2-rotated3.jpg,outputs/removed_other_bones_quarantine/dataset_binary__fractured__93-rotated1-rotated2-rotated3.jpg,"not radius, ulna, or humerus"
./dataset_binary/fractured/1-rotated2.jpg,outputs/removed_other_bones_quarantine/dataset_binary__fractured__1-rotated2.jpg,"not radius, ulna, or humerus"
./dataset_binary/fractured/99-rotated1-rotated3-rotated2.jpg,outputs/removed_other_bones_quarantine/dataset_binary__fractured__99-rotated1-rotated3-rotated2.jpg,"not radius, ulna, or humerus"
./dataset_binary/fractured/6-rotated2-rotated1-rotated1 - Copy (1).jpg,outputs/removed_other_bones_quarantine/dataset_binary__fractured__6-rotated2-rotated1-rotated1 - Copy (1).jpg,"not radius, ulna, or humerus"
./dataset_binary/fractured/84-rotated1-rotated1.jpg,outputs/removed_other_bones_quarantine/dataset_binary__fractured__84-rotated1-rotated1.jpg,"not radius, ulna, or humerus"
./dataset_binary/fractured/95-rotated2-rotated3-rotated3.jpg,outputs/removed_other_bones_quarantine/dataset_binary__fractured__95-rotated2-rotated3-rotated3.jpg,"not radius, ulna, or humerus"
./dataset_binary/fractured/89-rotated1-rotated2-rotated3 - Copy (1).jpg,outputs/removed_other_bones_quarantine/dataset_binary__fractured__89-rotated1-rotated2-rotated3 - Copy (1).jpg,"not radius, ulna, or humerus"
./dataset_binary/fractured/99-rotated2-rotated3 (1).jpg,outputs/removed_other_bones_quarantine/dataset_binary__fractured__99-rotated2-rotated3 (1).jpg,"not radius, ulna, or humerus"
./dataset_binary/fractured/89-rotated2-rotated1-rotated3 - Copy (1).jpg,outputs/removed_other_bones_quarantine/dataset_binary__fractured__89-rotated2-rotated1-rotated3 - Copy (1).jpg,"not radius, ulna, or humerus"
./dataset_binary/fractured/97-rotated3-rotated1-rotated3 (1).jpg,outputs/removed_other_bones_quarantine/dataset_binary__fractured__97-rotated3-rotated1-rotated3 (1).jpg,"not radius, ulna, or humerus"
./dataset_binary/fractured/1-rotated1-rotated2-rotated3 - Copy (1).jpg,outputs/removed_other_bones_quarantine/dataset_binary__fractured__1-rotated1-rotated2-rotated3 - Copy (1).jpg,"not radius, ulna, or humerus"
./dataset_binary/fractured/85-rotated3-rotated2-rotated2 (1).jpg,outputs/removed_other_bones_quarantine/dataset_binary__fractured__85-rotated3-rotated2-rotated2 (1).jpg,"not radius, ulna, or humerus"
./dataset_binary/fractured/3-rotated3-rotated2-rotated3 (1).jpg,outputs/removed_other_bones_quarantine/dataset_binary__fractured__3-rotated3-rotated2-rotated3 (1).jpg,"not radius, ulna, or humerus"
./dataset_binary/fractured/5-rotated3-rotated1-rotated2 - Copy (1).jpg,outputs/removed_other_bones_quarantine/dataset_binary__fractured__5-rotated3-rotated1-rotated2 - Copy (1).jpg,"not radius, ulna, or humerus"
./dataset_binary/fractured/91-rotated2-rotated2 - Copy.jpg,outputs/removed_other_bones_quarantine/dataset_binary__fractured__91-rotated2-rotated2 - Copy.jpg,"not radius, ulna, or humerus"
./dataset_binary/fractured/96-rotated2 - Copy (1).jpg,outputs/removed_other_bones_quarantine/dataset_binary__fractured__96-rotated2 - Copy (1).jpg,"not radius, ulna, or humerus"
./dataset_binary/fractured/6-rotated3-rotated1-rotated2.jpg,outputs/removed_other_bones_quarantine/dataset_binary__fractured__6-rotated3-rotated1-rotated2.jpg,"not radius, ulna, or humerus"
./dataset_binary/fractured/9-rotated1-rotated1-rotated2 - Copy.jpg,outputs/removed_other_bones_quarantine/dataset_binary__fractured__9-rotated1-rotated1-rotated2 - Copy.jpg,"not radius, ulna, or humerus"
./dataset_binary/fractured/IMG0002438.jpg,outputs/removed_other_bones_quarantine/dataset_binary__fractured__IMG0002438.jpg,"not radius, ulna, or humerus"
./dataset_binary/fractured/93-rotated2-rotated1-rotated1 (1).jpg,outputs/removed_other_bones_quarantine/dataset_binary__fractured__93-rotated2-rotated1-rotated1 (1).jpg,"not radius, ulna, or humerus"
./dataset_binary/fractured/3-rotated2-rotated2-rotated2 - Copy (1).jpg,outputs/removed_other_bones_quarantine/dataset_binary__fractured__3-rotated2-rotated2-rotated2 - Copy (1).jpg,"not radius, ulna, or humerus"
./dataset_binary/fractured/91-rotated3-rotated3 (1).jpg,outputs/removed_other_bones_quarantine/dataset_binary__fractured__91-rotated3-rotated3 (1).jpg,"not radius, ulna, or humerus"
./dataset_binary/fractured/79-rotated3-rotated3-rotated3 - Copy (1).jpg,outputs/removed_other_bones_quarantine/dataset_binary__fractured__79-rotated3-rotated3-rotated3 - Copy (1).jpg,"not radius, ulna, or humerus"
./dataset_binary/fractured/177.jpg,outputs/removed_other_bones_quarantine/dataset_binary__fractured__177.jpg,"not radius, ulna, or humerus"
./dataset_binary/fractured/96-rotated2-rotated2.jpg,outputs/removed_other_bones_quarantine/dataset_binary__fractured__96-rotated2-rotated2.jpg,"not radius, ulna, or humerus"
./dataset_binary/fractured/84-rotated1-rotated2-rotated1 - Copy (1).jpg,outputs/removed_other_bones_quarantine/dataset_binary__fractured__84-rotated1-rotated2-rotated1 - Copy (1).jpg,"not radius, ulna, or humerus"
./dataset_binary/fractured/1-rotated1-rotated3-rotated3.jpg,outputs/removed_other_bones_quarantine/dataset_binary__fractured__1-rotated1-rotated3-rotated3.jpg,"not radius, ulna, or humerus"
./dataset_binary/fractured/4-rotated2-rotated2-rotated3 - Copy.jpg,outputs/removed_other_bones_quarantine/dataset_binary__fractured__4-rotated2-rotated2-rotated3 - Copy.jpg,"not radius, ulna, or humerus"
./dataset_binary/fractured/92-rotated1.jpg,outputs/removed_other_bones_quarantine/dataset_binary__fractured__92-rotated1.jpg,"not radius, ulna, or humerus"
./dataset_binary/fractured/84-rotated2 (1).jpg,outputs/removed_other_bones_quarantine/dataset_binary__fractured__84-rotated2 (1).jpg,"not radius, ulna, or humerus"
./dataset_binary/fractured/97 (1).jpg,outputs/removed_other_bones_quarantine/dataset_binary__fractured__97 (1).jpg,"not radius, ulna, or humerus"
./dataset_binary/fractured/99-rotated1-rotated2-rotated2 - Copy.jpg,outputs/removed_other_bones_quarantine/dataset_binary__fractured__99-rotated1-rotated2-rotated2 - Copy.jpg,"not radius, ulna, or humerus"
./dataset_binary/fractured/95 - Copy.jpg,outputs/removed_other_bones_quarantine/dataset_binary__fractured__95 - Copy.jpg,"not radius, ulna, or humerus"
./dataset_binary/fractured/6-rotated3-rotated3-rotated1 - Copy (1).jpg,outputs/removed_other_bones_quarantine/dataset_binary__fractured__6-rotated3-rotated3-rotated1 - Copy (1).jpg,"not radius, ulna, or humerus"
./dataset_binary/fractured/94-rotated2-rotated1-rotated1 - Copy.jpg,outputs/removed_other_bones_quarantine/dataset_binary__fractured__94-rotated2-rotated1-rotated1 - Copy.jpg,"not radius, ulna, or humerus"
./dataset_binary/fractured/tibia20path20fx.jpg,outputs/removed_other_bones_quarantine/dataset_binary__fractured__tibia20path20fx.jpg,"not radius, ulna, or humerus"
./dataset_binary/fractured/2-rotated3 - Copy (1).jpg,outputs/removed_other_bones_quarantine/dataset_binary__fractured__2-rotated3 - Copy (1).jpg,"not radius, ulna, or humerus"
./dataset_binary/fractured/82-rotated3-rotated2.jpg,outputs/removed_other_bones_quarantine/dataset_binary__fractured__82-rotated3-rotated2.jpg,"not radius, ulna, or humerus"
./dataset_binary/fractured/82-rotated3 - Copy (1).jpg,outputs/removed_other_bones_quarantine/dataset_binary__fractured__82-rotated3 - Copy (1).jpg,"not radius, ulna, or humerus"
./dataset_binary/fractured/97-rotated2-rotated2-rotated1 (1).jpg,outputs/removed_other_bones_quarantine/dataset_binary__fractured__97-rotated2-rotated2-rotated1 (1).jpg,"not radius, ulna, or humerus"
./dataset_binary/fractured/81-rotated2-rotated3-rotated1 (1).jpg,outputs/removed_other_bones_quarantine/dataset_binary__fractured__81-rotated2-rotated3-rotated1 (1).jpg,"not radius, ulna, or humerus"
./dataset_binary/fractured/97-rotated2-rotated3 - Copy (1).jpg,outputs/removed_other_bones_quarantine/dataset_binary__fractured__97-rotated2-rotated3 - Copy (1).jpg,"not radius, ulna, or humerus"
./dataset_binary/fractured/3-rotated1-rotated2 - Copy (1).jpg,outputs/removed_other_bones_quarantine/dataset_binary__fractured__3-rotated1-rotated2 - Copy (1).jpg,"not radius, ulna, or humerus"
./dataset_binary/fractured/96-rotated2-rotated3 (1).jpg,outputs/removed_other_bones_quarantine/dataset_binary__fractured__96-rotated2-rotated3 (1).jpg,"not radius, ulna, or humerus"
./dataset_binary/fractured/8-rotated2-rotated2-rotated2 (1).jpg,outputs/removed_other_bones_quarantine/dataset_binary__fractured__8-rotated2-rotated2-rotated2 (1).jpg,"not radius, ulna, or humerus"
./dataset_binary/fractured/91-rotated1-rotated1.jpg,outputs/removed_other_bones_quarantine/dataset_binary__fractured__91-rotated1-rotated1.jpg,"not radius, ulna, or humerus"
./dataset_binary/fractured/86-rotated1-rotated2 (1).jpg,outputs/removed_other_bones_quarantine/dataset_binary__fractured__86-rotated1-rotated2 (1).jpg,"not radius, ulna, or humerus"
./dataset_binary/fractured/113.jpg,outputs/removed_other_bones_quarantine/dataset_binary__fractured__113.jpg,"not radius, ulna, or humerus"
./dataset_binary/fractured/95-rotated3-rotated1-rotated2 - Copy.jpg,outputs/removed_other_bones_quarantine/dataset_binary__fractured__95-rotated3-rotated1-rotated2 - Copy.jpg,"not radius, ulna, or humerus"
./dataset_binary/fractured/86-rotated3-rotated1-rotated2 - Copy (1).jpg,outputs/removed_other_bones_quarantine/dataset_binary__fractured__86-rotated3-rotated1-rotated2 - Copy (1).jpg,"not radius, ulna, or humerus"
./dataset_binary/fractured/86-rotated1-rotated1-rotated2 - Copy (1).jpg,outputs/removed_other_bones_quarantine/dataset_binary__fractured__86-rotated1-rotated1-rotated2 - Copy (1).jpg,"not radius, ulna, or humerus"
./dataset_binary/fractured/2-rotated3-rotated2 (1).jpg,outputs/removed_other_bones_quarantine/dataset_binary__fractured__2-rotated3-rotated2 (1).jpg,"not radius, ulna, or humerus"
./dataset_binary/fractured/94-rotated2-rotated2-rotated3 - Copy.jpg,outputs/removed_other_bones_quarantine/dataset_binary__fractured__94-rotated2-rotated2-rotated3 - Copy.jpg,"not radius, ulna, or humerus"
./dataset_binary/fractured/93-rotated2-rotated2-rotated2 - Copy.jpg,outputs/removed_other_bones_quarantine/dataset_binary__fractured__93-rotated2-rotated2-rotated2 - Copy.jpg,"not radius, ulna, or humerus"
./dataset_binary/fractured/86-rotated2-rotated2-rotated3.jpg,outputs/removed_other_bones_quarantine/dataset_binary__fractured__86-rotated2-rotated2-rotated3.jpg,"not radius, ulna, or humerus"
./dataset_binary/fractured/4 - Copy (1).jpg,outputs/removed_other_bones_quarantine/dataset_binary__fractured__4 - Copy (1).jpg,"not radius, ulna, or humerus"
./dataset_binary/fractured/86-rotated2-rotated1-rotated1 - Copy (1).jpg,outputs/removed_other_bones_quarantine/dataset_binary__fractured__86-rotated2-rotated1-rotated1 - Copy (1).jpg,"not radius, ulna, or humerus"
./dataset_binary/fractured/87-rotated3-rotated3-rotated1.jpg,outputs/removed_other_bones_quarantine/dataset_binary__fractured__87-rotated3-rotated3-rotated1.jpg,"not radius, ulna, or humerus"
./dataset_binary/fractured/182.jpg,outputs/removed_other_bones_quarantine/dataset_binary__fractured__182.jpg,"not radius, ulna, or humerus"
./dataset_binary/fractured/94-rotated2-rotated2 - Copy.jpg,outputs/removed_other_bones_quarantine/dataset_binary__fractured__94-rotated2-rotated2 - Copy.jpg,"not radius, ulna, or humerus"
./dataset_binary/fractured/86-rotated3-rotated3-rotated1 - Copy (1).jpg,outputs/removed_other_bones_quarantine/dataset_binary__fractured__86-rotated3-rotated3-rotated1 - Copy (1).jpg,"not radius, ulna, or humerus"
./dataset_binary/fractured/99-rotated3-rotated2-rotated3 (1).jpg,outputs/removed_other_bones_quarantine/dataset_binary__fractured__99-rotated3-rotated2-rotated3 (1).jpg,"not radius, ulna, or humerus"
./dataset_binary/fractured/81-rotated1-rotated2-rotated2 (1).jpg,outputs/removed_other_bones_quarantine/dataset_binary__fractured__81-rotated1-rotated2-rotated2 (1).jpg,"not radius, ulna, or humerus"
./dataset_binary/fractured/8-rotated2-rotated1 - Copy.jpg,outputs/removed_other_bones_quarantine/dataset_binary__fractured__8-rotated2-rotated1 - Copy.jpg,"not radius, ulna, or humerus"
./dataset_binary/fractured/4-rotated1-rotated3-rotated1 - Copy (1).jpg,outputs/removed_other_bones_quarantine/dataset_binary__fractured__4-rotated1-rotated3-rotated1 - Copy (1).jpg,"not radius, ulna, or humerus"
./dataset_binary/fractured/2 (1).jpg,outputs/removed_other_bones_quarantine/dataset_binary__fractured__2 (1).jpg,"not radius, ulna, or humerus"
./dataset_binary/fractured/8-rotated1-rotated2-rotated3 (1).jpg,outputs/removed_other_bones_quarantine/dataset_binary__fractured__8-rotated1-rotated2-rotated3 (1).jpg,"not radius, ulna, or humerus"
./dataset_binary/fractured/87-rotated2 - Copy (1).jpg,outputs/removed_other_bones_quarantine/dataset_binary__fractured__87-rotated2 - Copy (1).jpg,"not radius, ulna, or humerus"
./dataset_binary/fractured/86 (1).jpg,outputs/removed_other_bones_quarantine/dataset_binary__fractured__86 (1).jpg,"not radius, ulna, or humerus"
./dataset_binary/fractured/88-rotated1-rotated1-rotated2 (1).jpg,outputs/removed_other_bones_quarantine/dataset_binary__fractured__88-rotated1-rotated1-rotated2 (1).jpg,"not radius, ulna, or humerus"
./dataset_binary/fractured/93-rotated3-rotated3-rotated1.jpg,outputs/removed_other_bones_quarantine/dataset_binary__fractured__93-rotated3-rotated3-rotated1.jpg,"not radius, ulna, or humerus"
./dataset_binary/fractured/90-rotated1-rotated1-rotated3 (1).jpg,outputs/removed_other_bones_quarantine/dataset_binary__fractured__90-rotated1-rotated1-rotated3 (1).jpg,"not radius, ulna, or humerus"
./dataset_binary/fractured/93-rotated1-rotated2.jpg,outputs/removed_other_bones_quarantine/dataset_binary__fractured__93-rotated1-rotated2.jpg,"not radius, ulna, or humerus"
./dataset_binary/fractured/9-rotated1-rotated2-rotated3 - Copy.jpg,outputs/removed_other_bones_quarantine/dataset_binary__fractured__9-rotated1-rotated2-rotated3 - Copy.jpg,"not radius, ulna, or humerus"
./dataset_binary/fractured/95-rotated2-rotated2-rotated2 (1).jpg,outputs/removed_other_bones_quarantine/dataset_binary__fractured__95-rotated2-rotated2-rotated2 (1).jpg,"not radius, ulna, or humerus"
./dataset_binary/fractured/87-rotated2-rotated1 (1).jpg,outputs/removed_other_bones_quarantine/dataset_binary__fractured__87-rotated2-rotated1 (1).jpg,"not radius, ulna, or humerus"
./dataset_binary/fractured/5-rotated2-rotated2-rotated1 - Copy.jpg,outputs/removed_other_bones_quarantine/dataset_binary__fractured__5-rotated2-rotated2-rotated1 - Copy.jpg,"not radius, ulna, or humerus"
./dataset_binary/fractured/88-rotated1-rotated2-rotated2 - Copy.jpg,outputs/removed_other_bones_quarantine/dataset_binary__fractured__88-rotated1-rotated2-rotated2 - Copy.jpg,"not radius, ulna, or humerus"
./dataset_binary/fractured/91-rotated1-rotated1-rotated2 (1).jpg,outputs/removed_other_bones_quarantine/dataset_binary__fractured__91-rotated1-rotated1-rotated2 (1).jpg,"not radius, ulna, or humerus"
./dataset_binary/fractured/87-rotated1-rotated2-rotated3 - Copy (1).jpg,outputs/removed_other_bones_quarantine/dataset_binary__fractured__87-rotated1-rotated2-rotated3 - Copy (1).jpg,"not radius, ulna, or humerus"
./dataset_binary/fractured/94-rotated2-rotated1 - Copy.jpg,outputs/removed_other_bones_quarantine/dataset_binary__fractured__94-rotated2-rotated1 - Copy.jpg,"not radius, ulna, or humerus"
./dataset_binary/fractured/97-rotated3-rotated3-rotated3 - Copy.jpg,outputs/removed_other_bones_quarantine/dataset_binary__fractured__97-rotated3-rotated3-rotated3 - Copy.jpg,"not radius, ulna, or humerus"
./dataset_binary/fractured/91-rotated2 (1).jpg,outputs/removed_other_bones_quarantine/dataset_binary__fractured__91-rotated2 (1).jpg,"not radius, ulna, or humerus"
./dataset_binary/fractured/95-rotated3-rotated3-rotated3.jpg,outputs/removed_other_bones_quarantine/dataset_binary__fractured__95-rotated3-rotated3-rotated3.jpg,"not radius, ulna, or humerus"
./dataset_binary/fractured/92-rotated2-rotated3-rotated1.jpg,outputs/removed_other_bones_quarantine/dataset_binary__fractured__92-rotated2-rotated3-rotated1.jpg,"not radius, ulna, or humerus"
./dataset_binary/fractured/5-rotated2-rotated3 - Copy (1).jpg,outputs/removed_other_bones_quarantine/dataset_binary__fractured__5-rotated2-rotated3 - Copy (1).jpg,"not radius, ulna, or humerus"
./dataset_binary/fractured/1-rotated3-rotated2-rotated2 - Copy.jpg,outputs/removed_other_bones_quarantine/dataset_binary__fractured__1-rotated3-rotated2-rotated2 - Copy.jpg,"not radius, ulna, or humerus"
./dataset_binary/fractured/5-rotated1-rotated3-rotated2 (1).jpg,outputs/removed_other_bones_quarantine/dataset_binary__fractured__5-rotated1-rotated3-rotated2 (1).jpg,"not radius, ulna, or humerus"
./dataset_binary/fractured/90-rotated1-rotated3-rotated1 - Copy (1).jpg,outputs/removed_other_bones_quarantine/dataset_binary__fractured__90-rotated1-rotated3-rotated1 - Copy (1).jpg,"not radius, ulna, or humerus"
./dataset_binary/fractured/81-rotated2-rotated2-rotated3.jpg,outputs/removed_other_bones_quarantine/dataset_binary__fractured__81-rotated2-rotated2-rotated3.jpg,"not radius, ulna, or humerus"
./dataset_binary/fractured/4-rotated1-rotated2-rotated2 - Copy (1).jpg,outputs/removed_other_bones_quarantine/dataset_binary__fractured__4-rotated1-rotated2-rotated2 - Copy (1).jpg,"not radius, ulna, or humerus"
./dataset_binary/fractured/91-rotated1-rotated1-rotated1 - Copy.jpg,outputs/removed_other_bones_quarantine/dataset_binary__fractured__91-rotated1-rotated1-rotated1 - Copy.jpg,"not radius, ulna, or humerus"
./dataset_binary/fractured/81-rotated1 (1).jpg,outputs/removed_other_bones_quarantine/dataset_binary__fractured__81-rotated1 (1).jpg,"not radius, ulna, or humerus"
./dataset_binary/fractured/90-rotated3-rotated2-rotated1 - Copy.jpg,outputs/removed_other_bones_quarantine/dataset_binary__fractured__90-rotated3-rotated2-rotated1 - Copy.jpg,"not radius, ulna, or humerus"
./dataset_binary/fractured/88-rotated2-rotated2 - Copy (1).jpg,outputs/removed_other_bones_quarantine/dataset_binary__fractured__88-rotated2-rotated2 - Copy (1).jpg,"not radius, ulna, or humerus"
./dataset_binary/fractured/87-rotated2-rotated2-rotated1 - Copy (1).jpg,outputs/removed_other_bones_quarantine/dataset_binary__fractured__87-rotated2-rotated2-rotated1 - Copy (1).jpg,"not radius, ulna, or humerus"
./dataset_binary/fractured/images27.jpg,outputs/removed_other_bones_quarantine/dataset_binary__fractured__images27.jpg,"not radius, ulna, or humerus"
./dataset_binary/fractured/92-rotated3-rotated2-rotated3 - Copy (1).jpg,outputs/removed_other_bones_quarantine/dataset_binary__fractured__92-rotated3-rotated2-rotated3 - Copy (1).jpg,"not radius, ulna, or humerus"
./dataset_binary/fractured/4-rotated2-rotated3-rotated2 - Copy (1).jpg,outputs/removed_other_bones_quarantine/dataset_binary__fractured__4-rotated2-rotated3-rotated2 - Copy (1).jpg,"not radius, ulna, or humerus"
./dataset_binary/fractured/88-rotated3 - Copy (1).jpg,outputs/removed_other_bones_quarantine/dataset_binary__fractured__88-rotated3 - Copy (1).jpg,"not radius, ulna, or humerus"
./dataset_binary/fractured/92-rotated1-rotated1-rotated1 - Copy (1).jpg,outputs/removed_other_bones_quarantine/dataset_binary__fractured__92-rotated1-rotated1-rotated1 - Copy (1).jpg,"not radius, ulna, or humerus"
./dataset_binary/fractured/97-rotated1-rotated2-rotated1 - Copy (1).jpg,outputs/removed_other_bones_quarantine/dataset_binary__fractured__97-rotated1-rotated2-rotated1 - Copy (1).jpg,"not radius, ulna, or humerus"
./dataset_binary/fractured/99-rotated2-rotated1-rotated3 (1).jpg,outputs/removed_other_bones_quarantine/dataset_binary__fractured__99-rotated2-rotated1-rotated3 (1).jpg,"not radius, ulna, or humerus"
./dataset_binary/fractured/93-rotated2-rotated3-rotated1 (1).jpg,outputs/removed_other_bones_quarantine/dataset_binary__fractured__93-rotated2-rotated3-rotated1 (1).jpg,"not radius, ulna, or humerus"
./dataset_binary/fractured/99-rotated2-rotated3-rotated2 (1).jpg,outputs/removed_other_bones_quarantine/dataset_binary__fractured__99-rotated2-rotated3-rotated2 (1).jpg,"not radius, ulna, or humerus"
./dataset_binary/fractured/81-rotated3-rotated3-rotated1 - Copy.jpg,outputs/removed_other_bones_quarantine/dataset_binary__fractured__81-rotated3-rotated3-rotated1 - Copy.jpg,"not radius, ulna, or humerus"
./dataset_binary/fractured/87-rotated1-rotated1-rotated2 (1).jpg,outputs/removed_other_bones_quarantine/dataset_binary__fractured__87-rotated1-rotated1-rotated2 (1).jpg,"not radius, ulna, or humerus"
./dataset_binary/fractured/98-rotated2-rotated3 (1).jpg,outputs/removed_other_bones_quarantine/dataset_binary__fractured__98-rotated2-rotated3 (1).jpg,"not radius, ulna, or humerus"
./dataset_binary/fractured/84-rotated1 (1).jpg,outputs/removed_other_bones_quarantine/dataset_binary__fractured__84-rotated1 (1).jpg,"not radius, ulna, or humerus"
./dataset_binary/fractured/95-rotated2.jpg,outputs/removed_other_bones_quarantine/dataset_binary__fractured__95-rotated2.jpg,"not radius, ulna, or humerus"
./dataset_binary/fractured/8-rotated3-rotated1.jpg,outputs/removed_other_bones_quarantine/dataset_binary__fractured__8-rotated3-rotated1.jpg,"not radius, ulna, or humerus"
./dataset_binary/fractured/3-rotated3-rotated2 - Copy.jpg,outputs/removed_other_bones_quarantine/dataset_binary__fractured__3-rotated3-rotated2 - Copy.jpg,"not radius, ulna, or humerus"
./dataset_binary/fractured/23.jpg,outputs/removed_other_bones_quarantine/dataset_binary__fractured__23.jpg,"not radius, ulna, or humerus"
./dataset_binary/fractured/80-rotated3-rotated1 - Copy.jpg,outputs/removed_other_bones_quarantine/dataset_binary__fractured__80-rotated3-rotated1 - Copy.jpg,"not radius, ulna, or humerus"
./dataset_binary/fractured/88-rotated3-rotated3-rotated3 - Copy (1).jpg,outputs/removed_other_bones_quarantine/dataset_binary__fractured__88-rotated3-rotated3-rotated3 - Copy (1).jpg,"not radius, ulna, or humerus"
./dataset_binary/fractured/9-rotated2-rotated1-rotated3 - Copy.jpg,outputs/removed_other_bones_quarantine/dataset_binary__fractured__9-rotated2-rotated1-rotated3 - Copy.jpg,"not radius, ulna, or humerus"
./dataset_binary/fractured/97-rotated2-rotated2-rotated3 (1).jpg,outputs/removed_other_bones_quarantine/dataset_binary__fractured__97-rotated2-rotated2-rotated3 (1).jpg,"not radius, ulna, or humerus"
./dataset_binary/fractured/90-rotated2-rotated2 - Copy.jpg,outputs/removed_other_bones_quarantine/dataset_binary__fractured__90-rotated2-rotated2 - Copy.jpg,"not radius, ulna, or humerus"
./dataset_binary/fractured/4-rotated1-rotated2-rotated1 - Copy.jpg,outputs/removed_other_bones_quarantine/dataset_binary__fractured__4-rotated1-rotated2-rotated1 - Copy.jpg,"not radius, ulna, or humerus"
./dataset_binary/fractured/92-rotated1-rotated2-rotated1.jpg,outputs/removed_other_bones_quarantine/dataset_binary__fractured__92-rotated1-rotated2-rotated1.jpg,"not radius, ulna, or humerus"
./dataset_binary/fractured/89 - Copy (1).jpg,outputs/removed_other_bones_quarantine/dataset_binary__fractured__89 - Copy (1).jpg,"not radius, ulna, or humerus"
./dataset_binary/fractured/83-rotated1-rotated2-rotated3 (1).jpg,outputs/removed_other_bones_quarantine/dataset_binary__fractured__83-rotated1-rotated2-rotated3 (1).jpg,"not radius, ulna, or humerus"
./dataset_binary/fractured/97-rotated2-rotated3-rotated2 - Copy (1).jpg,outputs/removed_other_bones_quarantine/dataset_binary__fractured__97-rotated2-rotated3-rotated2 - Copy (1).jpg,"not radius, ulna, or humerus"
./dataset_binary/fractured/83-rotated2-rotated2.jpg,outputs/removed_other_bones_quarantine/dataset_binary__fractured__83-rotated2-rotated2.jpg,"not radius, ulna, or humerus"
./dataset_binary/fractured/86-rotated2-rotated3-rotated3 - Copy (1).jpg,outputs/removed_other_bones_quarantine/dataset_binary__fractured__86-rotated2-rotated3-rotated3 - Copy (1).jpg,"not radius, ulna, or humerus"
./dataset_binary/fractured/98-rotated2-rotated2-rotated1 - Copy.jpg,outputs/removed_other_bones_quarantine/dataset_binary__fractured__98-rotated2-rotated2-rotated1 - Copy.jpg,"not radius, ulna, or humerus"
./dataset_binary/fractured/95-rotated2-rotated3-rotated2.jpg,outputs/removed_other_bones_quarantine/dataset_binary__fractured__95-rotated2-rotated3-rotated2.jpg,"not radius, ulna, or humerus"
./dataset_binary/fractured/92-rotated3-rotated2 - Copy (1).jpg,outputs/removed_other_bones_quarantine/dataset_binary__fractured__92-rotated3-rotated2 - Copy (1).jpg,"not radius, ulna, or humerus"
./dataset_binary/fractured/94-rotated3 (1).jpg,outputs/removed_other_bones_quarantine/dataset_binary__fractured__94-rotated3 (1).jpg,"not radius, ulna, or humerus"
./dataset_binary/fractured/197.jpg,outputs/removed_other_bones_quarantine/dataset_binary__fractured__197.jpg,"not radius, ulna, or humerus"
./dataset_binary/fractured/96 (1).jpg,outputs/removed_other_bones_quarantine/dataset_binary__fractured__96 (1).jpg,"not radius, ulna, or humerus"
./dataset_binary/fractured/85-rotated2-rotated1.jpg,outputs/removed_other_bones_quarantine/dataset_binary__fractured__85-rotated2-rotated1.jpg,"not radius, ulna, or humerus"
./dataset_binary/fractured/93-rotated1-rotated1 - Copy.jpg,outputs/removed_other_bones_quarantine/dataset_binary__fractured__93-rotated1-rotated1 - Copy.jpg,"not radius, ulna, or humerus"
./dataset_binary/fractured/5-rotated3-rotated3-rotated2 - Copy.jpg,outputs/removed_other_bones_quarantine/dataset_binary__fractured__5-rotated3-rotated3-rotated2 - Copy.jpg,"not radius, ulna, or humerus"
./dataset_binary/fractured/82-rotated1-rotated1 - Copy.jpg,outputs/removed_other_bones_quarantine/dataset_binary__fractured__82-rotated1-rotated1 - Copy.jpg,"not radius, ulna, or humerus"
./dataset_binary/fractured/7-rotated3-rotated1.jpg,outputs/removed_other_bones_quarantine/dataset_binary__fractured__7-rotated3-rotated1.jpg,"not radius, ulna, or humerus"
./dataset_binary/fractured/89-rotated1-rotated2-rotated1 (1).jpg,outputs/removed_other_bones_quarantine/dataset_binary__fractured__89-rotated1-rotated2-rotated1 (1).jpg,"not radius, ulna, or humerus"
./dataset_binary/fractured/98-rotated1-rotated2-rotated1 (1).jpg,outputs/removed_other_bones_quarantine/dataset_binary__fractured__98-rotated1-rotated2-rotated1 (1).jpg,"not radius, ulna, or humerus"
./dataset_binary/fractured/96-rotated2-rotated2-rotated3 (1).jpg,outputs/removed_other_bones_quarantine/dataset_binary__fractured__96-rotated2-rotated2-rotated3 (1).jpg,"not radius, ulna, or humerus"
./dataset_binary/fractured/208.jpg,outputs/removed_other_bones_quarantine/dataset_binary__fractured__208.jpg,"not radius, ulna, or humerus"
./dataset_binary/fractured/7-rotated1-rotated3.jpg,outputs/removed_other_bones_quarantine/dataset_binary__fractured__7-rotated1-rotated3.jpg,"not radius, ulna, or humerus"
./dataset_binary/fractured/98-rotated1.jpg,outputs/removed_other_bones_quarantine/dataset_binary__fractured__98-rotated1.jpg,"not radius, ulna, or humerus"
./dataset_binary/fractured/79-rotated3-rotated3-rotated1 - Copy (1).jpg,outputs/removed_other_bones_quarantine/dataset_binary__fractured__79-rotated3-rotated3-rotated1 - Copy (1).jpg,"not radius, ulna, or humerus"
./dataset_binary/fractured/gr172.jpg,outputs/removed_other_bones_quarantine/dataset_binary__fractured__gr172.jpg,"not radius, ulna, or humerus"
./dataset_binary/fractured/80-rotated1-rotated3.jpg,outputs/removed_other_bones_quarantine/dataset_binary__fractured__80-rotated1-rotated3.jpg,"not radius, ulna, or humerus"
./dataset_binary/fractured/215.jpg,outputs/removed_other_bones_quarantine/dataset_binary__fractured__215.jpg,"not radius, ulna, or humerus"
./dataset_binary/fractured/6-rotated2-rotated1-rotated3 - Copy (1).jpg,outputs/removed_other_bones_quarantine/dataset_binary__fractured__6-rotated2-rotated1-rotated3 - Copy (1).jpg,"not radius, ulna, or humerus"
./dataset_binary/fractured/82-rotated3-rotated2-rotated1 - Copy.jpg,outputs/removed_other_bones_quarantine/dataset_binary__fractured__82-rotated3-rotated2-rotated1 - Copy.jpg,"not radius, ulna, or humerus"
./dataset_binary/fractured/83-rotated2-rotated2-rotated2 - Copy.jpg,outputs/removed_other_bones_quarantine/dataset_binary__fractured__83-rotated2-rotated2-rotated2 - Copy.jpg,"not radius, ulna, or humerus"
./dataset_binary/fractured/97-rotated1-rotated2-rotated2 - Copy.jpg,outputs/removed_other_bones_quarantine/dataset_binary__fractured__97-rotated1-rotated2-rotated2 - Copy.jpg,"not radius, ulna, or humerus"
./dataset_binary/fractured/83-rotated2-rotated2-rotated1.jpg,outputs/removed_other_bones_quarantine/dataset_binary__fractured__83-rotated2-rotated2-rotated1.jpg,"not radius, ulna, or humerus"
./dataset_binary/fractured/92-rotated1-rotated1-rotated3 (1).jpg,outputs/removed_other_bones_quarantine/dataset_binary__fractured__92-rotated1-rotated1-rotated3 (1).jpg,"not radius, ulna, or humerus"
./dataset_binary/fractured/93-rotated1-rotated2-rotated2 - Copy (1).jpg,outputs/removed_other_bones_quarantine/dataset_binary__fractured__93-rotated1-rotated2-rotated2 - Copy (1).jpg,"not radius, ulna, or humerus"
./dataset_binary/fractured/98-rotated3-rotated1.jpg,outputs/removed_other_bones_quarantine/dataset_binary__fractured__98-rotated3-rotated1.jpg,"not radius, ulna, or humerus"
./dataset_binary/fractured/99-rotated2-rotated2-rotated3 - Copy.jpg,outputs/removed_other_bones_quarantine/dataset_binary__fractured__99-rotated2-rotated2-rotated3 - Copy.jpg,"not radius, ulna, or humerus"
./dataset_binary/fractured/99-rotated1-rotated2-rotated1 - Copy (1).jpg,outputs/removed_other_bones_quarantine/dataset_binary__fractured__99-rotated1-rotated2-rotated1 - Copy (1).jpg,"not radius, ulna, or humerus"
./dataset_binary/fractured/88-rotated3-rotated1-rotated2 - Copy (1).jpg,outputs/removed_other_bones_quarantine/dataset_binary__fractured__88-rotated3-rotated1-rotated2 - Copy (1).jpg,"not radius, ulna, or humerus"
./dataset_binary/fractured/95-rotated1-rotated1 - Copy (1).jpg,outputs/removed_other_bones_quarantine/dataset_binary__fractured__95-rotated1-rotated1 - Copy (1).jpg,"not radius, ulna, or humerus"
./dataset_binary/fractured/80-rotated2-rotated3-rotated3 (1).jpg,outputs/removed_other_bones_quarantine/dataset_binary__fractured__80-rotated2-rotated3-rotated3 (1).jpg,"not radius, ulna, or humerus"
./dataset_binary/fractured/5-rotated2-rotated1-rotated3 - Copy.jpg,outputs/removed_other_bones_quarantine/dataset_binary__fractured__5-rotated2-rotated1-rotated3 - Copy.jpg,"not radius, ulna, or humerus"
./dataset_binary/fractured/84-rotated3-rotated1-rotated2 - Copy.jpg,outputs/removed_other_bones_quarantine/dataset_binary__fractured__84-rotated3-rotated1-rotated2 - Copy.jpg,"not radius, ulna, or humerus"
./dataset_binary/fractured/97-rotated3-rotated2 - Copy (1).jpg,outputs/removed_other_bones_quarantine/dataset_binary__fractured__97-rotated3-rotated2 - Copy (1).jpg,"not radius, ulna, or humerus"
./dataset_binary/fractured/4-rotated3-rotated3-rotated3 (1).jpg,outputs/removed_other_bones_quarantine/dataset_binary__fractured__4-rotated3-rotated3-rotated3 (1).jpg,"not radius, ulna, or humerus"
./dataset_binary/fractured/91-rotated1-rotated2-rotated3.jpg,outputs/removed_other_bones_quarantine/dataset_binary__fractured__91-rotated1-rotated2-rotated3.jpg,"not radius, ulna, or humerus"
./dataset_binary/fractured/97-rotated3-rotated1-rotated2 - Copy.jpg,outputs/removed_other_bones_quarantine/dataset_binary__fractured__97-rotated3-rotated1-rotated2 - Copy.jpg,"not radius, ulna, or humerus"
./dataset_binary/fractured/96-rotated3-rotated2.jpg,outputs/removed_other_bones_quarantine/dataset_binary__fractured__96-rotated3-rotated2.jpg,"not radius, ulna, or humerus"
./dataset_binary/fractured/3930cc493330e584ebae1c3f03a8f2_gallery (1).jpg,outputs/removed_other_bones_quarantine/dataset_binary__fractured__3930cc493330e584ebae1c3f03a8f2_gallery (1).jpg,"not radius, ulna, or humerus"
./dataset_binary/fractured/98-rotated2-rotated3-rotated3.jpg,outputs/removed_other_bones_quarantine/dataset_binary__fractured__98-rotated2-rotated3-rotated3.jpg,"not radius, ulna, or humerus"
./dataset_binary/fractured/3-rotated3-rotated3-rotated2 - Copy.jpg,outputs/removed_other_bones_quarantine/dataset_binary__fractured__3-rotated3-rotated3-rotated2 - Copy.jpg,"not radius, ulna, or humerus"
./dataset_binary/fractured/94-rotated1 - Copy (1).jpg,outputs/removed_other_bones_quarantine/dataset_binary__fractured__94-rotated1 - Copy (1).jpg,"not radius, ulna, or humerus"
./dataset_binary/fractured/91-rotated1-rotated1-rotated3 - Copy.jpg,outputs/removed_other_bones_quarantine/dataset_binary__fractured__91-rotated1-rotated1-rotated3 - Copy.jpg,"not radius, ulna, or humerus"
./dataset_binary/fractured/3-rotated2-rotated3-rotated3 - Copy.jpg,outputs/removed_other_bones_quarantine/dataset_binary__fractured__3-rotated2-rotated3-rotated3 - Copy.jpg,"not radius, ulna, or humerus"
./dataset_binary/fractured/97-rotated1.jpg,outputs/removed_other_bones_quarantine/dataset_binary__fractured__97-rotated1.jpg,"not radius, ulna, or humerus"
./dataset_binary/fractured/96-rotated3-rotated1-rotated2 - Copy (1).jpg,outputs/removed_other_bones_quarantine/dataset_binary__fractured__96-rotated3-rotated1-rotated2 - Copy (1).jpg,"not radius, ulna, or humerus"
./dataset_binary/fractured/99-rotated3-rotated1 (1).jpg,outputs/removed_other_bones_quarantine/dataset_binary__fractured__99-rotated3-rotated1 (1).jpg,"not radius, ulna, or humerus"
./dataset_binary/fractured/80-rotated3-rotated1-rotated3 - Copy.jpg,outputs/removed_other_bones_quarantine/dataset_binary__fractured__80-rotated3-rotated1-rotated3 - Copy.jpg,"not radius, ulna, or humerus"
./dataset_binary/fractured/99-rotated1-rotated1 - Copy (1).jpg,outputs/removed_other_bones_quarantine/dataset_binary__fractured__99-rotated1-rotated1 - Copy (1).jpg,"not radius, ulna, or humerus"
./dataset_binary/fractured/IMG0002437.jpg,outputs/removed_other_bones_quarantine/dataset_binary__fractured__IMG0002437.jpg,"not radius, ulna, or humerus"
./dataset_binary/fractured/82-rotated2-rotated2-rotated2 - Copy (1).jpg,outputs/removed_other_bones_quarantine/dataset_binary__fractured__82-rotated2-rotated2-rotated2 - Copy (1).jpg,"not radius, ulna, or humerus"
./dataset_binary/fractured/00655154.png,outputs/removed_other_bones_quarantine/dataset_binary__fractured__00655154.png,"not radius, ulna, or humerus"
./dataset_binary/fractured/97-rotated1-rotated3 - Copy (1).jpg,outputs/removed_other_bones_quarantine/dataset_binary__fractured__97-rotated1-rotated3 - Copy (1).jpg,"not radius, ulna, or humerus"
./dataset_binary/fractured/79-rotated3-rotated1-rotated3 - Copy (1).jpg,outputs/removed_other_bones_quarantine/dataset_binary__fractured__79-rotated3-rotated1-rotated3 - Copy (1).jpg,"not radius, ulna, or humerus"
./dataset_binary/fractured/84-rotated2-rotated1 - Copy (1).jpg,outputs/removed_other_bones_quarantine/dataset_binary__fractured__84-rotated2-rotated1 - Copy (1).jpg,"not radius, ulna, or humerus"
./dataset_binary/fractured/98-rotated1-rotated3-rotated1 - Copy.jpg,outputs/removed_other_bones_quarantine/dataset_binary__fractured__98-rotated1-rotated3-rotated1 - Copy.jpg,"not radius, ulna, or humerus"
./dataset_binary/fractured/99-rotated1-rotated3-rotated3 (1).jpg,outputs/removed_other_bones_quarantine/dataset_binary__fractured__99-rotated1-rotated3-rotated3 (1).jpg,"not radius, ulna, or humerus"
./dataset_binary/fractured/89-rotated1-rotated3.jpg,outputs/removed_other_bones_quarantine/dataset_binary__fractured__89-rotated1-rotated3.jpg,"not radius, ulna, or humerus"
./dataset_binary/fractured/6-rotated1-rotated2-rotated3.jpg,outputs/removed_other_bones_quarantine/dataset_binary__fractured__6-rotated1-rotated2-rotated3.jpg,"not radius, ulna, or humerus"
./dataset_binary/fractured/82-rotated3-rotated3 - Copy (1).jpg,outputs/removed_other_bones_quarantine/dataset_binary__fractured__82-rotated3-rotated3 - Copy (1).jpg,"not radius, ulna, or humerus"
./dataset_binary/fractured/6-rotated2-rotated3-rotated2.jpg,outputs/removed_other_bones_quarantine/dataset_binary__fractured__6-rotated2-rotated3-rotated2.jpg,"not radius, ulna, or humerus"
./dataset_binary/fractured/90-rotated1-rotated3-rotated2.jpg,outputs/removed_other_bones_quarantine/dataset_binary__fractured__90-rotated1-rotated3-rotated2.jpg,"not radius, ulna, or humerus"
./dataset_binary/fractured/a5097978d08468_Afbeelding-1.jpg,outputs/removed_other_bones_quarantine/dataset_binary__fractured__a5097978d08468_Afbeelding-1.jpg,"not radius, ulna, or humerus"
./dataset_binary/fractured/88-rotated1-rotated3 - Copy.jpg,outputs/removed_other_bones_quarantine/dataset_binary__fractured__88-rotated1-rotated3 - Copy.jpg,"not radius, ulna, or humerus"
./dataset_binary/fractured/95-rotated3-rotated2.jpg,outputs/removed_other_bones_quarantine/dataset_binary__fractured__95-rotated3-rotated2.jpg,"not radius, ulna, or humerus"
./dataset_binary/fractured/98-rotated1-rotated2.jpg,outputs/removed_other_bones_quarantine/dataset_binary__fractured__98-rotated1-rotated2.jpg,"not radius, ulna, or humerus"
./dataset_binary/fractured/95-rotated1-rotated1-rotated1 - Copy (1).jpg,outputs/removed_other_bones_quarantine/dataset_binary__fractured__95-rotated1-rotated1-rotated1 - Copy (1).jpg,"not radius, ulna, or humerus"
./dataset_binary/fractured/98-rotated2-rotated1-rotated3 - Copy (1).jpg,outputs/removed_other_bones_quarantine/dataset_binary__fractured__98-rotated2-rotated1-rotated3 - Copy (1).jpg,"not radius, ulna, or humerus"
./dataset_binary/fractured/80-rotated1-rotated2-rotated1 - Copy (1).jpg,outputs/removed_other_bones_quarantine/dataset_binary__fractured__80-rotated1-rotated2-rotated1 - Copy (1).jpg,"not radius, ulna, or humerus"
./dataset_binary/fractured/79-rotated3-rotated2 (1).jpg,outputs/removed_other_bones_quarantine/dataset_binary__fractured__79-rotated3-rotated2 (1).jpg,"not radius, ulna, or humerus"
./dataset_binary/fractured/8-rotated3-rotated1-rotated1 - Copy (1).jpg,outputs/removed_other_bones_quarantine/dataset_binary__fractured__8-rotated3-rotated1-rotated1 - Copy (1).jpg,"not radius, ulna, or humerus"
./dataset_binary/fractured/98-rotated2-rotated2-rotated2 - Copy (1).jpg,outputs/removed_other_bones_quarantine/dataset_binary__fractured__98-rotated2-rotated2-rotated2 - Copy (1).jpg,"not radius, ulna, or humerus"
./dataset_binary/fractured/89-rotated2-rotated2-rotated1 - Copy.jpg,outputs/removed_other_bones_quarantine/dataset_binary__fractured__89-rotated2-rotated2-rotated1 - Copy.jpg,"not radius, ulna, or humerus"
./dataset_binary/fractured/83-rotated3-rotated1-rotated2 - Copy (1).jpg,outputs/removed_other_bones_quarantine/dataset_binary__fractured__83-rotated3-rotated1-rotated2 - Copy (1).jpg,"not radius, ulna, or humerus"
./dataset_binary/fractured/98-rotated1-rotated2-rotated2 (1).jpg,outputs/removed_other_bones_quarantine/dataset_binary__fractured__98-rotated1-rotated2-rotated2 (1).jpg,"not radius, ulna, or humerus"
./dataset_binary/fractured/88-rotated2-rotated3-rotated3 - Copy (1).jpg,outputs/removed_other_bones_quarantine/dataset_binary__fractured__88-rotated2-rotated3-rotated3 - Copy (1).jpg,"not radius, ulna, or humerus"
./dataset_binary/fractured/3-rotated2-rotated1-rotated3 - Copy (1).jpg,outputs/removed_other_bones_quarantine/dataset_binary__fractured__3-rotated2-rotated1-rotated3 - Copy (1).jpg,"not radius, ulna, or humerus"
./dataset_binary/fractured/7-rotated2-rotated1-rotated2 - Copy (1).jpg,outputs/removed_other_bones_quarantine/dataset_binary__fractured__7-rotated2-rotated1-rotated2 - Copy (1).jpg,"not radius, ulna, or humerus"
./dataset_binary/fractured/1a.jpg,outputs/removed_other_bones_quarantine/dataset_binary__fractured__1a.jpg,"not radius, ulna, or humerus"
./dataset_binary/fractured/88-rotated1-rotated3-rotated1 - Copy (1).jpg,outputs/removed_other_bones_quarantine/dataset_binary__fractured__88-rotated1-rotated3-rotated1 - Copy (1).jpg,"not radius, ulna, or humerus"
./dataset_binary/fractured/4-rotated2-rotated2-rotated2 - Copy (1).jpg,outputs/removed_other_bones_quarantine/dataset_binary__fractured__4-rotated2-rotated2-rotated2 - Copy (1).jpg,"not radius, ulna, or humerus"
./dataset_binary/fractured/1-rotated3-rotated2-rotated3 (1).jpg,outputs/removed_other_bones_quarantine/dataset_binary__fractured__1-rotated3-rotated2-rotated3 (1).jpg,"not radius, ulna, or humerus"
./dataset_binary/fractured/27.jpg,outputs/removed_other_bones_quarantine/dataset_binary__fractured__27.jpg,"not radius, ulna, or humerus"
./dataset_binary/fractured/6-rotated2-rotated2 - Copy.jpg,outputs/removed_other_bones_quarantine/dataset_binary__fractured__6-rotated2-rotated2 - Copy.jpg,"not radius, ulna, or humerus"
./dataset_binary/fractured/79-rotated3-rotated3-rotated2 (1).jpg,outputs/removed_other_bones_quarantine/dataset_binary__fractured__79-rotated3-rotated3-rotated2 (1).jpg,"not radius, ulna, or humerus"
./dataset_binary/fractured/118.jpg,outputs/removed_other_bones_quarantine/dataset_binary__fractured__118.jpg,"not radius, ulna, or humerus"
./dataset_binary/fractured/96-rotated2-rotated3-rotated3 - Copy.jpg,outputs/removed_other_bones_quarantine/dataset_binary__fractured__96-rotated2-rotated3-rotated3 - Copy.jpg,"not radius, ulna, or humerus"
./dataset_binary/fractured/92-rotated3-rotated3-rotated1 - Copy.jpg,outputs/removed_other_bones_quarantine/dataset_binary__fractured__92-rotated3-rotated3-rotated1 - Copy.jpg,"not radius, ulna, or humerus"
./dataset_binary/fractured/99-rotated2-rotated2.jpg,outputs/removed_other_bones_quarantine/dataset_binary__fractured__99-rotated2-rotated2.jpg,"not radius, ulna, or humerus"
./dataset_binary/fractured/2-rotated1-rotated1.jpg,outputs/removed_other_bones_quarantine/dataset_binary__fractured__2-rotated1-rotated1.jpg,"not radius, ulna, or humerus"
./dataset_binary/fractured/86-rotated3-rotated3-rotated3 (1).jpg,outputs/removed_other_bones_quarantine/dataset_binary__fractured__86-rotated3-rotated3-rotated3 (1).jpg,"not radius, ulna, or humerus"
./dataset_binary/fractured/82-rotated2-rotated1-rotated2.jpg,outputs/removed_other_bones_quarantine/dataset_binary__fractured__82-rotated2-rotated1-rotated2.jpg,"not radius, ulna, or humerus"
./dataset_binary/fractured/85-rotated3-rotated2-rotated3 - Copy (1).jpg,outputs/removed_other_bones_quarantine/dataset_binary__fractured__85-rotated3-rotated2-rotated3 - Copy (1).jpg,"not radius, ulna, or humerus"
./dataset_binary/fractured/81-rotated3-rotated3-rotated2 - Copy.jpg,outputs/removed_other_bones_quarantine/dataset_binary__fractured__81-rotated3-rotated3-rotated2 - Copy.jpg,"not radius, ulna, or humerus"
./dataset_binary/fractured/85-rotated3-rotated2 (1).jpg,outputs/removed_other_bones_quarantine/dataset_binary__fractured__85-rotated3-rotated2 (1).jpg,"not radius, ulna, or humerus"
./dataset_binary/fractured/92-rotated1-rotated1-rotated2 (1).jpg,outputs/removed_other_bones_quarantine/dataset_binary__fractured__92-rotated1-rotated1-rotated2 (1).jpg,"not radius, ulna, or humerus"
./dataset_binary/fractured/9d79b527cca86a56fa24c88017e6bbd4--x-rays-physiology.jpg,outputs/removed_other_bones_quarantine/dataset_binary__fractured__9d79b527cca86a56fa24c88017e6bbd4--x-rays-physiology.jpg,"not radius, ulna, or humerus"
./dataset_binary/fractured/93-rotated3-rotated3-rotated3 - Copy (1).jpg,outputs/removed_other_bones_quarantine/dataset_binary__fractured__93-rotated3-rotated3-rotated3 - Copy (1).jpg,"not radius, ulna, or humerus"
./dataset_binary/fractured/88-rotated1-rotated2.jpg,outputs/removed_other_bones_quarantine/dataset_binary__fractured__88-rotated1-rotated2.jpg,"not radius, ulna, or humerus"
./dataset_binary/fractured/91-rotated2-rotated1-rotated1 - Copy.jpg,outputs/removed_other_bones_quarantine/dataset_binary__fractured__91-rotated2-rotated1-rotated1 - Copy.jpg,"not radius, ulna, or humerus"
./dataset_binary/fractured/96-rotated1-rotated1 (1).jpg,outputs/removed_other_bones_quarantine/dataset_binary__fractured__96-rotated1-rotated1 (1).jpg,"not radius, ulna, or humerus"
./dataset_binary/fractured/81-rotated3 - Copy (1).jpg,outputs/removed_other_bones_quarantine/dataset_binary__fractured__81-rotated3 - Copy (1).jpg,"not radius, ulna, or humerus"
./dataset_binary/fractured/5 - Copy (1).jpg,outputs/removed_other_bones_quarantine/dataset_binary__fractured__5 - Copy (1).jpg,"not radius, ulna, or humerus"
./dataset_binary/fractured/90-rotated3-rotated2 - Copy.jpg,outputs/removed_other_bones_quarantine/dataset_binary__fractured__90-rotated3-rotated2 - Copy.jpg,"not radius, ulna, or humerus"
./dataset_binary/fractured/82-rotated2-rotated2 - Copy.jpg,outputs/removed_other_bones_quarantine/dataset_binary__fractured__82-rotated2-rotated2 - Copy.jpg,"not radius, ulna, or humerus"
./dataset_binary/fractured/88-rotated2-rotated3-rotated1 (1).jpg,outputs/removed_other_bones_quarantine/dataset_binary__fractured__88-rotated2-rotated3-rotated1 (1).jpg,"not radius, ulna, or humerus"
./dataset_binary/fractured/1-rotated1-rotated3 (1).jpg,outputs/removed_other_bones_quarantine/dataset_binary__fractured__1-rotated1-rotated3 (1).jpg,"not radius, ulna, or humerus"
./dataset_binary/fractured/90 - Copy.jpg,outputs/removed_other_bones_quarantine/dataset_binary__fractured__90 - Copy.jpg,"not radius, ulna, or humerus"
./dataset_binary/fractured/89-rotated3-rotated2 - Copy.jpg,outputs/removed_other_bones_quarantine/dataset_binary__fractured__89-rotated3-rotated2 - Copy.jpg,"not radius, ulna, or humerus"
./dataset_binary/fractured/80-rotated2-rotated3-rotated2 (1).jpg,outputs/removed_other_bones_quarantine/dataset_binary__fractured__80-rotated2-rotated3-rotated2 (1).jpg,"not radius, ulna, or humerus"
./dataset_binary/fractured/97-rotated1-rotated2 - Copy.jpg,outputs/removed_other_bones_quarantine/dataset_binary__fractured__97-rotated1-rotated2 - Copy.jpg,"not radius, ulna, or humerus"
./dataset_binary/fractured/image6.jpeg,outputs/removed_other_bones_quarantine/dataset_binary__fractured__image6.jpeg,"not radius, ulna, or humerus"
./dataset_binary/fractured/89-rotated3-rotated2-rotated1 - Copy.jpg,outputs/removed_other_bones_quarantine/dataset_binary__fractured__89-rotated3-rotated2-rotated1 - Copy.jpg,"not radius, ulna, or humerus"
./dataset_binary/fractured/83-rotated2-rotated1 - Copy (1).jpg,outputs/removed_other_bones_quarantine/dataset_binary__fractured__83-rotated2-rotated1 - Copy (1).jpg,"not radius, ulna, or humerus"
./dataset_binary/fractured/54d38979da5d67c85b1df0919c12d4_jumbo.jpeg,outputs/removed_other_bones_quarantine/dataset_binary__fractured__54d38979da5d67c85b1df0919c12d4_jumbo.jpeg,"not radius, ulna, or humerus"
./dataset_binary/fractured/2-rotated3-rotated1-rotated1.jpg,outputs/removed_other_bones_quarantine/dataset_binary__fractured__2-rotated3-rotated1-rotated1.jpg,"not radius, ulna, or humerus"
./dataset_binary/fractured/8-rotated1-rotated1-rotated2 (1).jpg,outputs/removed_other_bones_quarantine/dataset_binary__fractured__8-rotated1-rotated1-rotated2 (1).jpg,"not radius, ulna, or humerus"
./dataset_binary/fractured/91-rotated3-rotated1-rotated1 (1).jpg,outputs/removed_other_bones_quarantine/dataset_binary__fractured__91-rotated3-rotated1-rotated1 (1).jpg,"not radius, ulna, or humerus"
./dataset_binary/fractured/80-rotated2-rotated2-rotated2 (1).jpg,outputs/removed_other_bones_quarantine/dataset_binary__fractured__80-rotated2-rotated2-rotated2 (1).jpg,"not radius, ulna, or humerus"
./dataset_binary/fractured/5-rotated3-rotated2-rotated3 - Copy.jpg,outputs/removed_other_bones_quarantine/dataset_binary__fractured__5-rotated3-rotated2-rotated3 - Copy.jpg,"not radius, ulna, or humerus"
./dataset_binary/fractured/4-rotated1-rotated2-rotated3 - Copy (1).jpg,outputs/removed_other_bones_quarantine/dataset_binary__fractured__4-rotated1-rotated2-rotated3 - Copy (1).jpg,"not radius, ulna, or humerus"
./dataset_binary/fractured/90-rotated2 - Copy (1).jpg,outputs/removed_other_bones_quarantine/dataset_binary__fractured__90-rotated2 - Copy (1).jpg,"not radius, ulna, or humerus"
./dataset_binary/fractured/1-rotated2-rotated1-rotated2 - Copy (1).jpg,outputs/removed_other_bones_quarantine/dataset_binary__fractured__1-rotated2-rotated1-rotated2 - Copy (1).jpg,"not radius, ulna, or humerus"
./dataset_binary/fractured/218.jpg,outputs/removed_other_bones_quarantine/dataset_binary__fractured__218.jpg,"not radius, ulna, or humerus"
./dataset_binary/fractured/4-rotated1-rotated1-rotated1 - Copy.jpg,outputs/removed_other_bones_quarantine/dataset_binary__fractured__4-rotated1-rotated1-rotated1 - Copy.jpg,"not radius, ulna, or humerus"
./dataset_binary/fractured/88-rotated2-rotated3-rotated2 - Copy.jpg,outputs/removed_other_bones_quarantine/dataset_binary__fractured__88-rotated2-rotated3-rotated2 - Copy.jpg,"not radius, ulna, or humerus"
./dataset_binary/fractured/0._jumbo.jpeg,outputs/removed_other_bones_quarantine/dataset_binary__fractured__0._jumbo.jpeg,"not radius, ulna, or humerus"
./dataset_binary/fractured/99-rotated3 - Copy.jpg,outputs/removed_other_bones_quarantine/dataset_binary__fractured__99-rotated3 - Copy.jpg,"not radius, ulna, or humerus"
./dataset_binary/fractured/94-rotated3-rotated2-rotated3 (1).jpg,outputs/removed_other_bones_quarantine/dataset_binary__fractured__94-rotated3-rotated2-rotated3 (1).jpg,"not radius, ulna, or humerus"
./dataset_binary/fractured/195.jpg,outputs/removed_other_bones_quarantine/dataset_binary__fractured__195.jpg,"not radius, ulna, or humerus"
./dataset_binary/fractured/3-rotated1-rotated3-rotated1 - Copy.jpg,outputs/removed_other_bones_quarantine/dataset_binary__fractured__3-rotated1-rotated3-rotated1 - Copy.jpg,"not radius, ulna, or humerus"
./dataset_binary/fractured/22(1).jpg,outputs/removed_other_bones_quarantine/dataset_binary__fractured__22(1).jpg,"not radius, ulna, or humerus"
./dataset_binary/fractured/83-rotated2-rotated1-rotated3 - Copy.jpg,outputs/removed_other_bones_quarantine/dataset_binary__fractured__83-rotated2-rotated1-rotated3 - Copy.jpg,"not radius, ulna, or humerus"
./dataset_binary/fractured/85-rotated3-rotated3-rotated1 - Copy.jpg,outputs/removed_other_bones_quarantine/dataset_binary__fractured__85-rotated3-rotated3-rotated1 - Copy.jpg,"not radius, ulna, or humerus"
./dataset_binary/fractured/79-rotated3-rotated2-rotated3.jpg,outputs/removed_other_bones_quarantine/dataset_binary__fractured__79-rotated3-rotated2-rotated3.jpg,"not radius, ulna, or humerus"
./dataset_binary/fractured/79-rotated2-rotated2-rotated1 (1).jpg,outputs/removed_other_bones_quarantine/dataset_binary__fractured__79-rotated2-rotated2-rotated1 (1).jpg,"not radius, ulna, or humerus"
./dataset_binary/fractured/1-rotated3-rotated1-rotated2 - Copy (1).jpg,outputs/removed_other_bones_quarantine/dataset_binary__fractured__1-rotated3-rotated1-rotated2 - Copy (1).jpg,"not radius, ulna, or humerus"
./dataset_binary/fractured/2-rotated1-rotated2-rotated1 - Copy.jpg,outputs/removed_other_bones_quarantine/dataset_binary__fractured__2-rotated1-rotated2-rotated1 - Copy.jpg,"not radius, ulna, or humerus"
./dataset_binary/fractured/94-rotated3-rotated1-rotated3 - Copy (1).jpg,outputs/removed_other_bones_quarantine/dataset_binary__fractured__94-rotated3-rotated1-rotated3 - Copy (1).jpg,"not radius, ulna, or humerus"
./dataset_binary/fractured/8-rotated3-rotated3-rotated1 - Copy (1).jpg,outputs/removed_other_bones_quarantine/dataset_binary__fractured__8-rotated3-rotated3-rotated1 - Copy (1).jpg,"not radius, ulna, or humerus"
./dataset_binary/fractured/85-rotated1-rotated1-rotated1 - Copy.jpg,outputs/removed_other_bones_quarantine/dataset_binary__fractured__85-rotated1-rotated1-rotated1 - Copy.jpg,"not radius, ulna, or humerus"
./dataset_binary/fractured/91-rotated3-rotated1-rotated3.jpg,outputs/removed_other_bones_quarantine/dataset_binary__fractured__91-rotated3-rotated1-rotated3.jpg,"not radius, ulna, or humerus"
./dataset_binary/fractured/8-rotated3-rotated2-rotated2 - Copy.jpg,outputs/removed_other_bones_quarantine/dataset_binary__fractured__8-rotated3-rotated2-rotated2 - Copy.jpg,"not radius, ulna, or humerus"
./dataset_binary/fractured/91-rotated1-rotated3-rotated2 (1).jpg,outputs/removed_other_bones_quarantine/dataset_binary__fractured__91-rotated1-rotated3-rotated2 (1).jpg,"not radius, ulna, or humerus"
./dataset_binary/fractured/95-rotated1-rotated2-rotated3 - Copy (1).jpg,outputs/removed_other_bones_quarantine/dataset_binary__fractured__95-rotated1-rotated2-rotated3 - Copy (1).jpg,"not radius, ulna, or humerus"
./dataset_binary/fractured/83-rotated3-rotated3.jpg,outputs/removed_other_bones_quarantine/dataset_binary__fractured__83-rotated3-rotated3.jpg,"not radius, ulna, or humerus"
./dataset_binary/fractured/88-rotated3-rotated2-rotated3 - Copy.jpg,outputs/removed_other_bones_quarantine/dataset_binary__fractured__88-rotated3-rotated2-rotated3 - Copy.jpg,"not radius, ulna, or humerus"
./dataset_binary/fractured/94-rotated3-rotated1-rotated1 - Copy (1).jpg,outputs/removed_other_bones_quarantine/dataset_binary__fractured__94-rotated3-rotated1-rotated1 - Copy (1).jpg,"not radius, ulna, or humerus"
./dataset_binary/fractured/97-rotated2-rotated3-rotated3 - Copy (1).jpg,outputs/removed_other_bones_quarantine/dataset_binary__fractured__97-rotated2-rotated3-rotated3 - Copy (1).jpg,"not radius, ulna, or humerus"
./dataset_binary/fractured/1-rotated2-rotated1 (1).jpg,outputs/removed_other_bones_quarantine/dataset_binary__fractured__1-rotated2-rotated1 (1).jpg,"not radius, ulna, or humerus"
./dataset_binary/fractured/92-rotated2-rotated2-rotated1 - Copy (1).jpg,outputs/removed_other_bones_quarantine/dataset_binary__fractured__92-rotated2-rotated2-rotated1 - Copy (1).jpg,"not radius, ulna, or humerus"
./dataset_binary/fractured/89.jpg,outputs/removed_other_bones_quarantine/dataset_binary__fractured__89.jpg,"not radius, ulna, or humerus"
./dataset_binary/fractured/7-rotated2-rotated2-rotated3 (1).jpg,outputs/removed_other_bones_quarantine/dataset_binary__fractured__7-rotated2-rotated2-rotated3 (1).jpg,"not radius, ulna, or humerus"
./dataset_binary/fractured/63.jpg,outputs/removed_other_bones_quarantine/dataset_binary__fractured__63.jpg,"not radius, ulna, or humerus"
./dataset_binary/fractured/97-rotated3 - Copy.jpg,outputs/removed_other_bones_quarantine/dataset_binary__fractured__97-rotated3 - Copy.jpg,"not radius, ulna, or humerus"
./dataset_binary/fractured/95-rotated3-rotated2-rotated3 (1).jpg,outputs/removed_other_bones_quarantine/dataset_binary__fractured__95-rotated3-rotated2-rotated3 (1).jpg,"not radius, ulna, or humerus"
./dataset_binary/fractured/95-rotated1-rotated2-rotated1 - Copy.jpg,outputs/removed_other_bones_quarantine/dataset_binary__fractured__95-rotated1-rotated2-rotated1 - Copy.jpg,"not radius, ulna, or humerus"
./dataset_binary/fractured/227.jpg,outputs/removed_other_bones_quarantine/dataset_binary__fractured__227.jpg,"not radius, ulna, or humerus"
./dataset_binary/fractured/89-rotated1-rotated1-rotated3.jpg,outputs/removed_other_bones_quarantine/dataset_binary__fractured__89-rotated1-rotated1-rotated3.jpg,"not radius, ulna, or humerus"
./dataset_binary/fractured/99-rotated3-rotated2.jpg,outputs/removed_other_bones_quarantine/dataset_binary__fractured__99-rotated3-rotated2.jpg,"not radius, ulna, or humerus"
./dataset_binary/fractured/8-rotated2-rotated1-rotated1 (1).jpg,outputs/removed_other_bones_quarantine/dataset_binary__fractured__8-rotated2-rotated1-rotated1 (1).jpg,"not radius, ulna, or humerus"
./dataset_binary/fractured/6-rotated3-rotated2.jpg,outputs/removed_other_bones_quarantine/dataset_binary__fractured__6-rotated3-rotated2.jpg,"not radius, ulna, or humerus"
./dataset_binary/fractured/1-rotated3-rotated2 (1).jpg,outputs/removed_other_bones_quarantine/dataset_binary__fractured__1-rotated3-rotated2 (1).jpg,"not radius, ulna, or humerus"
./dataset_binary/fractured/87-rotated3-rotated3-rotated3 (1).jpg,outputs/removed_other_bones_quarantine/dataset_binary__fractured__87-rotated3-rotated3-rotated3 (1).jpg,"not radius, ulna, or humerus"
./dataset_binary/fractured/98-rotated2-rotated2-rotated3.jpg,outputs/removed_other_bones_quarantine/dataset_binary__fractured__98-rotated2-rotated2-rotated3.jpg,"not radius, ulna, or humerus"
./dataset_binary/fractured/5-rotated2 (1).jpg,outputs/removed_other_bones_quarantine/dataset_binary__fractured__5-rotated2 (1).jpg,"not radius, ulna, or humerus"
./dataset_binary/fractured/83-rotated2-rotated3-rotated1 - Copy (1).jpg,outputs/removed_other_bones_quarantine/dataset_binary__fractured__83-rotated2-rotated3-rotated1 - Copy (1).jpg,"not radius, ulna, or humerus"
./dataset_binary/fractured/6-rotated2-rotated2-rotated1 (1).jpg,outputs/removed_other_bones_quarantine/dataset_binary__fractured__6-rotated2-rotated2-rotated1 (1).jpg,"not radius, ulna, or humerus"
./dataset_binary/fractured/120.jpg,outputs/removed_other_bones_quarantine/dataset_binary__fractured__120.jpg,"not radius, ulna, or humerus"
./dataset_binary/fractured/000151899789.png,outputs/removed_other_bones_quarantine/dataset_binary__fractured__000151899789.png,"not radius, ulna, or humerus"
./dataset_binary/fractured/97-rotated2-rotated1-rotated3 - Copy.jpg,outputs/removed_other_bones_quarantine/dataset_binary__fractured__97-rotated2-rotated1-rotated3 - Copy.jpg,"not radius, ulna, or humerus"
./dataset_binary/fractured/88 - Copy (1).jpg,outputs/removed_other_bones_quarantine/dataset_binary__fractured__88 - Copy (1).jpg,"not radius, ulna, or humerus"
./dataset_binary/fractured/86-rotated3-rotated2-rotated1 - Copy (1).jpg,outputs/removed_other_bones_quarantine/dataset_binary__fractured__86-rotated3-rotated2-rotated1 - Copy (1).jpg,"not radius, ulna, or humerus"
./dataset_binary/fractured/96-rotated2-rotated3-rotated1 - Copy.jpg,outputs/removed_other_bones_quarantine/dataset_binary__fractured__96-rotated2-rotated3-rotated1 - Copy.jpg,"not radius, ulna, or humerus"
./dataset_binary/fractured/96-rotated2-rotated1.jpg,outputs/removed_other_bones_quarantine/dataset_binary__fractured__96-rotated2-rotated1.jpg,"not radius, ulna, or humerus"
./dataset_binary/fractured/92-rotated1-rotated3-rotated3 - Copy (1).jpg,outputs/removed_other_bones_quarantine/dataset_binary__fractured__92-rotated1-rotated3-rotated3 - Copy (1).jpg,"not radius, ulna, or humerus"
./dataset_binary/fractured/IMG0002345.jpg,outputs/removed_other_bones_quarantine/dataset_binary__fractured__IMG0002345.jpg,"not radius, ulna, or humerus"
./dataset_binary/fractured/85-rotated3-rotated3-rotated3 (1).jpg,outputs/removed_other_bones_quarantine/dataset_binary__fractured__85-rotated3-rotated3-rotated3 (1).jpg,"not radius, ulna, or humerus"
./dataset_binary/fractured/9-rotated2.jpg,outputs/removed_other_bones_quarantine/dataset_binary__fractured__9-rotated2.jpg,"not radius, ulna, or humerus"
./dataset_binary/fractured/97-rotated3-rotated3-rotated1 - Copy (1).jpg,outputs/removed_other_bones_quarantine/dataset_binary__fractured__97-rotated3-rotated3-rotated1 - Copy (1).jpg,"not radius, ulna, or humerus"
./dataset_binary/fractured/98-rotated3-rotated1-rotated1 - Copy.jpg,outputs/removed_other_bones_quarantine/dataset_binary__fractured__98-rotated3-rotated1-rotated1 - Copy.jpg,"not radius, ulna, or humerus"
./dataset_binary/fractured/2-rotated1-rotated2-rotated2 - Copy.jpg,outputs/removed_other_bones_quarantine/dataset_binary__fractured__2-rotated1-rotated2-rotated2 - Copy.jpg,"not radius, ulna, or humerus"
./dataset_binary/fractured/7-rotated1-rotated1-rotated1 (1).jpg,outputs/removed_other_bones_quarantine/dataset_binary__fractured__7-rotated1-rotated1-rotated1 (1).jpg,"not radius, ulna, or humerus"
./dataset_binary/fractured/9-rotated3-rotated2-rotated3 - Copy (1).jpg,outputs/removed_other_bones_quarantine/dataset_binary__fractured__9-rotated3-rotated2-rotated3 - Copy (1).jpg,"not radius, ulna, or humerus"
./dataset_binary/fractured/84-rotated3-rotated2-rotated2 - Copy.jpg,outputs/removed_other_bones_quarantine/dataset_binary__fractured__84-rotated3-rotated2-rotated2 - Copy.jpg,"not radius, ulna, or humerus"
./dataset_binary/fractured/89-rotated1-rotated3-rotated2 (1).jpg,outputs/removed_other_bones_quarantine/dataset_binary__fractured__89-rotated1-rotated3-rotated2 (1).jpg,"not radius, ulna, or humerus"
./dataset_binary/fractured/94-rotated2-rotated1-rotated3 - Copy (1).jpg,outputs/removed_other_bones_quarantine/dataset_binary__fractured__94-rotated2-rotated1-rotated3 - Copy (1).jpg,"not radius, ulna, or humerus"
./dataset_binary/fractured/83-rotated1-rotated3-rotated1 (1).jpg,outputs/removed_other_bones_quarantine/dataset_binary__fractured__83-rotated1-rotated3-rotated1 (1).jpg,"not radius, ulna, or humerus"
./dataset_binary/fractured/95-rotated1-rotated1-rotated3 (1).jpg,outputs/removed_other_bones_quarantine/dataset_binary__fractured__95-rotated1-rotated1-rotated3 (1).jpg,"not radius, ulna, or humerus"
./dataset_binary/fractured/93-rotated2-rotated3-rotated2 (1).jpg,outputs/removed_other_bones_quarantine/dataset_binary__fractured__93-rotated2-rotated3-rotated2 (1).jpg,"not radius, ulna, or humerus"
./dataset_binary/fractured/11(1).jpg,outputs/removed_other_bones_quarantine/dataset_binary__fractured__11(1).jpg,"not radius, ulna, or humerus"
./dataset_binary/fractured/234.jpg,outputs/removed_other_bones_quarantine/dataset_binary__fractured__234.jpg,"not radius, ulna, or humerus"
./dataset_binary/fractured/84-rotated2-rotated1-rotated3 - Copy.jpg,outputs/removed_other_bones_quarantine/dataset_binary__fractured__84-rotated2-rotated1-rotated3 - Copy.jpg,"not radius, ulna, or humerus"
./dataset_binary/fractured/7-rotated1-rotated2-rotated1 (1).jpg,outputs/removed_other_bones_quarantine/dataset_binary__fractured__7-rotated1-rotated2-rotated1 (1).jpg,"not radius, ulna, or humerus"
./dataset_binary/fractured/5-rotated1-rotated3-rotated3 - Copy.jpg,outputs/removed_other_bones_quarantine/dataset_binary__fractured__5-rotated1-rotated3-rotated3 - Copy.jpg,"not radius, ulna, or humerus"
./dataset_binary/fractured/4-rotated3-rotated2-rotated3.jpg,outputs/removed_other_bones_quarantine/dataset_binary__fractured__4-rotated3-rotated2-rotated3.jpg,"not radius, ulna, or humerus"
./dataset_binary/fractured/89-rotated3-rotated3 (1).jpg,outputs/removed_other_bones_quarantine/dataset_binary__fractured__89-rotated3-rotated3 (1).jpg,"not radius, ulna, or humerus"
./dataset_binary/fractured/83-rotated3-rotated3-rotated2 - Copy (1).jpg,outputs/removed_other_bones_quarantine/dataset_binary__fractured__83-rotated3-rotated3-rotated2 - Copy (1).jpg,"not radius, ulna, or humerus"
./dataset_binary/fractured/7-rotated1-rotated1-rotated3.jpg,outputs/removed_other_bones_quarantine/dataset_binary__fractured__7-rotated1-rotated1-rotated3.jpg,"not radius, ulna, or humerus"
./dataset_binary/fractured/83-rotated1-rotated2 - Copy (1).jpg,outputs/removed_other_bones_quarantine/dataset_binary__fractured__83-rotated1-rotated2 - Copy (1).jpg,"not radius, ulna, or humerus"
./dataset_binary/fractured/91-rotated2-rotated1 - Copy.jpg,outputs/removed_other_bones_quarantine/dataset_binary__fractured__91-rotated2-rotated1 - Copy.jpg,"not radius, ulna, or humerus"
./dataset_binary/fractured/89-rotated3-rotated1 - Copy (1).jpg,outputs/removed_other_bones_quarantine/dataset_binary__fractured__89-rotated3-rotated1 - Copy (1).jpg,"not radius, ulna, or humerus"
./dataset_binary/fractured/5-rotated2-rotated1 (1).jpg,outputs/removed_other_bones_quarantine/dataset_binary__fractured__5-rotated2-rotated1 (1).jpg,"not radius, ulna, or humerus"
./dataset_binary/fractured/92-rotated1-rotated3-rotated2 - Copy.jpg,outputs/removed_other_bones_quarantine/dataset_binary__fractured__92-rotated1-rotated3-rotated2 - Copy.jpg,"not radius, ulna, or humerus"
./dataset_binary/fractured/56.jpg,outputs/removed_other_bones_quarantine/dataset_binary__fractured__56.jpg,"not radius, ulna, or humerus"
./dataset_binary/fractured/2-rotated1-rotated3 (1).jpg,outputs/removed_other_bones_quarantine/dataset_binary__fractured__2-rotated1-rotated3 (1).jpg,"not radius, ulna, or humerus"
./dataset_binary/fractured/92-rotated3-rotated1 - Copy.jpg,outputs/removed_other_bones_quarantine/dataset_binary__fractured__92-rotated3-rotated1 - Copy.jpg,"not radius, ulna, or humerus"
./dataset_binary/fractured/1-rotated1.jpg,outputs/removed_other_bones_quarantine/dataset_binary__fractured__1-rotated1.jpg,"not radius, ulna, or humerus"
./dataset_binary/fractured/1-rotated1-rotated3-rotated2 (1).jpg,outputs/removed_other_bones_quarantine/dataset_binary__fractured__1-rotated1-rotated3-rotated2 (1).jpg,"not radius, ulna, or humerus"
./dataset_binary/fractured/1-rotated1-rotated2-rotated2 - Copy.jpg,outputs/removed_other_bones_quarantine/dataset_binary__fractured__1-rotated1-rotated2-rotated2 - Copy.jpg,"not radius, ulna, or humerus"
./dataset_binary/fractured/9-rotated3-rotated3-rotated3 - Copy (1).jpg,outputs/removed_other_bones_quarantine/dataset_binary__fractured__9-rotated3-rotated3-rotated3 - Copy (1).jpg,"not radius, ulna, or humerus"
./dataset_binary/fractured/98-rotated2-rotated1-rotated1 - Copy.jpg,outputs/removed_other_bones_quarantine/dataset_binary__fractured__98-rotated2-rotated1-rotated1 - Copy.jpg,"not radius, ulna, or humerus"
./dataset_binary/fractured/4-rotated2-rotated1-rotated3 - Copy.jpg,outputs/removed_other_bones_quarantine/dataset_binary__fractured__4-rotated2-rotated1-rotated3 - Copy.jpg,"not radius, ulna, or humerus"
./dataset_binary/fractured/4-rotated1-rotated1-rotated3 - Copy (1).jpg,outputs/removed_other_bones_quarantine/dataset_binary__fractured__4-rotated1-rotated1-rotated3 - Copy (1).jpg,"not radius, ulna, or humerus"
./dataset_binary/fractured/88-rotated2-rotated2-rotated2 - Copy (1).jpg,outputs/removed_other_bones_quarantine/dataset_binary__fractured__88-rotated2-rotated2-rotated2 - Copy (1).jpg,"not radius, ulna, or humerus"
./dataset_binary/fractured/85-rotated1-rotated1-rotated3.jpg,outputs/removed_other_bones_quarantine/dataset_binary__fractured__85-rotated1-rotated1-rotated3.jpg,"not radius, ulna, or humerus"
./dataset_binary/fractured/83-rotated3 (1).jpg,outputs/removed_other_bones_quarantine/dataset_binary__fractured__83-rotated3 (1).jpg,"not radius, ulna, or humerus"
./dataset_binary/fractured/72c9b4c7b122501e57f63da52f0e1e_gallery.jpeg,outputs/removed_other_bones_quarantine/dataset_binary__fractured__72c9b4c7b122501e57f63da52f0e1e_gallery.jpeg,"not radius, ulna, or humerus"
./dataset_binary/fractured/80-rotated3 - Copy.jpg,outputs/removed_other_bones_quarantine/dataset_binary__fractured__80-rotated3 - Copy.jpg,"not radius, ulna, or humerus"
./dataset_binary/fractured/81-rotated1-rotated2-rotated1 - Copy (1).jpg,outputs/removed_other_bones_quarantine/dataset_binary__fractured__81-rotated1-rotated2-rotated1 - Copy (1).jpg,"not radius, ulna, or humerus"
./dataset_binary/fractured/96-rotated3-rotated2-rotated2.jpg,outputs/removed_other_bones_quarantine/dataset_binary__fractured__96-rotated3-rotated2-rotated2.jpg,"not radius, ulna, or humerus"
./dataset_binary/fractured/91-rotated3-rotated2-rotated3.jpg,outputs/removed_other_bones_quarantine/dataset_binary__fractured__91-rotated3-rotated2-rotated3.jpg,"not radius, ulna, or humerus"
./dataset_binary/fractured/97-rotated2-rotated3-rotated1 - Copy (1).jpg,outputs/removed_other_bones_quarantine/dataset_binary__fractured__97-rotated2-rotated3-rotated1 - Copy (1).jpg,"not radius, ulna, or humerus"
./dataset_binary/fractured/94-rotated3-rotated1-rotated2 - Copy (1).jpg,outputs/removed_other_bones_quarantine/dataset_binary__fractured__94-rotated3-rotated1-rotated2 - Copy (1).jpg,"not radius, ulna, or humerus"
./dataset_binary/fractured/93-rotated2-rotated3 - Copy.jpg,outputs/removed_other_bones_quarantine/dataset_binary__fractured__93-rotated2-rotated3 - Copy.jpg,"not radius, ulna, or humerus"
./dataset_binary/fractured/2-rotated2-rotated1 (1).jpg,outputs/removed_other_bones_quarantine/dataset_binary__fractured__2-rotated2-rotated1 (1).jpg,"not radius, ulna, or humerus"
./dataset_binary/fractured/84-rotated1-rotated3-rotated1 (1).jpg,outputs/removed_other_bones_quarantine/dataset_binary__fractured__84-rotated1-rotated3-rotated1 (1).jpg,"not radius, ulna, or humerus"
./dataset_binary/fractured/84-rotated2-rotated3-rotated1 - Copy.jpg,outputs/removed_other_bones_quarantine/dataset_binary__fractured__84-rotated2-rotated3-rotated1 - Copy.jpg,"not radius, ulna, or humerus"
./dataset_binary/fractured/89-rotated1 - Copy.jpg,outputs/removed_other_bones_quarantine/dataset_binary__fractured__89-rotated1 - Copy.jpg,"not radius, ulna, or humerus"
./dataset_binary/fractured/95-rotated2-rotated1.jpg,outputs/removed_other_bones_quarantine/dataset_binary__fractured__95-rotated2-rotated1.jpg,"not radius, ulna, or humerus"
./dataset_binary/fractured/88-rotated2-rotated2-rotated3 - Copy.jpg,outputs/removed_other_bones_quarantine/dataset_binary__fractured__88-rotated2-rotated2-rotated3 - Copy.jpg,"not radius, ulna, or humerus"
./dataset_binary/fractured/1-rotated2-rotated3-rotated1.jpg,outputs/removed_other_bones_quarantine/dataset_binary__fractured__1-rotated2-rotated3-rotated1.jpg,"not radius, ulna, or humerus"
./dataset_binary/fractured/2-rotated1-rotated1-rotated1 - Copy.jpg,outputs/removed_other_bones_quarantine/dataset_binary__fractured__2-rotated1-rotated1-rotated1 - Copy.jpg,"not radius, ulna, or humerus"
./dataset_binary/fractured/90-rotated3-rotated3-rotated3 (1).jpg,outputs/removed_other_bones_quarantine/dataset_binary__fractured__90-rotated3-rotated3-rotated3 (1).jpg,"not radius, ulna, or humerus"
./dataset_binary/fractured/93-rotated3-rotated3-rotated2 - Copy.jpg,outputs/removed_other_bones_quarantine/dataset_binary__fractured__93-rotated3-rotated3-rotated2 - Copy.jpg,"not radius, ulna, or humerus"
./dataset_binary/fractured/7-rotated2-rotated3-rotated2.jpg,outputs/removed_other_bones_quarantine/dataset_binary__fractured__7-rotated2-rotated3-rotated2.jpg,"not radius, ulna, or humerus"
./dataset_binary/fractured/82-rotated2-rotated3-rotated1 - Copy (1).jpg,outputs/removed_other_bones_quarantine/dataset_binary__fractured__82-rotated2-rotated3-rotated1 - Copy (1).jpg,"not radius, ulna, or humerus"
./dataset_binary/fractured/91-rotated3-rotated1-rotated2 - Copy.jpg,outputs/removed_other_bones_quarantine/dataset_binary__fractured__91-rotated3-rotated1-rotated2 - Copy.jpg,"not radius, ulna, or humerus"
./dataset_binary/fractured/81-rotated3-rotated2-rotated2 - Copy.jpg,outputs/removed_other_bones_quarantine/dataset_binary__fractured__81-rotated3-rotated2-rotated2 - Copy.jpg,"not radius, ulna, or humerus"
./dataset_binary/fractured/86-rotated3-rotated1-rotated1 - Copy.jpg,outputs/removed_other_bones_quarantine/dataset_binary__fractured__86-rotated3-rotated1-rotated1 - Copy.jpg,"not radius, ulna, or humerus"
./dataset_binary/fractured/5-rotated3-rotated1 (1).jpg,outputs/removed_other_bones_quarantine/dataset_binary__fractured__5-rotated3-rotated1 (1).jpg,"not radius, ulna, or humerus"
./dataset_binary/fractured/87-rotated1-rotated1-rotated1 - Copy (1).jpg,outputs/removed_other_bones_quarantine/dataset_binary__fractured__87-rotated1-rotated1-rotated1 - Copy (1).jpg,"not radius, ulna, or humerus"
./dataset_binary/fractured/8-rotated2-rotated2-rotated3 - Copy.jpg,outputs/removed_other_bones_quarantine/dataset_binary__fractured__8-rotated2-rotated2-rotated3 - Copy.jpg,"not radius, ulna, or humerus"
./dataset_binary/fractured/97-rotated2 (1).jpg,outputs/removed_other_bones_quarantine/dataset_binary__fractured__97-rotated2 (1).jpg,"not radius, ulna, or humerus"
./dataset_binary/fractured/88-rotated2-rotated1-rotated1.jpg,outputs/removed_other_bones_quarantine/dataset_binary__fractured__88-rotated2-rotated1-rotated1.jpg,"not radius, ulna, or humerus"
./dataset_binary/fractured/97-rotated1-rotated2-rotated3.jpg,outputs/removed_other_bones_quarantine/dataset_binary__fractured__97-rotated1-rotated2-rotated3.jpg,"not radius, ulna, or humerus"
./dataset_binary/fractured/83-rotated3-rotated2-rotated1 - Copy (1).jpg,outputs/removed_other_bones_quarantine/dataset_binary__fractured__83-rotated3-rotated2-rotated1 - Copy (1).jpg,"not radius, ulna, or humerus"
./dataset_binary/fractured/83-rotated2-rotated1-rotated1.jpg,outputs/removed_other_bones_quarantine/dataset_binary__fractured__83-rotated2-rotated1-rotated1.jpg,"not radius, ulna, or humerus"
./dataset_binary/fractured/91-rotated1-rotated3.jpg,outputs/removed_other_bones_quarantine/dataset_binary__fractured__91-rotated1-rotated3.jpg,"not radius, ulna, or humerus"
./dataset_binary/fractured/IMG0003892.jpg,outputs/removed_other_bones_quarantine/dataset_binary__fractured__IMG0003892.jpg,"not radius, ulna, or humerus"
./dataset_binary/fractured/92-rotated2-rotated3-rotated3 - Copy (1).jpg,outputs/removed_other_bones_quarantine/dataset_binary__fractured__92-rotated2-rotated3-rotated3 - Copy (1).jpg,"not radius, ulna, or humerus"
./dataset_binary/fractured/93-rotated3-rotated1-rotated1 - Copy (1).jpg,outputs/removed_other_bones_quarantine/dataset_binary__fractured__93-rotated3-rotated1-rotated1 - Copy (1).jpg,"not radius, ulna, or humerus"
./dataset_binary/fractured/83-rotated3-rotated2-rotated2 (1).jpg,outputs/removed_other_bones_quarantine/dataset_binary__fractured__83-rotated3-rotated2-rotated2 (1).jpg,"not radius, ulna, or humerus"
./dataset_binary/fractured/7-rotated2-rotated2 - Copy.jpg,outputs/removed_other_bones_quarantine/dataset_binary__fractured__7-rotated2-rotated2 - Copy.jpg,"not radius, ulna, or humerus"
./dataset_binary/fractured/82-rotated3-rotated2-rotated2 - Copy (1).jpg,outputs/removed_other_bones_quarantine/dataset_binary__fractured__82-rotated3-rotated2-rotated2 - Copy (1).jpg,"not radius, ulna, or humerus"
./dataset_binary/fractured/83-rotated3-rotated1-rotated1 (1).jpg,outputs/removed_other_bones_quarantine/dataset_binary__fractured__83-rotated3-rotated1-rotated1 (1).jpg,"not radius, ulna, or humerus"
./dataset_binary/fractured/97-rotated1-rotated1-rotated3 - Copy.jpg,outputs/removed_other_bones_quarantine/dataset_binary__fractured__97-rotated1-rotated1-rotated3 - Copy.jpg,"not radius, ulna, or humerus"
./dataset_binary/fractured/87-rotated2-rotated2-rotated2 - Copy.jpg,outputs/removed_other_bones_quarantine/dataset_binary__fractured__87-rotated2-rotated2-rotated2 - Copy.jpg,"not radius, ulna, or humerus"
./dataset_binary/fractured/86-rotated1-rotated2-rotated1 - Copy.jpg,outputs/removed_other_bones_quarantine/dataset_binary__fractured__86-rotated1-rotated2-rotated1 - Copy.jpg,"not radius, ulna, or humerus"
./dataset_binary/fractured/86-rotated1-rotated1.jpg,outputs/removed_other_bones_quarantine/dataset_binary__fractured__86-rotated1-rotated1.jpg,"not radius, ulna, or humerus"
./dataset_binary/fractured/9-rotated2-rotated3-rotated1 - Copy.jpg,outputs/removed_other_bones_quarantine/dataset_binary__fractured__9-rotated2-rotated3-rotated1 - Copy.jpg,"not radius, ulna, or humerus"
./dataset_binary/fractured/85-rotated3-rotated3.jpg,outputs/removed_other_bones_quarantine/dataset_binary__fractured__85-rotated3-rotated3.jpg,"not radius, ulna, or humerus"
./dataset_binary/fractured/6-rotated2-rotated1-rotated2 (1).jpg,outputs/removed_other_bones_quarantine/dataset_binary__fractured__6-rotated2-rotated1-rotated2 (1).jpg,"not radius, ulna, or humerus"
./dataset_binary/fractured/90-rotated3-rotated2-rotated3.jpg,outputs/removed_other_bones_quarantine/dataset_binary__fractured__90-rotated3-rotated2-rotated3.jpg,"not radius, ulna, or humerus"
./dataset_binary/fractured/87-rotated3-rotated3 - Copy (1).jpg,outputs/removed_other_bones_quarantine/dataset_binary__fractured__87-rotated3-rotated3 - Copy (1).jpg,"not radius, ulna, or humerus"
./dataset_binary/fractured/9-rotated2-rotated2-rotated3.jpg,outputs/removed_other_bones_quarantine/dataset_binary__fractured__9-rotated2-rotated2-rotated3.jpg,"not radius, ulna, or humerus"
./dataset_binary/fractured/6-rotated2-rotated1 (1).jpg,outputs/removed_other_bones_quarantine/dataset_binary__fractured__6-rotated2-rotated1 (1).jpg,"not radius, ulna, or humerus"
./dataset_binary/fractured/97-rotated1-rotated1-rotated1 - Copy.jpg,outputs/removed_other_bones_quarantine/dataset_binary__fractured__97-rotated1-rotated1-rotated1 - Copy.jpg,"not radius, ulna, or humerus"
./dataset_binary/fractured/84-rotated3-rotated3 (1).jpg,outputs/removed_other_bones_quarantine/dataset_binary__fractured__84-rotated3-rotated3 (1).jpg,"not radius, ulna, or humerus"
./dataset_binary/fractured/8-rotated1-rotated3 - Copy.jpg,outputs/removed_other_bones_quarantine/dataset_binary__fractured__8-rotated1-rotated3 - Copy.jpg,"not radius, ulna, or humerus"
./dataset_binary/fractured/99 - Copy.jpg,outputs/removed_other_bones_quarantine/dataset_binary__fractured__99 - Copy.jpg,"not radius, ulna, or humerus"
./dataset_binary/fractured/4-rotated1-rotated3-rotated2 - Copy.jpg,outputs/removed_other_bones_quarantine/dataset_binary__fractured__4-rotated1-rotated3-rotated2 - Copy.jpg,"not radius, ulna, or humerus"
./dataset_binary/fractured/84-rotated1-rotated2-rotated2 - Copy (1).jpg,outputs/removed_other_bones_quarantine/dataset_binary__fractured__84-rotated1-rotated2-rotated2 - Copy (1).jpg,"not radius, ulna, or humerus"
./dataset_binary/fractured/98-rotated2-rotated1 - Copy.jpg,outputs/removed_other_bones_quarantine/dataset_binary__fractured__98-rotated2-rotated1 - Copy.jpg,"not radius, ulna, or humerus"
./dataset_binary/fractured/84-rotated3-rotated1 - Copy (1).jpg,outputs/removed_other_bones_quarantine/dataset_binary__fractured__84-rotated3-rotated1 - Copy (1).jpg,"not radius, ulna, or humerus"
./dataset_binary/fractured/79-rotated2-rotated2 (1).jpg,outputs/removed_other_bones_quarantine/dataset_binary__fractured__79-rotated2-rotated2 (1).jpg,"not radius, ulna, or humerus"
./dataset_binary/fractured/4-rotated1-rotated3-rotated3 (1).jpg,outputs/removed_other_bones_quarantine/dataset_binary__fractured__4-rotated1-rotated3-rotated3 (1).jpg,"not radius, ulna, or humerus"
./dataset_binary/fractured/84-rotated2-rotated2-rotated1 - Copy (1).jpg,outputs/removed_other_bones_quarantine/dataset_binary__fractured__84-rotated2-rotated2-rotated1 - Copy (1).jpg,"not radius, ulna, or humerus"
./dataset_binary/fractured/84-rotated1-rotated3 (1).jpg,outputs/removed_other_bones_quarantine/dataset_binary__fractured__84-rotated1-rotated3 (1).jpg,"not radius, ulna, or humerus"
./dataset_binary/fractured/3-rotated3-rotated1 (1).jpg,outputs/removed_other_bones_quarantine/dataset_binary__fractured__3-rotated3-rotated1 (1).jpg,"not radius, ulna, or humerus"
./dataset_binary/fractured/82-rotated3-rotated2-rotated3 (1).jpg,outputs/removed_other_bones_quarantine/dataset_binary__fractured__82-rotated3-rotated2-rotated3 (1).jpg,"not radius, ulna, or humerus"
./dataset_binary/normal/2-rotated3-rotated3-rotated1-rotated1 (1).jpg,outputs/removed_other_bones_quarantine/dataset_binary__normal__2-rotated3-rotated3-rotated1-rotated1 (1).jpg,"not radius, ulna, or humerus"
./dataset_binary/normal/33-rotated3-rotated1-rotated3 (1).jpg,outputs/removed_other_bones_quarantine/dataset_binary__normal__33-rotated3-rotated1-rotated3 (1).jpg,"not radius, ulna, or humerus"
./dataset_binary/normal/65-rotated2-rotated2-rotated2-rotated1 (1).jpg,outputs/removed_other_bones_quarantine/dataset_binary__normal__65-rotated2-rotated2-rotated2-rotated1 (1).jpg,"not radius, ulna, or humerus"
./dataset_binary/normal/10-rotated3-rotated2-rotated3-rotated1.jpg,outputs/removed_other_bones_quarantine/dataset_binary__normal__10-rotated3-rotated2-rotated3-rotated1.jpg,"not radius, ulna, or humerus"
./dataset_binary/normal/43-rotated1-rotated1-rotated2-rotated1.jpg,outputs/removed_other_bones_quarantine/dataset_binary__normal__43-rotated1-rotated1-rotated2-rotated1.jpg,"not radius, ulna, or humerus"
./dataset_binary/normal/44-rotated3-rotated1-rotated3-rotated1.jpg,outputs/removed_other_bones_quarantine/dataset_binary__normal__44-rotated3-rotated1-rotated3-rotated1.jpg,"not radius, ulna, or humerus"
./dataset_binary/normal/27-rotated1-rotated2-rotated2-rotated1.jpg,outputs/removed_other_bones_quarantine/dataset_binary__normal__27-rotated1-rotated2-rotated2-rotated1.jpg,"not radius, ulna, or humerus"
./dataset_binary/normal/5-rotated1-rotated2-rotated1-rotated1.jpg,outputs/removed_other_bones_quarantine/dataset_binary__normal__5-rotated1-rotated2-rotated1-rotated1.jpg,"not radius, ulna, or humerus"
./dataset_binary/normal/40-rotated3-rotated1-rotated3-rotated1.jpg,outputs/removed_other_bones_quarantine/dataset_binary__normal__40-rotated3-rotated1-rotated3-rotated1.jpg,"not radius, ulna, or humerus"
./dataset_binary/normal/17-rotated1-rotated2-rotated1.jpg,outputs/removed_other_bones_quarantine/dataset_binary__normal__17-rotated1-rotated2-rotated1.jpg,"not radius, ulna, or humerus"
./dataset_binary/normal/7-rotated2-rotated3-rotated1-rotated1 (2).jpg,outputs/removed_other_bones_quarantine/dataset_binary__normal__7-rotated2-rotated3-rotated1-rotated1 (2).jpg,"not radius, ulna, or humerus"
./dataset_binary/normal/50-rotated3.jpg,outputs/removed_other_bones_quarantine/dataset_binary__normal__50-rotated3.jpg,"not radius, ulna, or humerus"
./dataset_binary/normal/23-rotated2-rotated1-rotated3-rotated1.jpg,outputs/removed_other_bones_quarantine/dataset_binary__normal__23-rotated2-rotated1-rotated3-rotated1.jpg,"not radius, ulna, or humerus"
./dataset_binary/normal/2-rotated1-rotated3-rotated1 (2).jpg,outputs/removed_other_bones_quarantine/dataset_binary__normal__2-rotated1-rotated3-rotated1 (2).jpg,"not radius, ulna, or humerus"
./dataset_binary/normal/33-rotated2 (1).jpg,outputs/removed_other_bones_quarantine/dataset_binary__normal__33-rotated2 (1).jpg,"not radius, ulna, or humerus"
./dataset_binary/normal/4-rotated1-rotated3.jpg,outputs/removed_other_bones_quarantine/dataset_binary__normal__4-rotated1-rotated3.jpg,"not radius, ulna, or humerus"
./dataset_binary/normal/1-rotated2.jpg,outputs/removed_other_bones_quarantine/dataset_binary__normal__1-rotated2.jpg,"not radius, ulna, or humerus"
./dataset_binary/normal/2-rotated1 (2).jpg,outputs/removed_other_bones_quarantine/dataset_binary__normal__2-rotated1 (2).jpg,"not radius, ulna, or humerus"
./dataset_binary/normal/25-rotated1.jpg,outputs/removed_other_bones_quarantine/dataset_binary__normal__25-rotated1.jpg,"not radius, ulna, or humerus"
./dataset_binary/normal/59-rotated3-rotated2-rotated3.jpg,outputs/removed_other_bones_quarantine/dataset_binary__normal__59-rotated3-rotated2-rotated3.jpg,"not radius, ulna, or humerus"
./dataset_binary/normal/16-rotated1-rotated1-rotated1-rotated1.jpg,outputs/removed_other_bones_quarantine/dataset_binary__normal__16-rotated1-rotated1-rotated1-rotated1.jpg,"not radius, ulna, or humerus"
./dataset_binary/normal/69-rotated1-rotated2-rotated3.jpg,outputs/removed_other_bones_quarantine/dataset_binary__normal__69-rotated1-rotated2-rotated3.jpg,"not radius, ulna, or humerus"
./dataset_binary/normal/21-rotated2-rotated3.jpg,outputs/removed_other_bones_quarantine/dataset_binary__normal__21-rotated2-rotated3.jpg,"not radius, ulna, or humerus"
./dataset_binary/normal/3-rotated3-rotated2-rotated3 (1).jpg,outputs/removed_other_bones_quarantine/dataset_binary__normal__3-rotated3-rotated2-rotated3 (1).jpg,"not radius, ulna, or humerus"
./dataset_binary/normal/12-rotated3-rotated2 (1).jpg,outputs/removed_other_bones_quarantine/dataset_binary__normal__12-rotated3-rotated2 (1).jpg,"not radius, ulna, or humerus"
./dataset_binary/normal/64-rotated2 (1).jpg,outputs/removed_other_bones_quarantine/dataset_binary__normal__64-rotated2 (1).jpg,"not radius, ulna, or humerus"
./dataset_binary/normal/57-rotated1-rotated3.jpg,outputs/removed_other_bones_quarantine/dataset_binary__normal__57-rotated1-rotated3.jpg,"not radius, ulna, or humerus"
./dataset_binary/normal/57-rotated3-rotated3-rotated3 (1).jpg,outputs/removed_other_bones_quarantine/dataset_binary__normal__57-rotated3-rotated3-rotated3 (1).jpg,"not radius, ulna, or humerus"
./dataset_binary/normal/6-rotated3-rotated1-rotated2.jpg,outputs/removed_other_bones_quarantine/dataset_binary__normal__6-rotated3-rotated1-rotated2.jpg,"not radius, ulna, or humerus"
./dataset_binary/normal/6-rotated3-rotated1-rotated2-rotated1 (1).jpg,outputs/removed_other_bones_quarantine/dataset_binary__normal__6-rotated3-rotated1-rotated2-rotated1 (1).jpg,"not radius, ulna, or humerus"
./dataset_binary/normal/34-rotated3-rotated2-rotated2.jpg,outputs/removed_other_bones_quarantine/dataset_binary__normal__34-rotated3-rotated2-rotated2.jpg,"not radius, ulna, or humerus"
./dataset_binary/normal/49-rotated3-rotated1-rotated2-rotated1.jpg,outputs/removed_other_bones_quarantine/dataset_binary__normal__49-rotated3-rotated1-rotated2-rotated1.jpg,"not radius, ulna, or humerus"
./dataset_binary/normal/8-rotated1-rotated2-rotated1-rotated1 (2).jpg,outputs/removed_other_bones_quarantine/dataset_binary__normal__8-rotated1-rotated2-rotated1-rotated1 (2).jpg,"not radius, ulna, or humerus"
./dataset_binary/normal/32-rotated3-rotated3-rotated2 (1).jpg,outputs/removed_other_bones_quarantine/dataset_binary__normal__32-rotated3-rotated3-rotated2 (1).jpg,"not radius, ulna, or humerus"
./dataset_binary/normal/12-rotated1-rotated3-rotated3-rotated1.jpg,outputs/removed_other_bones_quarantine/dataset_binary__normal__12-rotated1-rotated3-rotated3-rotated1.jpg,"not radius, ulna, or humerus"
./dataset_binary/normal/1-rotated1-rotated3-rotated3.jpg,outputs/removed_other_bones_quarantine/dataset_binary__normal__1-rotated1-rotated3-rotated3.jpg,"not radius, ulna, or humerus"
./dataset_binary/normal/66-rotated1-rotated2-rotated3 (1).jpg,outputs/removed_other_bones_quarantine/dataset_binary__normal__66-rotated1-rotated2-rotated3 (1).jpg,"not radius, ulna, or humerus"
./dataset_binary/normal/8-rotated1-rotated1-rotated2-rotated1 (2).jpg,outputs/removed_other_bones_quarantine/dataset_binary__normal__8-rotated1-rotated1-rotated2-rotated1 (2).jpg,"not radius, ulna, or humerus"
./dataset_binary/normal/20-rotated2-rotated2 (1).jpg,outputs/removed_other_bones_quarantine/dataset_binary__normal__20-rotated2-rotated2 (1).jpg,"not radius, ulna, or humerus"
./dataset_binary/normal/25-rotated1-rotated1-rotated3.jpg,outputs/removed_other_bones_quarantine/dataset_binary__normal__25-rotated1-rotated1-rotated3.jpg,"not radius, ulna, or humerus"
./dataset_binary/normal/34-rotated2-rotated3-rotated3-rotated1 (1).jpg,outputs/removed_other_bones_quarantine/dataset_binary__normal__34-rotated2-rotated3-rotated3-rotated1 (1).jpg,"not radius, ulna, or humerus"
./dataset_binary/normal/3-rotated3-rotated3-rotated1-rotated1 (2).jpg,outputs/removed_other_bones_quarantine/dataset_binary__normal__3-rotated3-rotated3-rotated1-rotated1 (2).jpg,"not radius, ulna, or humerus"
./dataset_binary/normal/23-rotated3-rotated3 (1).jpg,outputs/removed_other_bones_quarantine/dataset_binary__normal__23-rotated3-rotated3 (1).jpg,"not radius, ulna, or humerus"
./dataset_binary/normal/53-rotated2-rotated3-rotated3.jpg,outputs/removed_other_bones_quarantine/dataset_binary__normal__53-rotated2-rotated3-rotated3.jpg,"not radius, ulna, or humerus"
./dataset_binary/normal/34-rotated2 (1).jpg,outputs/removed_other_bones_quarantine/dataset_binary__normal__34-rotated2 (1).jpg,"not radius, ulna, or humerus"
./dataset_binary/normal/12-rotated2-rotated2-rotated2-rotated1.jpg,outputs/removed_other_bones_quarantine/dataset_binary__normal__12-rotated2-rotated2-rotated2-rotated1.jpg,"not radius, ulna, or humerus"
./dataset_binary/normal/60-rotated2-rotated1-rotated1 (1).jpg,outputs/removed_other_bones_quarantine/dataset_binary__normal__60-rotated2-rotated1-rotated1 (1).jpg,"not radius, ulna, or humerus"
./dataset_binary/normal/46-rotated2-rotated1-rotated2-rotated1.jpg,outputs/removed_other_bones_quarantine/dataset_binary__normal__46-rotated2-rotated1-rotated2-rotated1.jpg,"not radius, ulna, or humerus"
./dataset_binary/normal/26-rotated2-rotated1-rotated3.jpg,outputs/removed_other_bones_quarantine/dataset_binary__normal__26-rotated2-rotated1-rotated3.jpg,"not radius, ulna, or humerus"
./dataset_binary/normal/8-rotated2-rotated2-rotated2 (1).jpg,outputs/removed_other_bones_quarantine/dataset_binary__normal__8-rotated2-rotated2-rotated2 (1).jpg,"not radius, ulna, or humerus"
./dataset_binary/normal/16-rotated3-rotated2-rotated1.jpg,outputs/removed_other_bones_quarantine/dataset_binary__normal__16-rotated3-rotated2-rotated1.jpg,"not radius, ulna, or humerus"
./dataset_binary/normal/36-rotated3-rotated3-rotated2 (1).jpg,outputs/removed_other_bones_quarantine/dataset_binary__normal__36-rotated3-rotated3-rotated2 (1).jpg,"not radius, ulna, or humerus"
./dataset_binary/normal/24-rotated2-rotated2-rotated3-rotated1.jpg,outputs/removed_other_bones_quarantine/dataset_binary__normal__24-rotated2-rotated2-rotated3-rotated1.jpg,"not radius, ulna, or humerus"
./dataset_binary/normal/47-rotated3-rotated1 (1).jpg,outputs/removed_other_bones_quarantine/dataset_binary__normal__47-rotated3-rotated1 (1).jpg,"not radius, ulna, or humerus"
./dataset_binary/normal/50-rotated1-rotated3-rotated3-rotated1.jpg,outputs/removed_other_bones_quarantine/dataset_binary__normal__50-rotated1-rotated3-rotated3-rotated1.jpg,"not radius, ulna, or humerus"
./dataset_binary/normal/16-rotated2-rotated2-rotated2.jpg,outputs/removed_other_bones_quarantine/dataset_binary__normal__16-rotated2-rotated2-rotated2.jpg,"not radius, ulna, or humerus"
./dataset_binary/normal/15-rotated3-rotated2-rotated1.jpg,outputs/removed_other_bones_quarantine/dataset_binary__normal__15-rotated3-rotated2-rotated1.jpg,"not radius, ulna, or humerus"
./dataset_binary/normal/2-rotated3-rotated2 (1).jpg,outputs/removed_other_bones_quarantine/dataset_binary__normal__2-rotated3-rotated2 (1).jpg,"not radius, ulna, or humerus"
./dataset_binary/normal/53-rotated1-rotated1-rotated2.jpg,outputs/removed_other_bones_quarantine/dataset_binary__normal__53-rotated1-rotated1-rotated2.jpg,"not radius, ulna, or humerus"
./dataset_binary/normal/57-rotated3-rotated2-rotated1 (1).jpg,outputs/removed_other_bones_quarantine/dataset_binary__normal__57-rotated3-rotated2-rotated1 (1).jpg,"not radius, ulna, or humerus"
./dataset_binary/normal/66-rotated2-rotated3-rotated2-rotated1.jpg,outputs/removed_other_bones_quarantine/dataset_binary__normal__66-rotated2-rotated3-rotated2-rotated1.jpg,"not radius, ulna, or humerus"
./dataset_binary/normal/40-rotated1-rotated3-rotated2-rotated1 (1).jpg,outputs/removed_other_bones_quarantine/dataset_binary__normal__40-rotated1-rotated3-rotated2-rotated1 (1).jpg,"not radius, ulna, or humerus"
./dataset_binary/normal/18-rotated3 (1).jpg,outputs/removed_other_bones_quarantine/dataset_binary__normal__18-rotated3 (1).jpg,"not radius, ulna, or humerus"
./dataset_binary/normal/54-rotated2-rotated3 (1).jpg,outputs/removed_other_bones_quarantine/dataset_binary__normal__54-rotated2-rotated3 (1).jpg,"not radius, ulna, or humerus"
./dataset_binary/normal/52-rotated2-rotated1-rotated3-rotated1.jpg,outputs/removed_other_bones_quarantine/dataset_binary__normal__52-rotated2-rotated1-rotated3-rotated1.jpg,"not radius, ulna, or humerus"
./dataset_binary/normal/59-rotated3-rotated1-rotated1.jpg,outputs/removed_other_bones_quarantine/dataset_binary__normal__59-rotated3-rotated1-rotated1.jpg,"not radius, ulna, or humerus"
./dataset_binary/normal/26-rotated3-rotated3-rotated2-rotated1 (1).jpg,outputs/removed_other_bones_quarantine/dataset_binary__normal__26-rotated3-rotated3-rotated2-rotated1 (1).jpg,"not radius, ulna, or humerus"
./dataset_binary/normal/40-rotated2-rotated2-rotated1-rotated1.jpg,outputs/removed_other_bones_quarantine/dataset_binary__normal__40-rotated2-rotated2-rotated1-rotated1.jpg,"not radius, ulna, or humerus"
./dataset_binary/normal/58-rotated1.jpg,outputs/removed_other_bones_quarantine/dataset_binary__normal__58-rotated1.jpg,"not radius, ulna, or humerus"
./dataset_binary/normal/2 (1).jpg,outputs/removed_other_bones_quarantine/dataset_binary__normal__2 (1).jpg,"not radius, ulna, or humerus"
./dataset_binary/normal/2-rotated1-rotated2-rotated3-rotated1.jpg,outputs/removed_other_bones_quarantine/dataset_binary__normal__2-rotated1-rotated2-rotated3-rotated1.jpg,"not radius, ulna, or humerus"
./dataset_binary/normal/33-rotated1-rotated2-rotated2 (1).jpg,outputs/removed_other_bones_quarantine/dataset_binary__normal__33-rotated1-rotated2-rotated2 (1).jpg,"not radius, ulna, or humerus"
./dataset_binary/normal/30-rotated3-rotated3-rotated2-rotated1 (1).jpg,outputs/removed_other_bones_quarantine/dataset_binary__normal__30-rotated3-rotated3-rotated2-rotated1 (1).jpg,"not radius, ulna, or humerus"
./dataset_binary/normal/44-rotated1-rotated1.jpg,outputs/removed_other_bones_quarantine/dataset_binary__normal__44-rotated1-rotated1.jpg,"not radius, ulna, or humerus"
./dataset_binary/normal/31-rotated3-rotated1-rotated1-rotated1 (1).jpg,outputs/removed_other_bones_quarantine/dataset_binary__normal__31-rotated3-rotated1-rotated1-rotated1 (1).jpg,"not radius, ulna, or humerus"
./dataset_binary/normal/8-rotated2-rotated2-rotated1-rotated1 (2).jpg,outputs/removed_other_bones_quarantine/dataset_binary__normal__8-rotated2-rotated2-rotated1-rotated1 (2).jpg,"not radius, ulna, or humerus"
./dataset_binary/normal/66-rotated3-rotated1-rotated1-rotated1.jpg,outputs/removed_other_bones_quarantine/dataset_binary__normal__66-rotated3-rotated1-rotated1-rotated1.jpg,"not radius, ulna, or humerus"
./dataset_binary/normal/55-rotated3-rotated3-rotated3-rotated1 (1).jpg,outputs/removed_other_bones_quarantine/dataset_binary__normal__55-rotated3-rotated3-rotated3-rotated1 (1).jpg,"not radius, ulna, or humerus"
./dataset_binary/normal/53-rotated2-rotated3-rotated1 (1).jpg,outputs/removed_other_bones_quarantine/dataset_binary__normal__53-rotated2-rotated3-rotated1 (1).jpg,"not radius, ulna, or humerus"
./dataset_binary/normal/42-rotated2-rotated3.jpg,outputs/removed_other_bones_quarantine/dataset_binary__normal__42-rotated2-rotated3.jpg,"not radius, ulna, or humerus"
./dataset_binary/normal/8-rotated2-rotated2-rotated2-rotated1.jpg,outputs/removed_other_bones_quarantine/dataset_binary__normal__8-rotated2-rotated2-rotated2-rotated1.jpg,"not radius, ulna, or humerus"
./dataset_binary/normal/42-rotated1-rotated2 (1).jpg,outputs/removed_other_bones_quarantine/dataset_binary__normal__42-rotated1-rotated2 (1).jpg,"not radius, ulna, or humerus"
./dataset_binary/normal/7-rotated3-rotated3-rotated3 (2).jpg,outputs/removed_other_bones_quarantine/dataset_binary__normal__7-rotated3-rotated3-rotated3 (2).jpg,"not radius, ulna, or humerus"
./dataset_binary/normal/38-rotated1-rotated3-rotated1-rotated1.jpg,outputs/removed_other_bones_quarantine/dataset_binary__normal__38-rotated1-rotated3-rotated1-rotated1.jpg,"not radius, ulna, or humerus"
./dataset_binary/normal/20-rotated2-rotated3-rotated3.jpg,outputs/removed_other_bones_quarantine/dataset_binary__normal__20-rotated2-rotated3-rotated3.jpg,"not radius, ulna, or humerus"
./dataset_binary/normal/3-rotated2-rotated2-rotated2-rotated1 (1).jpg,outputs/removed_other_bones_quarantine/dataset_binary__normal__3-rotated2-rotated2-rotated2-rotated1 (1).jpg,"not radius, ulna, or humerus"
./dataset_binary/normal/47-rotated1-rotated3-rotated3.jpg,outputs/removed_other_bones_quarantine/dataset_binary__normal__47-rotated1-rotated3-rotated3.jpg,"not radius, ulna, or humerus"
./dataset_binary/normal/34-rotated1-rotated1-rotated3.jpg,outputs/removed_other_bones_quarantine/dataset_binary__normal__34-rotated1-rotated1-rotated3.jpg,"not radius, ulna, or humerus"
./dataset_binary/normal/45-rotated1-rotated2-rotated1-rotated1 (1).jpg,outputs/removed_other_bones_quarantine/dataset_binary__normal__45-rotated1-rotated2-rotated1-rotated1 (1).jpg,"not radius, ulna, or humerus"
./dataset_binary/normal/54-rotated1-rotated2-rotated3-rotated1.jpg,outputs/removed_other_bones_quarantine/dataset_binary__normal__54-rotated1-rotated2-rotated3-rotated1.jpg,"not radius, ulna, or humerus"
./dataset_binary/normal/12-rotated3-rotated3 (1).jpg,outputs/removed_other_bones_quarantine/dataset_binary__normal__12-rotated3-rotated3 (1).jpg,"not radius, ulna, or humerus"
./dataset_binary/normal/30-rotated1-rotated2-rotated2.jpg,outputs/removed_other_bones_quarantine/dataset_binary__normal__30-rotated1-rotated2-rotated2.jpg,"not radius, ulna, or humerus"
./dataset_binary/normal/5-rotated1-rotated3-rotated2 (1).jpg,outputs/removed_other_bones_quarantine/dataset_binary__normal__5-rotated1-rotated3-rotated2 (1).jpg,"not radius, ulna, or humerus"
./dataset_binary/normal/38-rotated2-rotated2-rotated3-rotated1 (1).jpg,outputs/removed_other_bones_quarantine/dataset_binary__normal__38-rotated2-rotated2-rotated3-rotated1 (1).jpg,"not radius, ulna, or humerus"
./dataset_binary/normal/16-rotated2-rotated1-rotated1.jpg,outputs/removed_other_bones_quarantine/dataset_binary__normal__16-rotated2-rotated1-rotated1.jpg,"not radius, ulna, or humerus"
./dataset_binary/normal/23-rotated3-rotated2-rotated3-rotated1.jpg,outputs/removed_other_bones_quarantine/dataset_binary__normal__23-rotated3-rotated2-rotated3-rotated1.jpg,"not radius, ulna, or humerus"
./dataset_binary/normal/10-rotated2-rotated1 (1).jpg,outputs/removed_other_bones_quarantine/dataset_binary__normal__10-rotated2-rotated1 (1).jpg,"not radius, ulna, or humerus"
./dataset_binary/normal/51-rotated1-rotated2-rotated3-rotated1.jpg,outputs/removed_other_bones_quarantine/dataset_binary__normal__51-rotated1-rotated2-rotated3-rotated1.jpg,"not radius, ulna, or humerus"
./dataset_binary/normal/48-rotated3-rotated3 (1).jpg,outputs/removed_other_bones_quarantine/dataset_binary__normal__48-rotated3-rotated3 (1).jpg,"not radius, ulna, or humerus"
./dataset_binary/normal/36-rotated2-rotated3-rotated1-rotated1 (1).jpg,outputs/removed_other_bones_quarantine/dataset_binary__normal__36-rotated2-rotated3-rotated1-rotated1 (1).jpg,"not radius, ulna, or humerus"
./dataset_binary/normal/4-rotated2-rotated3-rotated2 (2).jpg,outputs/removed_other_bones_quarantine/dataset_binary__normal__4-rotated2-rotated3-rotated2 (2).jpg,"not radius, ulna, or humerus"
./dataset_binary/normal/8-rotated1-rotated1-rotated1-rotated1 (2).jpg,outputs/removed_other_bones_quarantine/dataset_binary__normal__8-rotated1-rotated1-rotated1-rotated1 (2).jpg,"not radius, ulna, or humerus"
./dataset_binary/normal/3-rotated3-rotated2-rotated2-rotated1.jpg,outputs/removed_other_bones_quarantine/dataset_binary__normal__3-rotated3-rotated2-rotated2-rotated1.jpg,"not radius, ulna, or humerus"
./dataset_binary/normal/56-rotated3-rotated1-rotated2.jpg,outputs/removed_other_bones_quarantine/dataset_binary__normal__56-rotated3-rotated1-rotated2.jpg,"not radius, ulna, or humerus"
./dataset_binary/normal/52-rotated3-rotated1-rotated2.jpg,outputs/removed_other_bones_quarantine/dataset_binary__normal__52-rotated3-rotated1-rotated2.jpg,"not radius, ulna, or humerus"
./dataset_binary/normal/59-rotated2-rotated2.jpg,outputs/removed_other_bones_quarantine/dataset_binary__normal__59-rotated2-rotated2.jpg,"not radius, ulna, or humerus"
./dataset_binary/normal/66-rotated1.jpg,outputs/removed_other_bones_quarantine/dataset_binary__normal__66-rotated1.jpg,"not radius, ulna, or humerus"
./dataset_binary/normal/31-rotated3-rotated3.jpg,outputs/removed_other_bones_quarantine/dataset_binary__normal__31-rotated3-rotated3.jpg,"not radius, ulna, or humerus"
./dataset_binary/normal/33-rotated1-rotated2-rotated3-rotated1 (1).jpg,outputs/removed_other_bones_quarantine/dataset_binary__normal__33-rotated1-rotated2-rotated3-rotated1 (1).jpg,"not radius, ulna, or humerus"
./dataset_binary/normal/38-rotated3-rotated3 (1).jpg,outputs/removed_other_bones_quarantine/dataset_binary__normal__38-rotated3-rotated3 (1).jpg,"not radius, ulna, or humerus"
./dataset_binary/normal/53-rotated3-rotated2-rotated3-rotated1.jpg,outputs/removed_other_bones_quarantine/dataset_binary__normal__53-rotated3-rotated2-rotated3-rotated1.jpg,"not radius, ulna, or humerus"
./dataset_binary/normal/52-rotated1 (1).jpg,outputs/removed_other_bones_quarantine/dataset_binary__normal__52-rotated1 (1).jpg,"not radius, ulna, or humerus"
./dataset_binary/normal/13-rotated3-rotated2-rotated2-rotated1.jpg,outputs/removed_other_bones_quarantine/dataset_binary__normal__13-rotated3-rotated2-rotated2-rotated1.jpg,"not radius, ulna, or humerus"
./dataset_binary/normal/18-rotated2-rotated3-rotated1-rotated1 (1).jpg,outputs/removed_other_bones_quarantine/dataset_binary__normal__18-rotated2-rotated3-rotated1-rotated1 (1).jpg,"not radius, ulna, or humerus"
./dataset_binary/normal/8-rotated3-rotated1.jpg,outputs/removed_other_bones_quarantine/dataset_binary__normal__8-rotated3-rotated1.jpg,"not radius, ulna, or humerus"
./dataset_binary/normal/36-rotated2-rotated2-rotated2.jpg,outputs/removed_other_bones_quarantine/dataset_binary__normal__36-rotated2-rotated2-rotated2.jpg,"not radius, ulna, or humerus"
./dataset_binary/normal/18-rotated2-rotated1-rotated2.jpg,outputs/removed_other_bones_quarantine/dataset_binary__normal__18-rotated2-rotated1-rotated2.jpg,"not radius, ulna, or humerus"
./dataset_binary/normal/4-rotated2-rotated2-rotated3-rotated1 (1).jpg,outputs/removed_other_bones_quarantine/dataset_binary__normal__4-rotated2-rotated2-rotated3-rotated1 (1).jpg,"not radius, ulna, or humerus"
./dataset_binary/normal/51-rotated1-rotated2.jpg,outputs/removed_other_bones_quarantine/dataset_binary__normal__51-rotated1-rotated2.jpg,"not radius, ulna, or humerus"
./dataset_binary/normal/13-rotated3-rotated3-rotated1-rotated1 (1).jpg,outputs/removed_other_bones_quarantine/dataset_binary__normal__13-rotated3-rotated3-rotated1-rotated1 (1).jpg,"not radius, ulna, or humerus"
./dataset_binary/normal/49-rotated2-rotated1-rotated3-rotated1.jpg,outputs/removed_other_bones_quarantine/dataset_binary__normal__49-rotated2-rotated1-rotated3-rotated1.jpg,"not radius, ulna, or humerus"
./dataset_binary/normal/10-rotated2-rotated1-rotated2 (1).jpg,outputs/removed_other_bones_quarantine/dataset_binary__normal__10-rotated2-rotated1-rotated2 (1).jpg,"not radius, ulna, or humerus"
./dataset_binary/normal/7-rotated1-rotated1 (2).jpg,outputs/removed_other_bones_quarantine/dataset_binary__normal__7-rotated1-rotated1 (2).jpg,"not radius, ulna, or humerus"
./dataset_binary/normal/31-rotated2-rotated1-rotated1 (1).jpg,outputs/removed_other_bones_quarantine/dataset_binary__normal__31-rotated2-rotated1-rotated1 (1).jpg,"not radius, ulna, or humerus"
./dataset_binary/normal/14-rotated2-rotated2-rotated3-rotated1.jpg,outputs/removed_other_bones_quarantine/dataset_binary__normal__14-rotated2-rotated2-rotated3-rotated1.jpg,"not radius, ulna, or humerus"
./dataset_binary/normal/6-rotated1-rotated1-rotated2-rotated1.jpg,outputs/removed_other_bones_quarantine/dataset_binary__normal__6-rotated1-rotated1-rotated2-rotated1.jpg,"not radius, ulna, or humerus"
./dataset_binary/normal/47-rotated2-rotated1-rotated2 (1).jpg,outputs/removed_other_bones_quarantine/dataset_binary__normal__47-rotated2-rotated1-rotated2 (1).jpg,"not radius, ulna, or humerus"
./dataset_binary/normal/68-rotated3-rotated3-rotated3-rotated1 (1).jpg,outputs/removed_other_bones_quarantine/dataset_binary__normal__68-rotated3-rotated3-rotated3-rotated1 (1).jpg,"not radius, ulna, or humerus"
./dataset_binary/normal/21-rotated3-rotated2-rotated1 (1).jpg,outputs/removed_other_bones_quarantine/dataset_binary__normal__21-rotated3-rotated2-rotated1 (1).jpg,"not radius, ulna, or humerus"
./dataset_binary/normal/48-rotated2-rotated1-rotated3-rotated1.jpg,outputs/removed_other_bones_quarantine/dataset_binary__normal__48-rotated2-rotated1-rotated3-rotated1.jpg,"not radius, ulna, or humerus"
./dataset_binary/normal/2-rotated3-rotated1-rotated1-rotated1.jpg,outputs/removed_other_bones_quarantine/dataset_binary__normal__2-rotated3-rotated1-rotated1-rotated1.jpg,"not radius, ulna, or humerus"
./dataset_binary/normal/66-rotated3-rotated2 (1).jpg,outputs/removed_other_bones_quarantine/dataset_binary__normal__66-rotated3-rotated2 (1).jpg,"not radius, ulna, or humerus"
./dataset_binary/normal/14-rotated3-rotated2-rotated2-rotated1.jpg,outputs/removed_other_bones_quarantine/dataset_binary__normal__14-rotated3-rotated2-rotated2-rotated1.jpg,"not radius, ulna, or humerus"
./dataset_binary/normal/65-rotated2-rotated2 (1).jpg,outputs/removed_other_bones_quarantine/dataset_binary__normal__65-rotated2-rotated2 (1).jpg,"not radius, ulna, or humerus"
./dataset_binary/normal/0047.png,outputs/removed_other_bones_quarantine/dataset_binary__normal__0047.png,"not radius, ulna, or humerus"
./dataset_binary/normal/18-rotated1-rotated1-rotated2.jpg,outputs/removed_other_bones_quarantine/dataset_binary__normal__18-rotated1-rotated1-rotated2.jpg,"not radius, ulna, or humerus"
./dataset_binary/normal/56-rotated1-rotated2-rotated1 (1).jpg,outputs/removed_other_bones_quarantine/dataset_binary__normal__56-rotated1-rotated2-rotated1 (1).jpg,"not radius, ulna, or humerus"
./dataset_binary/normal/13-rotated3-rotated3-rotated3-rotated1 (1).jpg,outputs/removed_other_bones_quarantine/dataset_binary__normal__13-rotated3-rotated3-rotated3-rotated1 (1).jpg,"not radius, ulna, or humerus"
./dataset_binary/normal/3-rotated1-rotated1 (2).jpg,outputs/removed_other_bones_quarantine/dataset_binary__normal__3-rotated1-rotated1 (2).jpg,"not radius, ulna, or humerus"
./dataset_binary/normal/40-rotated2-rotated2.jpg,outputs/removed_other_bones_quarantine/dataset_binary__normal__40-rotated2-rotated2.jpg,"not radius, ulna, or humerus"
./dataset_binary/normal/59-rotated1-rotated2-rotated1-rotated1 (1).jpg,outputs/removed_other_bones_quarantine/dataset_binary__normal__59-rotated1-rotated2-rotated1-rotated1 (1).jpg,"not radius, ulna, or humerus"
./dataset_binary/normal/38-rotated3-rotated2-rotated2 (1).jpg,outputs/removed_other_bones_quarantine/dataset_binary__normal__38-rotated3-rotated2-rotated2 (1).jpg,"not radius, ulna, or humerus"
./dataset_binary/normal/7-rotated3-rotated1.jpg,outputs/removed_other_bones_quarantine/dataset_binary__normal__7-rotated3-rotated1.jpg,"not radius, ulna, or humerus"
./dataset_binary/normal/13-rotated1 (1).jpg,outputs/removed_other_bones_quarantine/dataset_binary__normal__13-rotated1 (1).jpg,"not radius, ulna, or humerus"
./dataset_binary/normal/51-rotated1-rotated1-rotated3-rotated1.jpg,outputs/removed_other_bones_quarantine/dataset_binary__normal__51-rotated1-rotated1-rotated3-rotated1.jpg,"not radius, ulna, or humerus"
./dataset_binary/normal/7-rotated1-rotated3.jpg,outputs/removed_other_bones_quarantine/dataset_binary__normal__7-rotated1-rotated3.jpg,"not radius, ulna, or humerus"
./dataset_binary/normal/66 (1).jpg,outputs/removed_other_bones_quarantine/dataset_binary__normal__66 (1).jpg,"not radius, ulna, or humerus"
./dataset_binary/normal/25-rotated3-rotated1-rotated1-rotated1 (1).jpg,outputs/removed_other_bones_quarantine/dataset_binary__normal__25-rotated3-rotated1-rotated1-rotated1 (1).jpg,"not radius, ulna, or humerus"
./dataset_binary/normal/18-rotated1-rotated1-rotated3-rotated1 (1).jpg,outputs/removed_other_bones_quarantine/dataset_binary__normal__18-rotated1-rotated1-rotated3-rotated1 (1).jpg,"not radius, ulna, or humerus"
./dataset_binary/normal/69-rotated1-rotated2-rotated2-rotated1 (1).jpg,outputs/removed_other_bones_quarantine/dataset_binary__normal__69-rotated1-rotated2-rotated2-rotated1 (1).jpg,"not radius, ulna, or humerus"
./dataset_binary/normal/12-rotated2-rotated3-rotated2-rotated1.jpg,outputs/removed_other_bones_quarantine/dataset_binary__normal__12-rotated2-rotated3-rotated2-rotated1.jpg,"not radius, ulna, or humerus"
./dataset_binary/normal/49-rotated2-rotated2-rotated3-rotated1 (1).jpg,outputs/removed_other_bones_quarantine/dataset_binary__normal__49-rotated2-rotated2-rotated3-rotated1 (1).jpg,"not radius, ulna, or humerus"
./dataset_binary/normal/3-rotated1-rotated2-rotated3-rotated1 (1).jpg,outputs/removed_other_bones_quarantine/dataset_binary__normal__3-rotated1-rotated2-rotated3-rotated1 (1).jpg,"not radius, ulna, or humerus"
./dataset_binary/normal/18-rotated1-rotated1-rotated2-rotated1.jpg,outputs/removed_other_bones_quarantine/dataset_binary__normal__18-rotated1-rotated1-rotated2-rotated1.jpg,"not radius, ulna, or humerus"
./dataset_binary/normal/39-rotated1-rotated2-rotated1-rotated1.jpg,outputs/removed_other_bones_quarantine/dataset_binary__normal__39-rotated1-rotated2-rotated1-rotated1.jpg,"not radius, ulna, or humerus"
./dataset_binary/normal/6-rotated3-rotated3-rotated3-rotated1.jpg,outputs/removed_other_bones_quarantine/dataset_binary__normal__6-rotated3-rotated3-rotated3-rotated1.jpg,"not radius, ulna, or humerus"
./dataset_binary/normal/35-rotated3-rotated1-rotated3 (1).jpg,outputs/removed_other_bones_quarantine/dataset_binary__normal__35-rotated3-rotated1-rotated3 (1).jpg,"not radius, ulna, or humerus"
./dataset_binary/normal/40-rotated1-rotated3-rotated3-rotated1.jpg,outputs/removed_other_bones_quarantine/dataset_binary__normal__40-rotated1-rotated3-rotated3-rotated1.jpg,"not radius, ulna, or humerus"
./dataset_binary/normal/1-rotated2-rotated2-rotated3-rotated1 (2).jpg,outputs/removed_other_bones_quarantine/dataset_binary__normal__1-rotated2-rotated2-rotated3-rotated1 (2).jpg,"not radius, ulna, or humerus"
./dataset_binary/normal/18-rotated3-rotated2-rotated2 (1).jpg,outputs/removed_other_bones_quarantine/dataset_binary__normal__18-rotated3-rotated2-rotated2 (1).jpg,"not radius, ulna, or humerus"
./dataset_binary/normal/2-rotated1-rotated1-rotated1 (2).jpg,outputs/removed_other_bones_quarantine/dataset_binary__normal__2-rotated1-rotated1-rotated1 (2).jpg,"not radius, ulna, or humerus"
./dataset_binary/normal/29-rotated1-rotated3-rotated1-rotated1 (1).jpg,outputs/removed_other_bones_quarantine/dataset_binary__normal__29-rotated1-rotated3-rotated1-rotated1 (1).jpg,"not radius, ulna, or humerus"
./dataset_binary/normal/19-rotated1-rotated3-rotated3.jpg,outputs/removed_other_bones_quarantine/dataset_binary__normal__19-rotated1-rotated3-rotated3.jpg,"not radius, ulna, or humerus"
./dataset_binary/normal/18-rotated1-rotated3-rotated1-rotated1 (1).jpg,outputs/removed_other_bones_quarantine/dataset_binary__normal__18-rotated1-rotated3-rotated1-rotated1 (1).jpg,"not radius, ulna, or humerus"
./dataset_binary/normal/28-rotated3-rotated2-rotated2 (1).jpg,outputs/removed_other_bones_quarantine/dataset_binary__normal__28-rotated3-rotated2-rotated2 (1).jpg,"not radius, ulna, or humerus"
./dataset_binary/normal/46-rotated1-rotated1-rotated2 (1).jpg,outputs/removed_other_bones_quarantine/dataset_binary__normal__46-rotated1-rotated1-rotated2 (1).jpg,"not radius, ulna, or humerus"
./dataset_binary/normal/16-rotated1-rotated1-rotated2-rotated1 (1).jpg,outputs/removed_other_bones_quarantine/dataset_binary__normal__16-rotated1-rotated1-rotated2-rotated1 (1).jpg,"not radius, ulna, or humerus"
./dataset_binary/normal/2-rotated1-rotated2 (1).jpg,outputs/removed_other_bones_quarantine/dataset_binary__normal__2-rotated1-rotated2 (1).jpg,"not radius, ulna, or humerus"
./dataset_binary/normal/4-rotated2-rotated1-rotated1.jpg,outputs/removed_other_bones_quarantine/dataset_binary__normal__4-rotated2-rotated1-rotated1.jpg,"not radius, ulna, or humerus"
./dataset_binary/normal/3-rotated3.jpg,outputs/removed_other_bones_quarantine/dataset_binary__normal__3-rotated3.jpg,"not radius, ulna, or humerus"
./dataset_binary/normal/49-rotated1-rotated1-rotated1 (1).jpg,outputs/removed_other_bones_quarantine/dataset_binary__normal__49-rotated1-rotated1-rotated1 (1).jpg,"not radius, ulna, or humerus"
./dataset_binary/normal/29-rotated1-rotated3-rotated2.jpg,outputs/removed_other_bones_quarantine/dataset_binary__normal__29-rotated1-rotated3-rotated2.jpg,"not radius, ulna, or humerus"
./dataset_binary/normal/33-rotated3-rotated3-rotated3.jpg,outputs/removed_other_bones_quarantine/dataset_binary__normal__33-rotated3-rotated3-rotated3.jpg,"not radius, ulna, or humerus"
./dataset_binary/normal/70-rotated1-rotated1-rotated1-rotated1 (1).jpg,outputs/removed_other_bones_quarantine/dataset_binary__normal__70-rotated1-rotated1-rotated1-rotated1 (1).jpg,"not radius, ulna, or humerus"
./dataset_binary/normal/4-rotated3-rotated3-rotated3 (1).jpg,outputs/removed_other_bones_quarantine/dataset_binary__normal__4-rotated3-rotated3-rotated3 (1).jpg,"not radius, ulna, or humerus"
./dataset_binary/normal/19-rotated2-rotated2-rotated3 (1).jpg,outputs/removed_other_bones_quarantine/dataset_binary__normal__19-rotated2-rotated2-rotated3 (1).jpg,"not radius, ulna, or humerus"
./dataset_binary/normal/44-rotated1-rotated2-rotated3 (1).jpg,outputs/removed_other_bones_quarantine/dataset_binary__normal__44-rotated1-rotated2-rotated3 (1).jpg,"not radius, ulna, or humerus"
./dataset_binary/normal/18-rotated2-rotated2-rotated1.jpg,outputs/removed_other_bones_quarantine/dataset_binary__normal__18-rotated2-rotated2-rotated1.jpg,"not radius, ulna, or humerus"
./dataset_binary/normal/6-rotated2-rotated3-rotated3 (1).jpg,outputs/removed_other_bones_quarantine/dataset_binary__normal__6-rotated2-rotated3-rotated3 (1).jpg,"not radius, ulna, or humerus"
./dataset_binary/normal/12-rotated3-rotated1-rotated1-rotated1.jpg,outputs/removed_other_bones_quarantine/dataset_binary__normal__12-rotated3-rotated1-rotated1-rotated1.jpg,"not radius, ulna, or humerus"
./dataset_binary/normal/2-rotated1-rotated3-rotated3-rotated1.jpg,outputs/removed_other_bones_quarantine/dataset_binary__normal__2-rotated1-rotated3-rotated3-rotated1.jpg,"not radius, ulna, or humerus"
./dataset_binary/normal/69-rotated3-rotated3-rotated1 (1).jpg,outputs/removed_other_bones_quarantine/dataset_binary__normal__69-rotated3-rotated3-rotated1 (1).jpg,"not radius, ulna, or humerus"
./dataset_binary/normal/31-rotated2-rotated3-rotated3-rotated1 (1).jpg,outputs/removed_other_bones_quarantine/dataset_binary__normal__31-rotated2-rotated3-rotated3-rotated1 (1).jpg,"not radius, ulna, or humerus"
./dataset_binary/normal/21-rotated2-rotated2-rotated1-rotated1.jpg,outputs/removed_other_bones_quarantine/dataset_binary__normal__21-rotated2-rotated2-rotated1-rotated1.jpg,"not radius, ulna, or humerus"
./dataset_binary/normal/59-rotated1-rotated2-rotated1 (1).jpg,outputs/removed_other_bones_quarantine/dataset_binary__normal__59-rotated1-rotated2-rotated1 (1).jpg,"not radius, ulna, or humerus"
./dataset_binary/normal/68-rotated2-rotated3-rotated1 (1).jpg,outputs/removed_other_bones_quarantine/dataset_binary__normal__68-rotated2-rotated3-rotated1 (1).jpg,"not radius, ulna, or humerus"
./dataset_binary/normal/21-rotated3 (1).jpg,outputs/removed_other_bones_quarantine/dataset_binary__normal__21-rotated3 (1).jpg,"not radius, ulna, or humerus"
./dataset_binary/normal/19-rotated1-rotated2-rotated2.jpg,outputs/removed_other_bones_quarantine/dataset_binary__normal__19-rotated1-rotated2-rotated2.jpg,"not radius, ulna, or humerus"
./dataset_binary/normal/69-rotated2-rotated3-rotated1 (1).jpg,outputs/removed_other_bones_quarantine/dataset_binary__normal__69-rotated2-rotated3-rotated1 (1).jpg,"not radius, ulna, or humerus"
./dataset_binary/normal/22-rotated3-rotated1-rotated2-rotated1.jpg,outputs/removed_other_bones_quarantine/dataset_binary__normal__22-rotated3-rotated1-rotated2-rotated1.jpg,"not radius, ulna, or humerus"
./dataset_binary/normal/16-rotated2-rotated2-rotated3.jpg,outputs/removed_other_bones_quarantine/dataset_binary__normal__16-rotated2-rotated2-rotated3.jpg,"not radius, ulna, or humerus"
./dataset_binary/normal/12-rotated2-rotated2 (1).jpg,outputs/removed_other_bones_quarantine/dataset_binary__normal__12-rotated2-rotated2 (1).jpg,"not radius, ulna, or humerus"
./dataset_binary/normal/15-rotated3-rotated2 (1).jpg,outputs/removed_other_bones_quarantine/dataset_binary__normal__15-rotated3-rotated2 (1).jpg,"not radius, ulna, or humerus"
./dataset_binary/normal/28-rotated2-rotated2-rotated2 (1).jpg,outputs/removed_other_bones_quarantine/dataset_binary__normal__28-rotated2-rotated2-rotated2 (1).jpg,"not radius, ulna, or humerus"
./dataset_binary/normal/28-rotated1-rotated2-rotated3.jpg,outputs/removed_other_bones_quarantine/dataset_binary__normal__28-rotated1-rotated2-rotated3.jpg,"not radius, ulna, or humerus"
./dataset_binary/normal/1-rotated3-rotated1-rotated1-rotated1 (2).jpg,outputs/removed_other_bones_quarantine/dataset_binary__normal__1-rotated3-rotated1-rotated1-rotated1 (2).jpg,"not radius, ulna, or humerus"
./dataset_binary/normal/52-rotated1-rotated2-rotated2.jpg,outputs/removed_other_bones_quarantine/dataset_binary__normal__52-rotated1-rotated2-rotated2.jpg,"not radius, ulna, or humerus"
./dataset_binary/normal/2-rotated2-rotated1-rotated2.jpg,outputs/removed_other_bones_quarantine/dataset_binary__normal__2-rotated2-rotated1-rotated2.jpg,"not radius, ulna, or humerus"
./dataset_binary/normal/35-rotated1-rotated2-rotated3-rotated1 (1).jpg,outputs/removed_other_bones_quarantine/dataset_binary__normal__35-rotated1-rotated2-rotated3-rotated1 (1).jpg,"not radius, ulna, or humerus"
./dataset_binary/normal/70-rotated3-rotated3-rotated3-rotated1 (1).jpg,outputs/removed_other_bones_quarantine/dataset_binary__normal__70-rotated3-rotated3-rotated3-rotated1 (1).jpg,"not radius, ulna, or humerus"
./dataset_binary/normal/6-rotated1-rotated2-rotated3.jpg,outputs/removed_other_bones_quarantine/dataset_binary__normal__6-rotated1-rotated2-rotated3.jpg,"not radius, ulna, or humerus"
./dataset_binary/normal/50-rotated3-rotated3-rotated1 (1).jpg,outputs/removed_other_bones_quarantine/dataset_binary__normal__50-rotated3-rotated3-rotated1 (1).jpg,"not radius, ulna, or humerus"
./dataset_binary/normal/23-rotated1-rotated1-rotated1-rotated1 (1).jpg,outputs/removed_other_bones_quarantine/dataset_binary__normal__23-rotated1-rotated1-rotated1-rotated1 (1).jpg,"not radius, ulna, or humerus"
./dataset_binary/normal/3-rotated1.jpg,outputs/removed_other_bones_quarantine/dataset_binary__normal__3-rotated1.jpg,"not radius, ulna, or humerus"
./dataset_binary/normal/4-rotated3-rotated2-rotated3-rotated1 (2).jpg,outputs/removed_other_bones_quarantine/dataset_binary__normal__4-rotated3-rotated2-rotated3-rotated1 (2).jpg,"not radius, ulna, or humerus"
./dataset_binary/normal/6-rotated2-rotated3-rotated2.jpg,outputs/removed_other_bones_quarantine/dataset_binary__normal__6-rotated2-rotated3-rotated2.jpg,"not radius, ulna, or humerus"
./dataset_binary/normal/14-rotated2-rotated1-rotated3-rotated1 (1).jpg,outputs/removed_other_bones_quarantine/dataset_binary__normal__14-rotated2-rotated1-rotated3-rotated1 (1).jpg,"not radius, ulna, or humerus"
./dataset_binary/normal/8-rotated1-rotated1-rotated3-rotated1.jpg,outputs/removed_other_bones_quarantine/dataset_binary__normal__8-rotated1-rotated1-rotated3-rotated1.jpg,"not radius, ulna, or humerus"
./dataset_binary/normal/4-rotated2-rotated1-rotated2 (2).jpg,outputs/removed_other_bones_quarantine/dataset_binary__normal__4-rotated2-rotated1-rotated2 (2).jpg,"not radius, ulna, or humerus"
./dataset_binary/normal/29-rotated3-rotated2 (1).jpg,outputs/removed_other_bones_quarantine/dataset_binary__normal__29-rotated3-rotated2 (1).jpg,"not radius, ulna, or humerus"
./dataset_binary/normal/14-rotated3-rotated1-rotated1 (1).jpg,outputs/removed_other_bones_quarantine/dataset_binary__normal__14-rotated3-rotated1-rotated1 (1).jpg,"not radius, ulna, or humerus"
./dataset_binary/normal/26-rotated2-rotated3-rotated2-rotated1.jpg,outputs/removed_other_bones_quarantine/dataset_binary__normal__26-rotated2-rotated3-rotated2-rotated1.jpg,"not radius, ulna, or humerus"
./dataset_binary/normal/19-rotated3-rotated3-rotated1 (1).jpg,outputs/removed_other_bones_quarantine/dataset_binary__normal__19-rotated3-rotated3-rotated1 (1).jpg,"not radius, ulna, or humerus"
./dataset_binary/normal/56-rotated1-rotated2-rotated2 (1).jpg,outputs/removed_other_bones_quarantine/dataset_binary__normal__56-rotated1-rotated2-rotated2 (1).jpg,"not radius, ulna, or humerus"
./dataset_binary/normal/13-rotated2-rotated1.jpg,outputs/removed_other_bones_quarantine/dataset_binary__normal__13-rotated2-rotated1.jpg,"not radius, ulna, or humerus"
./dataset_binary/normal/1-rotated2-rotated3-rotated3-rotated1 (2).jpg,outputs/removed_other_bones_quarantine/dataset_binary__normal__1-rotated2-rotated3-rotated3-rotated1 (2).jpg,"not radius, ulna, or humerus"
./dataset_binary/normal/62-rotated1-rotated1-rotated2-rotated1.jpg,outputs/removed_other_bones_quarantine/dataset_binary__normal__62-rotated1-rotated1-rotated2-rotated1.jpg,"not radius, ulna, or humerus"
./dataset_binary/normal/29-rotated2-rotated3-rotated2.jpg,outputs/removed_other_bones_quarantine/dataset_binary__normal__29-rotated2-rotated3-rotated2.jpg,"not radius, ulna, or humerus"
./dataset_binary/normal/50-rotated3-rotated3-rotated2.jpg,outputs/removed_other_bones_quarantine/dataset_binary__normal__50-rotated3-rotated3-rotated2.jpg,"not radius, ulna, or humerus"
./dataset_binary/normal/3-rotated3-rotated1-rotated2-rotated1 (1).jpg,outputs/removed_other_bones_quarantine/dataset_binary__normal__3-rotated3-rotated1-rotated2-rotated1 (1).jpg,"not radius, ulna, or humerus"
./dataset_binary/normal/27-rotated2-rotated2-rotated3-rotated1 (1).jpg,outputs/removed_other_bones_quarantine/dataset_binary__normal__27-rotated2-rotated2-rotated3-rotated1 (1).jpg,"not radius, ulna, or humerus"
./dataset_binary/normal/62-rotated1-rotated1-rotated3.jpg,outputs/removed_other_bones_quarantine/dataset_binary__normal__62-rotated1-rotated1-rotated3.jpg,"not radius, ulna, or humerus"
./dataset_binary/normal/7-rotated1-rotated1-rotated3-rotated1.jpg,outputs/removed_other_bones_quarantine/dataset_binary__normal__7-rotated1-rotated1-rotated3-rotated1.jpg,"not radius, ulna, or humerus"
./dataset_binary/normal/29-rotated1-rotated1 (1).jpg,outputs/removed_other_bones_quarantine/dataset_binary__normal__29-rotated1-rotated1 (1).jpg,"not radius, ulna, or humerus"
./dataset_binary/normal/IMG0000193.jpg,outputs/removed_other_bones_quarantine/dataset_binary__normal__IMG0000193.jpg,"not radius, ulna, or humerus"
./dataset_binary/normal/56-rotated1-rotated3-rotated1-rotated1 (1).jpg,outputs/removed_other_bones_quarantine/dataset_binary__normal__56-rotated1-rotated3-rotated1-rotated1 (1).jpg,"not radius, ulna, or humerus"
./dataset_binary/normal/3-rotated2-rotated1-rotated1.jpg,outputs/removed_other_bones_quarantine/dataset_binary__normal__3-rotated2-rotated1-rotated1.jpg,"not radius, ulna, or humerus"
./dataset_binary/normal/18-rotated2-rotated1-rotated1-rotated1 (1).jpg,outputs/removed_other_bones_quarantine/dataset_binary__normal__18-rotated2-rotated1-rotated1-rotated1 (1).jpg,"not radius, ulna, or humerus"
./dataset_binary/normal/26-rotated1-rotated1-rotated1 (1).jpg,outputs/removed_other_bones_quarantine/dataset_binary__normal__26-rotated1-rotated1-rotated1 (1).jpg,"not radius, ulna, or humerus"
./dataset_binary/normal/56-rotated2-rotated3-rotated3-rotated1.jpg,outputs/removed_other_bones_quarantine/dataset_binary__normal__56-rotated2-rotated3-rotated3-rotated1.jpg,"not radius, ulna, or humerus"
./dataset_binary/normal/49-rotated3-rotated2 (1).jpg,outputs/removed_other_bones_quarantine/dataset_binary__normal__49-rotated3-rotated2 (1).jpg,"not radius, ulna, or humerus"
./dataset_binary/normal/38-rotated2-rotated1-rotated2-rotated1 (1).jpg,outputs/removed_other_bones_quarantine/dataset_binary__normal__38-rotated2-rotated1-rotated2-rotated1 (1).jpg,"not radius, ulna, or humerus"
./dataset_binary/normal/19-rotated2-rotated1-rotated2-rotated1 (1).jpg,outputs/removed_other_bones_quarantine/dataset_binary__normal__19-rotated2-rotated1-rotated2-rotated1 (1).jpg,"not radius, ulna, or humerus"
./dataset_binary/normal/66-rotated1-rotated1-rotated1-rotated1 (1).jpg,outputs/removed_other_bones_quarantine/dataset_binary__normal__66-rotated1-rotated1-rotated1-rotated1 (1).jpg,"not radius, ulna, or humerus"
./dataset_binary/normal/65-rotated3-rotated1-rotated3-rotated1.jpg,outputs/removed_other_bones_quarantine/dataset_binary__normal__65-rotated3-rotated1-rotated3-rotated1.jpg,"not radius, ulna, or humerus"
./dataset_binary/normal/13-rotated2-rotated3-rotated1.jpg,outputs/removed_other_bones_quarantine/dataset_binary__normal__13-rotated2-rotated3-rotated1.jpg,"not radius, ulna, or humerus"
./dataset_binary/normal/1-rotated3-rotated2-rotated3 (1).jpg,outputs/removed_other_bones_quarantine/dataset_binary__normal__1-rotated3-rotated2-rotated3 (1).jpg,"not radius, ulna, or humerus"
./dataset_binary/normal/31-rotated1-rotated2 (1).jpg,outputs/removed_other_bones_quarantine/dataset_binary__normal__31-rotated1-rotated2 (1).jpg,"not radius, ulna, or humerus"
./dataset_binary/normal/42-rotated3-rotated2-rotated2-rotated1.jpg,outputs/removed_other_bones_quarantine/dataset_binary__normal__42-rotated3-rotated2-rotated2-rotated1.jpg,"not radius, ulna, or humerus"
./dataset_binary/normal/30-rotated3-rotated1-rotated3.jpg,outputs/removed_other_bones_quarantine/dataset_binary__normal__30-rotated3-rotated1-rotated3.jpg,"not radius, ulna, or humerus"
./dataset_binary/normal/64-rotated3-rotated1-rotated2 (1).jpg,outputs/removed_other_bones_quarantine/dataset_binary__normal__64-rotated3-rotated1-rotated2 (1).jpg,"not radius, ulna, or humerus"
./dataset_binary/normal/7-rotated1-rotated2-rotated1-rotated1 (1).jpg,outputs/removed_other_bones_quarantine/dataset_binary__normal__7-rotated1-rotated2-rotated1-rotated1 (1).jpg,"not radius, ulna, or humerus"
./dataset_binary/normal/2-rotated1-rotated1.jpg,outputs/removed_other_bones_quarantine/dataset_binary__normal__2-rotated1-rotated1.jpg,"not radius, ulna, or humerus"
./dataset_binary/normal/46-rotated3-rotated2-rotated1-rotated1.jpg,outputs/removed_other_bones_quarantine/dataset_binary__normal__46-rotated3-rotated2-rotated1-rotated1.jpg,"not radius, ulna, or humerus"
./dataset_binary/normal/3-rotated2-rotated1-rotated1-rotated1 (2).jpg,outputs/removed_other_bones_quarantine/dataset_binary__normal__3-rotated2-rotated1-rotated1-rotated1 (2).jpg,"not radius, ulna, or humerus"
./dataset_binary/normal/18-rotated3-rotated2 (1).jpg,outputs/removed_other_bones_quarantine/dataset_binary__normal__18-rotated3-rotated2 (1).jpg,"not radius, ulna, or humerus"
./dataset_binary/normal/61-rotated2-rotated2-rotated2-rotated1 (1).jpg,outputs/removed_other_bones_quarantine/dataset_binary__normal__61-rotated2-rotated2-rotated2-rotated1 (1).jpg,"not radius, ulna, or humerus"
./dataset_binary/normal/56-rotated2-rotated2-rotated1-rotated1.jpg,outputs/removed_other_bones_quarantine/dataset_binary__normal__56-rotated2-rotated2-rotated1-rotated1.jpg,"not radius, ulna, or humerus"
./dataset_binary/normal/34-rotated1-rotated1-rotated2-rotated1 (1).jpg,outputs/removed_other_bones_quarantine/dataset_binary__normal__34-rotated1-rotated1-rotated2-rotated1 (1).jpg,"not radius, ulna, or humerus"
./dataset_binary/normal/24-rotated1-rotated1-rotated2.jpg,outputs/removed_other_bones_quarantine/dataset_binary__normal__24-rotated1-rotated1-rotated2.jpg,"not radius, ulna, or humerus"
./dataset_binary/normal/64-rotated3-rotated1-rotated3-rotated1 (1).jpg,outputs/removed_other_bones_quarantine/dataset_binary__normal__64-rotated3-rotated1-rotated3-rotated1 (1).jpg,"not radius, ulna, or humerus"
./dataset_binary/normal/21-rotated3-rotated3-rotated3.jpg,outputs/removed_other_bones_quarantine/dataset_binary__normal__21-rotated3-rotated3-rotated3.jpg,"not radius, ulna, or humerus"
./dataset_binary/normal/64-rotated3.jpg,outputs/removed_other_bones_quarantine/dataset_binary__normal__64-rotated3.jpg,"not radius, ulna, or humerus"
./dataset_binary/normal/56-rotated3-rotated3-rotated1-rotated1.jpg,outputs/removed_other_bones_quarantine/dataset_binary__normal__56-rotated3-rotated3-rotated1-rotated1.jpg,"not radius, ulna, or humerus"
./dataset_binary/normal/61-rotated1-rotated1-rotated3 (1).jpg,outputs/removed_other_bones_quarantine/dataset_binary__normal__61-rotated1-rotated1-rotated3 (1).jpg,"not radius, ulna, or humerus"
./dataset_binary/normal/10-rotated2-rotated3-rotated1.jpg,outputs/removed_other_bones_quarantine/dataset_binary__normal__10-rotated2-rotated3-rotated1.jpg,"not radius, ulna, or humerus"
./dataset_binary/normal/13-rotated1-rotated3-rotated1 (1).jpg,outputs/removed_other_bones_quarantine/dataset_binary__normal__13-rotated1-rotated3-rotated1 (1).jpg,"not radius, ulna, or humerus"
./dataset_binary/normal/6-rotated1-rotated2.jpg,outputs/removed_other_bones_quarantine/dataset_binary__normal__6-rotated1-rotated2.jpg,"not radius, ulna, or humerus"
./dataset_binary/normal/41-rotated1-rotated2-rotated2-rotated1 (1).jpg,outputs/removed_other_bones_quarantine/dataset_binary__normal__41-rotated1-rotated2-rotated2-rotated1 (1).jpg,"not radius, ulna, or humerus"
./dataset_binary/normal/50-rotated3-rotated3-rotated1-rotated1 (1).jpg,outputs/removed_other_bones_quarantine/dataset_binary__normal__50-rotated3-rotated3-rotated1-rotated1 (1).jpg,"not radius, ulna, or humerus"
./dataset_binary/normal/1-rotated1-rotated3 (1).jpg,outputs/removed_other_bones_quarantine/dataset_binary__normal__1-rotated1-rotated3 (1).jpg,"not radius, ulna, or humerus"
./dataset_binary/normal/1-rotated1-rotated3-rotated1-rotated1 (2).jpg,outputs/removed_other_bones_quarantine/dataset_binary__normal__1-rotated1-rotated3-rotated1-rotated1 (2).jpg,"not radius, ulna, or humerus"
./dataset_binary/normal/27-rotated3-rotated3-rotated1-rotated1.jpg,outputs/removed_other_bones_quarantine/dataset_binary__normal__27-rotated3-rotated3-rotated1-rotated1.jpg,"not radius, ulna, or humerus"
./dataset_binary/normal/36-rotated1-rotated1-rotated3-rotated1.jpg,outputs/removed_other_bones_quarantine/dataset_binary__normal__36-rotated1-rotated1-rotated3-rotated1.jpg,"not radius, ulna, or humerus"
./dataset_binary/normal/20-rotated2-rotated2-rotated2.jpg,outputs/removed_other_bones_quarantine/dataset_binary__normal__20-rotated2-rotated2-rotated2.jpg,"not radius, ulna, or humerus"
./dataset_binary/normal/15-rotated1-rotated2-rotated3-rotated1 (1).jpg,outputs/removed_other_bones_quarantine/dataset_binary__normal__15-rotated1-rotated2-rotated3-rotated1 (1).jpg,"not radius, ulna, or humerus"
./dataset_binary/normal/48-rotated1-rotated3-rotated3 (1).jpg,outputs/removed_other_bones_quarantine/dataset_binary__normal__48-rotated1-rotated3-rotated3 (1).jpg,"not radius, ulna, or humerus"
./dataset_binary/normal/4-rotated2-rotated3-rotated1-rotated1 (1).jpg,outputs/removed_other_bones_quarantine/dataset_binary__normal__4-rotated2-rotated3-rotated1-rotated1 (1).jpg,"not radius, ulna, or humerus"
./dataset_binary/normal/38-rotated3-rotated1-rotated1-rotated1 (1).jpg,outputs/removed_other_bones_quarantine/dataset_binary__normal__38-rotated3-rotated1-rotated1-rotated1 (1).jpg,"not radius, ulna, or humerus"
./dataset_binary/normal/52-rotated2-rotated3-rotated1-rotated1.jpg,outputs/removed_other_bones_quarantine/dataset_binary__normal__52-rotated2-rotated3-rotated1-rotated1.jpg,"not radius, ulna, or humerus"
./dataset_binary/normal/17-rotated1-rotated3-rotated2 (1).jpg,outputs/removed_other_bones_quarantine/dataset_binary__normal__17-rotated1-rotated3-rotated2 (1).jpg,"not radius, ulna, or humerus"
./dataset_binary/normal/2-rotated3-rotated1-rotated1.jpg,outputs/removed_other_bones_quarantine/dataset_binary__normal__2-rotated3-rotated1-rotated1.jpg,"not radius, ulna, or humerus"
./dataset_binary/normal/29-rotated1-rotated1-rotated3.jpg,outputs/removed_other_bones_quarantine/dataset_binary__normal__29-rotated1-rotated1-rotated3.jpg,"not radius, ulna, or humerus"
./dataset_binary/normal/8-rotated1-rotated1-rotated2 (1).jpg,outputs/removed_other_bones_quarantine/dataset_binary__normal__8-rotated1-rotated1-rotated2 (1).jpg,"not radius, ulna, or humerus"
./dataset_binary/normal/50-rotated1-rotated1.jpg,outputs/removed_other_bones_quarantine/dataset_binary__normal__50-rotated1-rotated1.jpg,"not radius, ulna, or humerus"
./dataset_binary/normal/10-rotated2.jpg,outputs/removed_other_bones_quarantine/dataset_binary__normal__10-rotated2.jpg,"not radius, ulna, or humerus"
./dataset_binary/normal/24-rotated3-rotated2.jpg,outputs/removed_other_bones_quarantine/dataset_binary__normal__24-rotated3-rotated2.jpg,"not radius, ulna, or humerus"
./dataset_binary/normal/5-rotated1-rotated3-rotated1-rotated1.jpg,outputs/removed_other_bones_quarantine/dataset_binary__normal__5-rotated1-rotated3-rotated1-rotated1.jpg,"not radius, ulna, or humerus"
./dataset_binary/normal/47-rotated1-rotated1-rotated3.jpg,outputs/removed_other_bones_quarantine/dataset_binary__normal__47-rotated1-rotated1-rotated3.jpg,"not radius, ulna, or humerus"
./dataset_binary/normal/7-rotated2-rotated2-rotated3-rotated1.jpg,outputs/removed_other_bones_quarantine/dataset_binary__normal__7-rotated2-rotated2-rotated3-rotated1.jpg,"not radius, ulna, or humerus"
./dataset_binary/normal/66-rotated2-rotated1-rotated1.jpg,outputs/removed_other_bones_quarantine/dataset_binary__normal__66-rotated2-rotated1-rotated1.jpg,"not radius, ulna, or humerus"
./dataset_binary/normal/35-rotated1-rotated2-rotated2 (1).jpg,outputs/removed_other_bones_quarantine/dataset_binary__normal__35-rotated1-rotated2-rotated2 (1).jpg,"not radius, ulna, or humerus"
./dataset_binary/normal/30-rotated2-rotated1-rotated1.jpg,outputs/removed_other_bones_quarantine/dataset_binary__normal__30-rotated2-rotated1-rotated1.jpg,"not radius, ulna, or humerus"
./dataset_binary/normal/70-rotated2-rotated3-rotated3-rotated1.jpg,outputs/removed_other_bones_quarantine/dataset_binary__normal__70-rotated2-rotated3-rotated3-rotated1.jpg,"not radius, ulna, or humerus"
./dataset_binary/normal/4-rotated3-rotated1-rotated3-rotated1 (2).jpg,outputs/removed_other_bones_quarantine/dataset_binary__normal__4-rotated3-rotated1-rotated3-rotated1 (2).jpg,"not radius, ulna, or humerus"
./dataset_binary/normal/35-rotated2-rotated1-rotated1.jpg,outputs/removed_other_bones_quarantine/dataset_binary__normal__35-rotated2-rotated1-rotated1.jpg,"not radius, ulna, or humerus"
./dataset_binary/normal/55-rotated3-rotated3-rotated1.jpg,outputs/removed_other_bones_quarantine/dataset_binary__normal__55-rotated3-rotated3-rotated1.jpg,"not radius, ulna, or humerus"
./dataset_binary/normal/19-rotated3-rotated3 (1).jpg,outputs/removed_other_bones_quarantine/dataset_binary__normal__19-rotated3-rotated3 (1).jpg,"not radius, ulna, or humerus"
./dataset_binary/normal/62-rotated3-rotated2-rotated2-rotated1 (1).jpg,outputs/removed_other_bones_quarantine/dataset_binary__normal__62-rotated3-rotated2-rotated2-rotated1 (1).jpg,"not radius, ulna, or humerus"
./dataset_binary/normal/61-rotated3-rotated2-rotated2-rotated1.jpg,outputs/removed_other_bones_quarantine/dataset_binary__normal__61-rotated3-rotated2-rotated2-rotated1.jpg,"not radius, ulna, or humerus"
./dataset_binary/normal/47-rotated1-rotated1-rotated1.jpg,outputs/removed_other_bones_quarantine/dataset_binary__normal__47-rotated1-rotated1-rotated1.jpg,"not radius, ulna, or humerus"
./dataset_binary/normal/30-rotated1-rotated1-rotated1-rotated1.jpg,outputs/removed_other_bones_quarantine/dataset_binary__normal__30-rotated1-rotated1-rotated1-rotated1.jpg,"not radius, ulna, or humerus"
./dataset_binary/normal/16-rotated1-rotated1-rotated3.jpg,outputs/removed_other_bones_quarantine/dataset_binary__normal__16-rotated1-rotated1-rotated3.jpg,"not radius, ulna, or humerus"
./dataset_binary/normal/45-rotated1-rotated1-rotated2-rotated1 (1).jpg,outputs/removed_other_bones_quarantine/dataset_binary__normal__45-rotated1-rotated1-rotated2-rotated1 (1).jpg,"not radius, ulna, or humerus"
./dataset_binary/normal/53-rotated3-rotated2-rotated2 (1).jpg,outputs/removed_other_bones_quarantine/dataset_binary__normal__53-rotated3-rotated2-rotated2 (1).jpg,"not radius, ulna, or humerus"
./dataset_binary/normal/20-rotated1-rotated2-rotated1-rotated1 (1).jpg,outputs/removed_other_bones_quarantine/dataset_binary__normal__20-rotated1-rotated2-rotated1-rotated1 (1).jpg,"not radius, ulna, or humerus"
./dataset_binary/normal/13-rotated2.jpg,outputs/removed_other_bones_quarantine/dataset_binary__normal__13-rotated2.jpg,"not radius, ulna, or humerus"
./dataset_binary/normal/18-rotated2-rotated3-rotated3-rotated1.jpg,outputs/removed_other_bones_quarantine/dataset_binary__normal__18-rotated2-rotated3-rotated3-rotated1.jpg,"not radius, ulna, or humerus"
./dataset_binary/normal/26-rotated1-rotated1-rotated2 (1).jpg,outputs/removed_other_bones_quarantine/dataset_binary__normal__26-rotated1-rotated1-rotated2 (1).jpg,"not radius, ulna, or humerus"
./dataset_binary/normal/50-rotated1-rotated3-rotated2-rotated1.jpg,outputs/removed_other_bones_quarantine/dataset_binary__normal__50-rotated1-rotated3-rotated2-rotated1.jpg,"not radius, ulna, or humerus"
./dataset_binary/normal/15-rotated1-rotated1-rotated3.jpg,outputs/removed_other_bones_quarantine/dataset_binary__normal__15-rotated1-rotated1-rotated3.jpg,"not radius, ulna, or humerus"
./dataset_binary/normal/33-rotated2-rotated2-rotated2 (1).jpg,outputs/removed_other_bones_quarantine/dataset_binary__normal__33-rotated2-rotated2-rotated2 (1).jpg,"not radius, ulna, or humerus"
./dataset_binary/normal/26-rotated2-rotated1-rotated2-rotated1.jpg,outputs/removed_other_bones_quarantine/dataset_binary__normal__26-rotated2-rotated1-rotated2-rotated1.jpg,"not radius, ulna, or humerus"
./dataset_binary/normal/64-rotated3-rotated3-rotated2.jpg,outputs/removed_other_bones_quarantine/dataset_binary__normal__64-rotated3-rotated3-rotated2.jpg,"not radius, ulna, or humerus"
./dataset_binary/normal/64-rotated1-rotated3-rotated1-rotated1.jpg,outputs/removed_other_bones_quarantine/dataset_binary__normal__64-rotated1-rotated3-rotated1-rotated1.jpg,"not radius, ulna, or humerus"
./dataset_binary/normal/68-rotated3-rotated1-rotated2-rotated1 (1).jpg,outputs/removed_other_bones_quarantine/dataset_binary__normal__68-rotated3-rotated1-rotated2-rotated1 (1).jpg,"not radius, ulna, or humerus"
./dataset_binary/normal/45-rotated2-rotated2-rotated3 (1).jpg,outputs/removed_other_bones_quarantine/dataset_binary__normal__45-rotated2-rotated2-rotated3 (1).jpg,"not radius, ulna, or humerus"
./dataset_binary/normal/60-rotated3-rotated1-rotated3-rotated1 (1).jpg,outputs/removed_other_bones_quarantine/dataset_binary__normal__60-rotated3-rotated1-rotated3-rotated1 (1).jpg,"not radius, ulna, or humerus"
./dataset_binary/normal/42-rotated2.jpg,outputs/removed_other_bones_quarantine/dataset_binary__normal__42-rotated2.jpg,"not radius, ulna, or humerus"
./dataset_binary/normal/54-rotated3-rotated3-rotated3 (1).jpg,outputs/removed_other_bones_quarantine/dataset_binary__normal__54-rotated3-rotated3-rotated3 (1).jpg,"not radius, ulna, or humerus"
./dataset_binary/normal/1-rotated2-rotated1 (1).jpg,outputs/removed_other_bones_quarantine/dataset_binary__normal__1-rotated2-rotated1 (1).jpg,"not radius, ulna, or humerus"
./dataset_binary/normal/58-rotated3-rotated3 (1).jpg,outputs/removed_other_bones_quarantine/dataset_binary__normal__58-rotated3-rotated3 (1).jpg,"not radius, ulna, or humerus"
./dataset_binary/normal/12-rotated3-rotated2-rotated1.jpg,outputs/removed_other_bones_quarantine/dataset_binary__normal__12-rotated3-rotated2-rotated1.jpg,"not radius, ulna, or humerus"
./dataset_binary/normal/IMG0000507.jpg,outputs/removed_other_bones_quarantine/dataset_binary__normal__IMG0000507.jpg,"not radius, ulna, or humerus"
./dataset_binary/normal/10-rotated1-rotated2-rotated1-rotated1.jpg,outputs/removed_other_bones_quarantine/dataset_binary__normal__10-rotated1-rotated2-rotated1-rotated1.jpg,"not radius, ulna, or humerus"
./dataset_binary/normal/49-rotated1-rotated2-rotated3 (1).jpg,outputs/removed_other_bones_quarantine/dataset_binary__normal__49-rotated1-rotated2-rotated3 (1).jpg,"not radius, ulna, or humerus"
./dataset_binary/normal/7-rotated2-rotated2-rotated3 (1).jpg,outputs/removed_other_bones_quarantine/dataset_binary__normal__7-rotated2-rotated2-rotated3 (1).jpg,"not radius, ulna, or humerus"
./dataset_binary/normal/22-rotated3-rotated1-rotated3 (1).jpg,outputs/removed_other_bones_quarantine/dataset_binary__normal__22-rotated3-rotated1-rotated3 (1).jpg,"not radius, ulna, or humerus"
./dataset_binary/normal/56-rotated2-rotated2.jpg,outputs/removed_other_bones_quarantine/dataset_binary__normal__56-rotated2-rotated2.jpg,"not radius, ulna, or humerus"
./dataset_binary/normal/3-rotated2-rotated3-rotated1-rotated1.jpg,outputs/removed_other_bones_quarantine/dataset_binary__normal__3-rotated2-rotated3-rotated1-rotated1.jpg,"not radius, ulna, or humerus"
./dataset_binary/normal/70-rotated3-rotated1-rotated1.jpg,outputs/removed_other_bones_quarantine/dataset_binary__normal__70-rotated3-rotated1-rotated1.jpg,"not radius, ulna, or humerus"
./dataset_binary/normal/66-rotated3-rotated3-rotated2 (1).jpg,outputs/removed_other_bones_quarantine/dataset_binary__normal__66-rotated3-rotated3-rotated2 (1).jpg,"not radius, ulna, or humerus"
./dataset_binary/normal/10-rotated3-rotated3-rotated1-rotated1.jpg,outputs/removed_other_bones_quarantine/dataset_binary__normal__10-rotated3-rotated3-rotated1-rotated1.jpg,"not radius, ulna, or humerus"
./dataset_binary/normal/47-rotated3-rotated3-rotated2-rotated1.jpg,outputs/removed_other_bones_quarantine/dataset_binary__normal__47-rotated3-rotated3-rotated2-rotated1.jpg,"not radius, ulna, or humerus"
./dataset_binary/normal/62-rotated1-rotated3-rotated3-rotated1.jpg,outputs/removed_other_bones_quarantine/dataset_binary__normal__62-rotated1-rotated3-rotated3-rotated1.jpg,"not radius, ulna, or humerus"
./dataset_binary/normal/8-rotated2-rotated1-rotated1 (1).jpg,outputs/removed_other_bones_quarantine/dataset_binary__normal__8-rotated2-rotated1-rotated1 (1).jpg,"not radius, ulna, or humerus"
./dataset_binary/normal/6-rotated3-rotated2.jpg,outputs/removed_other_bones_quarantine/dataset_binary__normal__6-rotated3-rotated2.jpg,"not radius, ulna, or humerus"
./dataset_binary/normal/64-rotated2-rotated3-rotated3-rotated1 (1).jpg,outputs/removed_other_bones_quarantine/dataset_binary__normal__64-rotated2-rotated3-rotated3-rotated1 (1).jpg,"not radius, ulna, or humerus"
./dataset_binary/normal/17-rotated1-rotated2.jpg,outputs/removed_other_bones_quarantine/dataset_binary__normal__17-rotated1-rotated2.jpg,"not radius, ulna, or humerus"
./dataset_binary/normal/23-rotated1-rotated2-rotated1 (1).jpg,outputs/removed_other_bones_quarantine/dataset_binary__normal__23-rotated1-rotated2-rotated1 (1).jpg,"not radius, ulna, or humerus"
./dataset_binary/normal/56-rotated3-rotated3-rotated1.jpg,outputs/removed_other_bones_quarantine/dataset_binary__normal__56-rotated3-rotated3-rotated1.jpg,"not radius, ulna, or humerus"
./dataset_binary/normal/14-rotated3-rotated1-rotated3.jpg,outputs/removed_other_bones_quarantine/dataset_binary__normal__14-rotated3-rotated1-rotated3.jpg,"not radius, ulna, or humerus"
./dataset_binary/normal/46-rotated3-rotated2-rotated1.jpg,outputs/removed_other_bones_quarantine/dataset_binary__normal__46-rotated3-rotated2-rotated1.jpg,"not radius, ulna, or humerus"
./dataset_binary/normal/42-rotated1-rotated1-rotated3.jpg,outputs/removed_other_bones_quarantine/dataset_binary__normal__42-rotated1-rotated1-rotated3.jpg,"not radius, ulna, or humerus"
./dataset_binary/normal/1-rotated3-rotated2 (1).jpg,outputs/removed_other_bones_quarantine/dataset_binary__normal__1-rotated3-rotated2 (1).jpg,"not radius, ulna, or humerus"
./dataset_binary/normal/33-rotated3-rotated2 (1).jpg,outputs/removed_other_bones_quarantine/dataset_binary__normal__33-rotated3-rotated2 (1).jpg,"not radius, ulna, or humerus"
./dataset_binary/normal/45-rotated1-rotated3-rotated2 (1).jpg,outputs/removed_other_bones_quarantine/dataset_binary__normal__45-rotated1-rotated3-rotated2 (1).jpg,"not radius, ulna, or humerus"
./dataset_binary/normal/43-rotated3-rotated1-rotated3 (1).jpg,outputs/removed_other_bones_quarantine/dataset_binary__normal__43-rotated3-rotated1-rotated3 (1).jpg,"not radius, ulna, or humerus"
./dataset_binary/normal/48-rotated1-rotated3-rotated2.jpg,outputs/removed_other_bones_quarantine/dataset_binary__normal__48-rotated1-rotated3-rotated2.jpg,"not radius, ulna, or humerus"
./dataset_binary/normal/47-rotated1-rotated3-rotated3-rotated1.jpg,outputs/removed_other_bones_quarantine/dataset_binary__normal__47-rotated1-rotated3-rotated3-rotated1.jpg,"not radius, ulna, or humerus"
./dataset_binary/normal/12-rotated2-rotated2-rotated2 (1).jpg,outputs/removed_other_bones_quarantine/dataset_binary__normal__12-rotated2-rotated2-rotated2 (1).jpg,"not radius, ulna, or humerus"
./dataset_binary/normal/21-rotated2-rotated3-rotated1.jpg,outputs/removed_other_bones_quarantine/dataset_binary__normal__21-rotated2-rotated3-rotated1.jpg,"not radius, ulna, or humerus"
./dataset_binary/normal/61-rotated2-rotated1-rotated1-rotated1 (1).jpg,outputs/removed_other_bones_quarantine/dataset_binary__normal__61-rotated2-rotated1-rotated1-rotated1 (1).jpg,"not radius, ulna, or humerus"
./dataset_binary/normal/64-rotated2-rotated1 (1).jpg,outputs/removed_other_bones_quarantine/dataset_binary__normal__64-rotated2-rotated1 (1).jpg,"not radius, ulna, or humerus"
./dataset_binary/normal/37-rotated3-rotated2-rotated1 (1).jpg,outputs/removed_other_bones_quarantine/dataset_binary__normal__37-rotated3-rotated2-rotated1 (1).jpg,"not radius, ulna, or humerus"
./dataset_binary/normal/6-rotated2-rotated2-rotated1 (1).jpg,outputs/removed_other_bones_quarantine/dataset_binary__normal__6-rotated2-rotated2-rotated1 (1).jpg,"not radius, ulna, or humerus"
./dataset_binary/normal/18-rotated1-rotated1-rotated1.jpg,outputs/removed_other_bones_quarantine/dataset_binary__normal__18-rotated1-rotated1-rotated1.jpg,"not radius, ulna, or humerus"
./dataset_binary/normal/70-rotated1-rotated2-rotated1-rotated1.jpg,outputs/removed_other_bones_quarantine/dataset_binary__normal__70-rotated1-rotated2-rotated1-rotated1.jpg,"not radius, ulna, or humerus"
./dataset_binary/normal/19-rotated3.jpg,outputs/removed_other_bones_quarantine/dataset_binary__normal__19-rotated3.jpg,"not radius, ulna, or humerus"
./dataset_binary/normal/63-rotated2-rotated3-rotated2 (1).jpg,outputs/removed_other_bones_quarantine/dataset_binary__normal__63-rotated2-rotated3-rotated2 (1).jpg,"not radius, ulna, or humerus"
./dataset_binary/normal/57-rotated1-rotated3-rotated3 (1).jpg,outputs/removed_other_bones_quarantine/dataset_binary__normal__57-rotated1-rotated3-rotated3 (1).jpg,"not radius, ulna, or humerus"
./dataset_binary/normal/65-rotated3-rotated3-rotated3.jpg,outputs/removed_other_bones_quarantine/dataset_binary__normal__65-rotated3-rotated3-rotated3.jpg,"not radius, ulna, or humerus"
./dataset_binary/normal/23-rotated3 (1).jpg,outputs/removed_other_bones_quarantine/dataset_binary__normal__23-rotated3 (1).jpg,"not radius, ulna, or humerus"
./dataset_binary/normal/3-rotated1-rotated2-rotated2 (2).jpg,outputs/removed_other_bones_quarantine/dataset_binary__normal__3-rotated1-rotated2-rotated2 (2).jpg,"not radius, ulna, or humerus"
./dataset_binary/normal/68-rotated1 (1).jpg,outputs/removed_other_bones_quarantine/dataset_binary__normal__68-rotated1 (1).jpg,"not radius, ulna, or humerus"
./dataset_binary/normal/45-rotated1-rotated1-rotated3 (1).jpg,outputs/removed_other_bones_quarantine/dataset_binary__normal__45-rotated1-rotated1-rotated3 (1).jpg,"not radius, ulna, or humerus"
./dataset_binary/normal/IMG0004371.jpg,outputs/removed_other_bones_quarantine/dataset_binary__normal__IMG0004371.jpg,"not radius, ulna, or humerus"
./dataset_binary/normal/63-rotated2-rotated3-rotated3 (1).jpg,outputs/removed_other_bones_quarantine/dataset_binary__normal__63-rotated2-rotated3-rotated3 (1).jpg,"not radius, ulna, or humerus"
./dataset_binary/normal/37-rotated1-rotated1-rotated2-rotated1 (1).jpg,outputs/removed_other_bones_quarantine/dataset_binary__normal__37-rotated1-rotated1-rotated2-rotated1 (1).jpg,"not radius, ulna, or humerus"
./dataset_binary/normal/13-rotated3-rotated1-rotated1.jpg,outputs/removed_other_bones_quarantine/dataset_binary__normal__13-rotated3-rotated1-rotated1.jpg,"not radius, ulna, or humerus"
./dataset_binary/normal/64-rotated3-rotated2-rotated3-rotated1 (1).jpg,outputs/removed_other_bones_quarantine/dataset_binary__normal__64-rotated3-rotated2-rotated3-rotated1 (1).jpg,"not radius, ulna, or humerus"
./dataset_binary/normal/19-rotated3-rotated2-rotated1-rotated1 (1).jpg,outputs/removed_other_bones_quarantine/dataset_binary__normal__19-rotated3-rotated2-rotated1-rotated1 (1).jpg,"not radius, ulna, or humerus"
./dataset_binary/normal/7-rotated1-rotated1-rotated1 (1).jpg,outputs/removed_other_bones_quarantine/dataset_binary__normal__7-rotated1-rotated1-rotated1 (1).jpg,"not radius, ulna, or humerus"
./dataset_binary/normal/25-rotated3-rotated1-rotated2.jpg,outputs/removed_other_bones_quarantine/dataset_binary__normal__25-rotated3-rotated1-rotated2.jpg,"not radius, ulna, or humerus"
./dataset_binary/normal/18-rotated2-rotated3.jpg,outputs/removed_other_bones_quarantine/dataset_binary__normal__18-rotated2-rotated3.jpg,"not radius, ulna, or humerus"
./dataset_binary/normal/18-rotated1 (1).jpg,outputs/removed_other_bones_quarantine/dataset_binary__normal__18-rotated1 (1).jpg,"not radius, ulna, or humerus"
./dataset_binary/normal/68-rotated2-rotated2 (1).jpg,outputs/removed_other_bones_quarantine/dataset_binary__normal__68-rotated2-rotated2 (1).jpg,"not radius, ulna, or humerus"
./dataset_binary/normal/17-rotated2-rotated2-rotated1.jpg,outputs/removed_other_bones_quarantine/dataset_binary__normal__17-rotated2-rotated2-rotated1.jpg,"not radius, ulna, or humerus"
./dataset_binary/normal/63-rotated1-rotated1-rotated1-rotated1 (1).jpg,outputs/removed_other_bones_quarantine/dataset_binary__normal__63-rotated1-rotated1-rotated1-rotated1 (1).jpg,"not radius, ulna, or humerus"
./dataset_binary/normal/1-rotated2-rotated3-rotated1 (2).jpg,outputs/removed_other_bones_quarantine/dataset_binary__normal__1-rotated2-rotated3-rotated1 (2).jpg,"not radius, ulna, or humerus"
./dataset_binary/normal/54-rotated2-rotated1-rotated2 (1).jpg,outputs/removed_other_bones_quarantine/dataset_binary__normal__54-rotated2-rotated1-rotated2 (1).jpg,"not radius, ulna, or humerus"
./dataset_binary/normal/19-rotated3-rotated1.jpg,outputs/removed_other_bones_quarantine/dataset_binary__normal__19-rotated3-rotated1.jpg,"not radius, ulna, or humerus"
./dataset_binary/normal/13-rotated3-rotated3-rotated1.jpg,outputs/removed_other_bones_quarantine/dataset_binary__normal__13-rotated3-rotated3-rotated1.jpg,"not radius, ulna, or humerus"
./dataset_binary/normal/47-rotated3-rotated3-rotated1-rotated1.jpg,outputs/removed_other_bones_quarantine/dataset_binary__normal__47-rotated3-rotated3-rotated1-rotated1.jpg,"not radius, ulna, or humerus"
./dataset_binary/normal/17-rotated3-rotated2-rotated2.jpg,outputs/removed_other_bones_quarantine/dataset_binary__normal__17-rotated3-rotated2-rotated2.jpg,"not radius, ulna, or humerus"
./dataset_binary/normal/68-rotated2-rotated1-rotated2-rotated1 (1).jpg,outputs/removed_other_bones_quarantine/dataset_binary__normal__68-rotated2-rotated1-rotated2-rotated1 (1).jpg,"not radius, ulna, or humerus"
./dataset_binary/normal/37-rotated1-rotated1-rotated1-rotated1 (1).jpg,outputs/removed_other_bones_quarantine/dataset_binary__normal__37-rotated1-rotated1-rotated1-rotated1 (1).jpg,"not radius, ulna, or humerus"
./dataset_binary/normal/1-rotated1-rotated2.jpg,outputs/removed_other_bones_quarantine/dataset_binary__normal__1-rotated1-rotated2.jpg,"not radius, ulna, or humerus"
./dataset_binary/normal/38-rotated2-rotated2-rotated3.jpg,outputs/removed_other_bones_quarantine/dataset_binary__normal__38-rotated2-rotated2-rotated3.jpg,"not radius, ulna, or humerus"
./dataset_binary/normal/17-rotated2-rotated2-rotated2 (1).jpg,outputs/removed_other_bones_quarantine/dataset_binary__normal__17-rotated2-rotated2-rotated2 (1).jpg,"not radius, ulna, or humerus"
./dataset_binary/normal/18-rotated1-rotated2-rotated2-rotated1.jpg,outputs/removed_other_bones_quarantine/dataset_binary__normal__18-rotated1-rotated2-rotated2-rotated1.jpg,"not radius, ulna, or humerus"
./dataset_binary/normal/15-rotated3-rotated2-rotated3-rotated1.jpg,outputs/removed_other_bones_quarantine/dataset_binary__normal__15-rotated3-rotated2-rotated3-rotated1.jpg,"not radius, ulna, or humerus"
./dataset_binary/normal/49-rotated3-rotated1-rotated3-rotated1.jpg,outputs/removed_other_bones_quarantine/dataset_binary__normal__49-rotated3-rotated1-rotated3-rotated1.jpg,"not radius, ulna, or humerus"
./dataset_binary/normal/32-rotated1-rotated2-rotated2-rotated1.jpg,outputs/removed_other_bones_quarantine/dataset_binary__normal__32-rotated1-rotated2-rotated2-rotated1.jpg,"not radius, ulna, or humerus"
./dataset_binary/normal/19-rotated3-rotated2-rotated3-rotated1 (1).jpg,outputs/removed_other_bones_quarantine/dataset_binary__normal__19-rotated3-rotated2-rotated3-rotated1 (1).jpg,"not radius, ulna, or humerus"
./dataset_binary/normal/10-rotated1.jpg,outputs/removed_other_bones_quarantine/dataset_binary__normal__10-rotated1.jpg,"not radius, ulna, or humerus"
./dataset_binary/normal/69-rotated2-rotated3-rotated1-rotated1.jpg,outputs/removed_other_bones_quarantine/dataset_binary__normal__69-rotated2-rotated3-rotated1-rotated1.jpg,"not radius, ulna, or humerus"
./dataset_binary/normal/14-rotated2-rotated2-rotated1.jpg,outputs/removed_other_bones_quarantine/dataset_binary__normal__14-rotated2-rotated2-rotated1.jpg,"not radius, ulna, or humerus"
./dataset_binary/normal/51-rotated2-rotated3-rotated3 (1).jpg,outputs/removed_other_bones_quarantine/dataset_binary__normal__51-rotated2-rotated3-rotated3 (1).jpg,"not radius, ulna, or humerus"
./dataset_binary/normal/14-rotated1-rotated3-rotated2-rotated1.jpg,outputs/removed_other_bones_quarantine/dataset_binary__normal__14-rotated1-rotated3-rotated2-rotated1.jpg,"not radius, ulna, or humerus"
./dataset_binary/normal/32-rotated3-rotated2-rotated3.jpg,outputs/removed_other_bones_quarantine/dataset_binary__normal__32-rotated3-rotated2-rotated3.jpg,"not radius, ulna, or humerus"
./dataset_binary/normal/5-rotated2-rotated1 (1).jpg,outputs/removed_other_bones_quarantine/dataset_binary__normal__5-rotated2-rotated1 (1).jpg,"not radius, ulna, or humerus"
./dataset_binary/normal/56.jpg,outputs/removed_other_bones_quarantine/dataset_binary__normal__56.jpg,"not radius, ulna, or humerus"
./dataset_binary/normal/9-rotated1-rotated1-rotated3-rotated1 (1).jpg,outputs/removed_other_bones_quarantine/dataset_binary__normal__9-rotated1-rotated1-rotated3-rotated1 (1).jpg,"not radius, ulna, or humerus"
./dataset_binary/normal/5-rotated2-rotated3-rotated2-rotated1 (1).jpg,outputs/removed_other_bones_quarantine/dataset_binary__normal__5-rotated2-rotated3-rotated2-rotated1 (1).jpg,"not radius, ulna, or humerus"
./dataset_binary/normal/2-rotated1-rotated3 (1).jpg,outputs/removed_other_bones_quarantine/dataset_binary__normal__2-rotated1-rotated3 (1).jpg,"not radius, ulna, or humerus"
./dataset_binary/normal/1-rotated1-rotated3-rotated2-rotated1 (1).jpg,outputs/removed_other_bones_quarantine/dataset_binary__normal__1-rotated1-rotated3-rotated2-rotated1 (1).jpg,"not radius, ulna, or humerus"
./dataset_binary/normal/1-rotated1.jpg,outputs/removed_other_bones_quarantine/dataset_binary__normal__1-rotated1.jpg,"not radius, ulna, or humerus"
./dataset_binary/normal/58-rotated1-rotated3-rotated3 (1).jpg,outputs/removed_other_bones_quarantine/dataset_binary__normal__58-rotated1-rotated3-rotated3 (1).jpg,"not radius, ulna, or humerus"
./dataset_binary/normal/1-rotated1-rotated3-rotated2 (1).jpg,outputs/removed_other_bones_quarantine/dataset_binary__normal__1-rotated1-rotated3-rotated2 (1).jpg,"not radius, ulna, or humerus"
./dataset_binary/normal/23-rotated1-rotated1-rotated2 (1).jpg,outputs/removed_other_bones_quarantine/dataset_binary__normal__23-rotated1-rotated1-rotated2 (1).jpg,"not radius, ulna, or humerus"
./dataset_binary/normal/4-rotated1-rotated3-rotated1-rotated1 (2).jpg,outputs/removed_other_bones_quarantine/dataset_binary__normal__4-rotated1-rotated3-rotated1-rotated1 (2).jpg,"not radius, ulna, or humerus"
./dataset_binary/normal/6-rotated1.jpg,outputs/removed_other_bones_quarantine/dataset_binary__normal__6-rotated1.jpg,"not radius, ulna, or humerus"
./dataset_binary/normal/20-rotated1-rotated2-rotated1 (1).jpg,outputs/removed_other_bones_quarantine/dataset_binary__normal__20-rotated1-rotated2-rotated1 (1).jpg,"not radius, ulna, or humerus"
./dataset_binary/normal/43-rotated3-rotated2-rotated3-rotated1.jpg,outputs/removed_other_bones_quarantine/dataset_binary__normal__43-rotated3-rotated2-rotated3-rotated1.jpg,"not radius, ulna, or humerus"
./dataset_binary/normal/53-rotated2-rotated1-rotated1.jpg,outputs/removed_other_bones_quarantine/dataset_binary__normal__53-rotated2-rotated1-rotated1.jpg,"not radius, ulna, or humerus"
./dataset_binary/normal/52-rotated2-rotated1-rotated1-rotated1.jpg,outputs/removed_other_bones_quarantine/dataset_binary__normal__52-rotated2-rotated1-rotated1-rotated1.jpg,"not radius, ulna, or humerus"
./dataset_binary/normal/37-rotated1-rotated1-rotated2 (1).jpg,outputs/removed_other_bones_quarantine/dataset_binary__normal__37-rotated1-rotated1-rotated2 (1).jpg,"not radius, ulna, or humerus"
./dataset_binary/normal/15-rotated2-rotated1-rotated2-rotated1 (1).jpg,outputs/removed_other_bones_quarantine/dataset_binary__normal__15-rotated2-rotated1-rotated2-rotated1 (1).jpg,"not radius, ulna, or humerus"
./dataset_binary/normal/63-rotated2-rotated1-rotated1.jpg,outputs/removed_other_bones_quarantine/dataset_binary__normal__63-rotated2-rotated1-rotated1.jpg,"not radius, ulna, or humerus"
./dataset_binary/normal/37-rotated1-rotated3-rotated3-rotated1 (1).jpg,outputs/removed_other_bones_quarantine/dataset_binary__normal__37-rotated1-rotated3-rotated3-rotated1 (1).jpg,"not radius, ulna, or humerus"
./dataset_binary/normal/19-rotated2-rotated2-rotated2-rotated1.jpg,outputs/removed_other_bones_quarantine/dataset_binary__normal__19-rotated2-rotated2-rotated2-rotated1.jpg,"not radius, ulna, or humerus"
./dataset_binary/normal/56-rotated2-rotated3-rotated3.jpg,outputs/removed_other_bones_quarantine/dataset_binary__normal__56-rotated2-rotated3-rotated3.jpg,"not radius, ulna, or humerus"
./dataset_binary/normal/34-rotated3-rotated2-rotated2-rotated1 (1).jpg,outputs/removed_other_bones_quarantine/dataset_binary__normal__34-rotated3-rotated2-rotated2-rotated1 (1).jpg,"not radius, ulna, or humerus"
./dataset_binary/normal/65-rotated1-rotated2.jpg,outputs/removed_other_bones_quarantine/dataset_binary__normal__65-rotated1-rotated2.jpg,"not radius, ulna, or humerus"
./dataset_binary/normal/37-rotated3-rotated2-rotated2-rotated1.jpg,outputs/removed_other_bones_quarantine/dataset_binary__normal__37-rotated3-rotated2-rotated2-rotated1.jpg,"not radius, ulna, or humerus"
./dataset_binary/normal/2-rotated2-rotated2 (2).jpg,outputs/removed_other_bones_quarantine/dataset_binary__normal__2-rotated2-rotated2 (2).jpg,"not radius, ulna, or humerus"
./dataset_binary/normal/48-rotated3-rotated2-rotated3-rotated1 (1).jpg,outputs/removed_other_bones_quarantine/dataset_binary__normal__48-rotated3-rotated2-rotated3-rotated1 (1).jpg,"not radius, ulna, or humerus"
./dataset_binary/normal/30-rotated1-rotated2-rotated1-rotated1.jpg,outputs/removed_other_bones_quarantine/dataset_binary__normal__30-rotated1-rotated2-rotated1-rotated1.jpg,"not radius, ulna, or humerus"
./dataset_binary/normal/64-rotated3-rotated3-rotated1-rotated1.jpg,outputs/removed_other_bones_quarantine/dataset_binary__normal__64-rotated3-rotated3-rotated1-rotated1.jpg,"not radius, ulna, or humerus"
./dataset_binary/normal/3-rotated1-rotated1-rotated1-rotated1.jpg,outputs/removed_other_bones_quarantine/dataset_binary__normal__3-rotated1-rotated1-rotated1-rotated1.jpg,"not radius, ulna, or humerus"
./dataset_binary/normal/1-rotated1-rotated2-rotated1 (2).jpg,outputs/removed_other_bones_quarantine/dataset_binary__normal__1-rotated1-rotated2-rotated1 (2).jpg,"not radius, ulna, or humerus"
./dataset_binary/normal/18-rotated3-rotated3-rotated1-rotated1.jpg,outputs/removed_other_bones_quarantine/dataset_binary__normal__18-rotated3-rotated3-rotated1-rotated1.jpg,"not radius, ulna, or humerus"
./dataset_binary/normal/14-rotated3-rotated1-rotated2.jpg,outputs/removed_other_bones_quarantine/dataset_binary__normal__14-rotated3-rotated1-rotated2.jpg,"not radius, ulna, or humerus"
./dataset_binary/normal/54-rotated3.jpg,outputs/removed_other_bones_quarantine/dataset_binary__normal__54-rotated3.jpg,"not radius, ulna, or humerus"
./dataset_binary/normal/2-rotated2-rotated1 (1).jpg,outputs/removed_other_bones_quarantine/dataset_binary__normal__2-rotated2-rotated1 (1).jpg,"not radius, ulna, or humerus"
./dataset_binary/normal/43-rotated2-rotated1-rotated3 (1).jpg,outputs/removed_other_bones_quarantine/dataset_binary__normal__43-rotated2-rotated1-rotated3 (1).jpg,"not radius, ulna, or humerus"
./dataset_binary/normal/4-rotated2-rotated1-rotated3-rotated1.jpg,outputs/removed_other_bones_quarantine/dataset_binary__normal__4-rotated2-rotated1-rotated3-rotated1.jpg,"not radius, ulna, or humerus"
./dataset_binary/normal/70-rotated2-rotated2-rotated1.jpg,outputs/removed_other_bones_quarantine/dataset_binary__normal__70-rotated2-rotated2-rotated1.jpg,"not radius, ulna, or humerus"
./dataset_binary/normal/4-rotated3-rotated3-rotated3-rotated1 (1).jpg,outputs/removed_other_bones_quarantine/dataset_binary__normal__4-rotated3-rotated3-rotated3-rotated1 (1).jpg,"not radius, ulna, or humerus"
./dataset_binary/normal/48-rotated2-rotated2-rotated2-rotated1.jpg,outputs/removed_other_bones_quarantine/dataset_binary__normal__48-rotated2-rotated2-rotated2-rotated1.jpg,"not radius, ulna, or humerus"
./dataset_binary/normal/44-rotated3-rotated3-rotated2.jpg,outputs/removed_other_bones_quarantine/dataset_binary__normal__44-rotated3-rotated3-rotated2.jpg,"not radius, ulna, or humerus"
./dataset_binary/normal/70-rotated3-rotated1.jpg,outputs/removed_other_bones_quarantine/dataset_binary__normal__70-rotated3-rotated1.jpg,"not radius, ulna, or humerus"
./dataset_binary/normal/23-rotated3-rotated3-rotated1 (1).jpg,outputs/removed_other_bones_quarantine/dataset_binary__normal__23-rotated3-rotated3-rotated1 (1).jpg,"not radius, ulna, or humerus"
./dataset_binary/normal/5-rotated2-rotated2-rotated2.jpg,outputs/removed_other_bones_quarantine/dataset_binary__normal__5-rotated2-rotated2-rotated2.jpg,"not radius, ulna, or humerus"
./dataset_binary/normal/27-rotated2-rotated3-rotated2 (1).jpg,outputs/removed_other_bones_quarantine/dataset_binary__normal__27-rotated2-rotated3-rotated2 (1).jpg,"not radius, ulna, or humerus"
./dataset_binary/normal/13-rotated3-rotated2.jpg,outputs/removed_other_bones_quarantine/dataset_binary__normal__13-rotated3-rotated2.jpg,"not radius, ulna, or humerus"
./dataset_binary/normal/60-rotated1-rotated2-rotated2-rotated1.jpg,outputs/removed_other_bones_quarantine/dataset_binary__normal__60-rotated1-rotated2-rotated2-rotated1.jpg,"not radius, ulna, or humerus"
./dataset_binary/normal/22-rotated2-rotated3.jpg,outputs/removed_other_bones_quarantine/dataset_binary__normal__22-rotated2-rotated3.jpg,"not radius, ulna, or humerus"
./dataset_binary/normal/1-rotated2-rotated1-rotated2 (2).jpg,outputs/removed_other_bones_quarantine/dataset_binary__normal__1-rotated2-rotated1-rotated2 (2).jpg,"not radius, ulna, or humerus"
./dataset_binary/normal/53-rotated1-rotated3-rotated3-rotated1.jpg,outputs/removed_other_bones_quarantine/dataset_binary__normal__53-rotated1-rotated3-rotated3-rotated1.jpg,"not radius, ulna, or humerus"
./dataset_binary/normal/69-rotated3-rotated2.jpg,outputs/removed_other_bones_quarantine/dataset_binary__normal__69-rotated3-rotated2.jpg,"not radius, ulna, or humerus"
./dataset_binary/normal/39-rotated3-rotated1-rotated1-rotated1 (1).jpg,outputs/removed_other_bones_quarantine/dataset_binary__normal__39-rotated3-rotated1-rotated1-rotated1 (1).jpg,"not radius, ulna, or humerus"
./dataset_binary/normal/51-rotated3-rotated2 (1).jpg,outputs/removed_other_bones_quarantine/dataset_binary__normal__51-rotated3-rotated2 (1).jpg,"not radius, ulna, or humerus"
./dataset_binary/normal/67-rotated2-rotated2-rotated2 (1).jpg,outputs/removed_other_bones_quarantine/dataset_binary__normal__67-rotated2-rotated2-rotated2 (1).jpg,"not radius, ulna, or humerus"
./dataset_binary/normal/2-rotated3-rotated2-rotated3-rotated1 (2).jpg,outputs/removed_other_bones_quarantine/dataset_binary__normal__2-rotated3-rotated2-rotated3-rotated1 (2).jpg,"not radius, ulna, or humerus"
./dataset_binary/normal/58-rotated1-rotated1-rotated3-rotated1 (1).jpg,outputs/removed_other_bones_quarantine/dataset_binary__normal__58-rotated1-rotated1-rotated3-rotated1 (1).jpg,"not radius, ulna, or humerus"
./dataset_binary/normal/36-rotated2-rotated2-rotated1-rotated1 (1).jpg,outputs/removed_other_bones_quarantine/dataset_binary__normal__36-rotated2-rotated2-rotated1-rotated1 (1).jpg,"not radius, ulna, or humerus"
./dataset_binary/normal/52-rotated2-rotated1-rotated2 (1).jpg,outputs/removed_other_bones_quarantine/dataset_binary__normal__52-rotated2-rotated1-rotated2 (1).jpg,"not radius, ulna, or humerus"
./dataset_binary/normal/32-rotated2-rotated1-rotated2.jpg,outputs/removed_other_bones_quarantine/dataset_binary__normal__32-rotated2-rotated1-rotated2.jpg,"not radius, ulna, or humerus"
./dataset_binary/normal/38-rotated2-rotated1-rotated3-rotated1 (1).jpg,outputs/removed_other_bones_quarantine/dataset_binary__normal__38-rotated2-rotated1-rotated3-rotated1 (1).jpg,"not radius, ulna, or humerus"
./dataset_binary/normal/26-rotated3-rotated2-rotated3-rotated1.jpg,outputs/removed_other_bones_quarantine/dataset_binary__normal__26-rotated3-rotated2-rotated3-rotated1.jpg,"not radius, ulna, or humerus"
./dataset_binary/normal/41-rotated2-rotated3-rotated1-rotated1.jpg,outputs/removed_other_bones_quarantine/dataset_binary__normal__41-rotated2-rotated3-rotated1-rotated1.jpg,"not radius, ulna, or humerus"
./dataset_binary/normal/12-rotated1-rotated1-rotated3 (1).jpg,outputs/removed_other_bones_quarantine/dataset_binary__normal__12-rotated1-rotated1-rotated3 (1).jpg,"not radius, ulna, or humerus"
./dataset_binary/normal/5-rotated3-rotated1 (1).jpg,outputs/removed_other_bones_quarantine/dataset_binary__normal__5-rotated3-rotated1 (1).jpg,"not radius, ulna, or humerus"
./dataset_binary/normal/4-rotated1-rotated2-rotated3-rotated1 (1).jpg,outputs/removed_other_bones_quarantine/dataset_binary__normal__4-rotated1-rotated2-rotated3-rotated1 (1).jpg,"not radius, ulna, or humerus"
./dataset_binary/normal/19-rotated3-rotated2 (1).jpg,outputs/removed_other_bones_quarantine/dataset_binary__normal__19-rotated3-rotated2 (1).jpg,"not radius, ulna, or humerus"
./dataset_binary/normal/64-rotated2-rotated2-rotated2 (1).jpg,outputs/removed_other_bones_quarantine/dataset_binary__normal__64-rotated2-rotated2-rotated2 (1).jpg,"not radius, ulna, or humerus"
./dataset_binary/normal/IMG0004179.jpg,outputs/removed_other_bones_quarantine/dataset_binary__normal__IMG0004179.jpg,"not radius, ulna, or humerus"
./dataset_binary/normal/43-rotated2-rotated2-rotated1.jpg,outputs/removed_other_bones_quarantine/dataset_binary__normal__43-rotated2-rotated2-rotated1.jpg,"not radius, ulna, or humerus"
./dataset_binary/normal/38-rotated1-rotated2-rotated1.jpg,outputs/removed_other_bones_quarantine/dataset_binary__normal__38-rotated1-rotated2-rotated1.jpg,"not radius, ulna, or humerus"
./dataset_binary/normal/2-rotated3-rotated3-rotated1 (2).jpg,outputs/removed_other_bones_quarantine/dataset_binary__normal__2-rotated3-rotated3-rotated1 (2).jpg,"not radius, ulna, or humerus"
./dataset_binary/normal/41-rotated1-rotated2-rotated3-rotated1 (1).jpg,outputs/removed_other_bones_quarantine/dataset_binary__normal__41-rotated1-rotated2-rotated3-rotated1 (1).jpg,"not radius, ulna, or humerus"
./dataset_binary/normal/15-rotated1-rotated1-rotated2-rotated1.jpg,outputs/removed_other_bones_quarantine/dataset_binary__normal__15-rotated1-rotated1-rotated2-rotated1.jpg,"not radius, ulna, or humerus"
./dataset_binary/normal/29-rotated3-rotated2-rotated1 (1).jpg,outputs/removed_other_bones_quarantine/dataset_binary__normal__29-rotated3-rotated2-rotated1 (1).jpg,"not radius, ulna, or humerus"
./dataset_binary/normal/70-rotated1-rotated1-rotated3.jpg,outputs/removed_other_bones_quarantine/dataset_binary__normal__70-rotated1-rotated1-rotated3.jpg,"not radius, ulna, or humerus"
./dataset_binary/normal/34-rotated1-rotated3-rotated1.jpg,outputs/removed_other_bones_quarantine/dataset_binary__normal__34-rotated1-rotated3-rotated1.jpg,"not radius, ulna, or humerus"
./dataset_binary/normal/27-rotated3-rotated2-rotated1 (1).jpg,outputs/removed_other_bones_quarantine/dataset_binary__normal__27-rotated3-rotated2-rotated1 (1).jpg,"not radius, ulna, or humerus"
./dataset_binary/normal/16-rotated2-rotated1-rotated3-rotated1.jpg,outputs/removed_other_bones_quarantine/dataset_binary__normal__16-rotated2-rotated1-rotated3-rotated1.jpg,"not radius, ulna, or humerus"
./dataset_binary/normal/62-rotated1-rotated3-rotated1 (1).jpg,outputs/removed_other_bones_quarantine/dataset_binary__normal__62-rotated1-rotated3-rotated1 (1).jpg,"not radius, ulna, or humerus"
./dataset_binary/normal/5-rotated3-rotated3 (1).jpg,outputs/removed_other_bones_quarantine/dataset_binary__normal__5-rotated3-rotated3 (1).jpg,"not radius, ulna, or humerus"
./raw_data/fracture_dataset/test/not fractured/IMG0004149.jpg,outputs/removed_other_bones_quarantine/raw_data__fracture_dataset__test__not fractured__IMG0004149.jpg,"not radius, ulna, or humerus"
./raw_data/fracture_dataset/test/not fractured/38-rotated3-rotated1-rotated3.jpg,outputs/removed_other_bones_quarantine/raw_data__fracture_dataset__test__not fractured__38-rotated3-rotated1-rotated3.jpg,"not radius, ulna, or humerus"
./raw_data/fracture_dataset/test/not fractured/25-rotated2-rotated2.jpg,outputs/removed_other_bones_quarantine/raw_data__fracture_dataset__test__not fractured__25-rotated2-rotated2.jpg,"not radius, ulna, or humerus"
./raw_data/fracture_dataset/test/not fractured/4-rotated1-rotated2-rotated3.jpg,outputs/removed_other_bones_quarantine/raw_data__fracture_dataset__test__not fractured__4-rotated1-rotated2-rotated3.jpg,"not radius, ulna, or humerus"
./raw_data/fracture_dataset/test/not fractured/IMG0000247.jpg,outputs/removed_other_bones_quarantine/raw_data__fracture_dataset__test__not fractured__IMG0000247.jpg,"not radius, ulna, or humerus"
./raw_data/fracture_dataset/test/not fractured/6.png,outputs/removed_other_bones_quarantine/raw_data__fracture_dataset__test__not fractured__6.png,"not radius, ulna, or humerus"
./raw_data/fracture_dataset/test/not fractured/19-rotated3-rotated2-rotated2.jpg,outputs/removed_other_bones_quarantine/raw_data__fracture_dataset__test__not fractured__19-rotated3-rotated2-rotated2.jpg,"not radius, ulna, or humerus"
./raw_data/fracture_dataset/test/not fractured/24-rotated2-rotated3-rotated3-rotated1.jpg,outputs/removed_other_bones_quarantine/raw_data__fracture_dataset__test__not fractured__24-rotated2-rotated3-rotated3-rotated1.jpg,"not radius, ulna, or humerus"
./raw_data/fracture_dataset/test/not fractured/55-rotated1-rotated1.jpg,outputs/removed_other_bones_quarantine/raw_data__fracture_dataset__test__not fractured__55-rotated1-rotated1.jpg,"not radius, ulna, or humerus"
./raw_data/fracture_dataset/test/not fractured/3-rotated1-rotated2-rotated1-rotated1.jpg,outputs/removed_other_bones_quarantine/raw_data__fracture_dataset__test__not fractured__3-rotated1-rotated2-rotated1-rotated1.jpg,"not radius, ulna, or humerus"
./raw_data/fracture_dataset/test/not fractured/5-rotated2-rotated2-rotated1-rotated1.jpg,outputs/removed_other_bones_quarantine/raw_data__fracture_dataset__test__not fractured__5-rotated2-rotated2-rotated1-rotated1.jpg,"not radius, ulna, or humerus"
./raw_data/fracture_dataset/test/not fractured/33-rotated2-rotated2-rotated3.jpg,outputs/removed_other_bones_quarantine/raw_data__fracture_dataset__test__not fractured__33-rotated2-rotated2-rotated3.jpg,"not radius, ulna, or humerus"
./raw_data/fracture_dataset/test/not fractured/IMG0000194.jpg,outputs/removed_other_bones_quarantine/raw_data__fracture_dataset__test__not fractured__IMG0000194.jpg,"not radius, ulna, or humerus"
./raw_data/fracture_dataset/test/not fractured/IMG0000182.jpg,outputs/removed_other_bones_quarantine/raw_data__fracture_dataset__test__not fractured__IMG0000182.jpg,"not radius, ulna, or humerus"
./raw_data/fracture_dataset/test/not fractured/28-rotated2-rotated1-rotated1-rotated1.jpg,outputs/removed_other_bones_quarantine/raw_data__fracture_dataset__test__not fractured__28-rotated2-rotated1-rotated1-rotated1.jpg,"not radius, ulna, or humerus"
./raw_data/fracture_dataset/test/not fractured/IMG0004314.jpg,outputs/removed_other_bones_quarantine/raw_data__fracture_dataset__test__not fractured__IMG0004314.jpg,"not radius, ulna, or humerus"
./raw_data/fracture_dataset/test/not fractured/10-rotated1-rotated2-rotated2.jpg,outputs/removed_other_bones_quarantine/raw_data__fracture_dataset__test__not fractured__10-rotated1-rotated2-rotated2.jpg,"not radius, ulna, or humerus"
./raw_data/fracture_dataset/test/not fractured/44-rotated2-rotated1.jpg,outputs/removed_other_bones_quarantine/raw_data__fracture_dataset__test__not fractured__44-rotated2-rotated1.jpg,"not radius, ulna, or humerus"
./raw_data/fracture_dataset/test/not fractured/IMG0004372.jpg,outputs/removed_other_bones_quarantine/raw_data__fracture_dataset__test__not fractured__IMG0004372.jpg,"not radius, ulna, or humerus"
./raw_data/fracture_dataset/test/not fractured/13-rotated2-rotated1-rotated2.jpg,outputs/removed_other_bones_quarantine/raw_data__fracture_dataset__test__not fractured__13-rotated2-rotated1-rotated2.jpg,"not radius, ulna, or humerus"
./raw_data/fracture_dataset/test/not fractured/36-rotated1-rotated2-rotated1-rotated1.jpg,outputs/removed_other_bones_quarantine/raw_data__fracture_dataset__test__not fractured__36-rotated1-rotated2-rotated1-rotated1.jpg,"not radius, ulna, or humerus"
./raw_data/fracture_dataset/test/not fractured/IMG0000185.jpg,outputs/removed_other_bones_quarantine/raw_data__fracture_dataset__test__not fractured__IMG0000185.jpg,"not radius, ulna, or humerus"
./raw_data/fracture_dataset/test/not fractured/43-rotated2-rotated3-rotated1-rotated1.jpg,outputs/removed_other_bones_quarantine/raw_data__fracture_dataset__test__not fractured__43-rotated2-rotated3-rotated1-rotated1.jpg,"not radius, ulna, or humerus"
./raw_data/fracture_dataset/test/not fractured/34-rotated3.jpg,outputs/removed_other_bones_quarantine/raw_data__fracture_dataset__test__not fractured__34-rotated3.jpg,"not radius, ulna, or humerus"
./raw_data/fracture_dataset/test/not fractured/56-rotated3-rotated3.jpg,outputs/removed_other_bones_quarantine/raw_data__fracture_dataset__test__not fractured__56-rotated3-rotated3.jpg,"not radius, ulna, or humerus"
./raw_data/fracture_dataset/test/not fractured/IMG0004307.jpg,outputs/removed_other_bones_quarantine/raw_data__fracture_dataset__test__not fractured__IMG0004307.jpg,"not radius, ulna, or humerus"
./raw_data/fracture_dataset/test/not fractured/25-rotated3-rotated1-rotated3.jpg,outputs/removed_other_bones_quarantine/raw_data__fracture_dataset__test__not fractured__25-rotated3-rotated1-rotated3.jpg,"not radius, ulna, or humerus"
./raw_data/fracture_dataset/test/not fractured/60-rotated3-rotated3-rotated3.jpg,outputs/removed_other_bones_quarantine/raw_data__fracture_dataset__test__not fractured__60-rotated3-rotated3-rotated3.jpg,"not radius, ulna, or humerus"
./raw_data/fracture_dataset/test/not fractured/3-rotated2-rotated2.jpg,outputs/removed_other_bones_quarantine/raw_data__fracture_dataset__test__not fractured__3-rotated2-rotated2.jpg,"not radius, ulna, or humerus"
./raw_data/fracture_dataset/test/not fractured/15-rotated1-rotated1-rotated3-rotated1.jpg,outputs/removed_other_bones_quarantine/raw_data__fracture_dataset__test__not fractured__15-rotated1-rotated1-rotated3-rotated1.jpg,"not radius, ulna, or humerus"
./raw_data/fracture_dataset/test/not fractured/113.png,outputs/removed_other_bones_quarantine/raw_data__fracture_dataset__test__not fractured__113.png,"not radius, ulna, or humerus"
./raw_data/fracture_dataset/test/not fractured/23-rotated1-rotated2-rotated1-rotated1.jpg,outputs/removed_other_bones_quarantine/raw_data__fracture_dataset__test__not fractured__23-rotated1-rotated2-rotated1-rotated1.jpg,"not radius, ulna, or humerus"
./raw_data/fracture_dataset/test/not fractured/18-rotated3-rotated2-rotated2-rotated1.jpg,outputs/removed_other_bones_quarantine/raw_data__fracture_dataset__test__not fractured__18-rotated3-rotated2-rotated2-rotated1.jpg,"not radius, ulna, or humerus"
./raw_data/fracture_dataset/test/not fractured/1-rotated2-rotated1-rotated1.jpg,outputs/removed_other_bones_quarantine/raw_data__fracture_dataset__test__not fractured__1-rotated2-rotated1-rotated1.jpg,"not radius, ulna, or humerus"
./raw_data/fracture_dataset/test/not fractured/46-rotated1-rotated2-rotated2.jpg,outputs/removed_other_bones_quarantine/raw_data__fracture_dataset__test__not fractured__46-rotated1-rotated2-rotated2.jpg,"not radius, ulna, or humerus"
./raw_data/fracture_dataset/test/not fractured/27-rotated1-rotated3-rotated1.jpg,outputs/removed_other_bones_quarantine/raw_data__fracture_dataset__test__not fractured__27-rotated1-rotated3-rotated1.jpg,"not radius, ulna, or humerus"
./raw_data/fracture_dataset/test/not fractured/49-rotated2-rotated2.jpg,outputs/removed_other_bones_quarantine/raw_data__fracture_dataset__test__not fractured__49-rotated2-rotated2.jpg,"not radius, ulna, or humerus"
./raw_data/fracture_dataset/test/not fractured/62-rotated2-rotated2.jpg,outputs/removed_other_bones_quarantine/raw_data__fracture_dataset__test__not fractured__62-rotated2-rotated2.jpg,"not radius, ulna, or humerus"
./raw_data/fracture_dataset/test/not fractured/32-rotated2-rotated2.jpg,outputs/removed_other_bones_quarantine/raw_data__fracture_dataset__test__not fractured__32-rotated2-rotated2.jpg,"not radius, ulna, or humerus"
./raw_data/fracture_dataset/test/not fractured/IMG0000249.jpg,outputs/removed_other_bones_quarantine/raw_data__fracture_dataset__test__not fractured__IMG0000249.jpg,"not radius, ulna, or humerus"
./raw_data/fracture_dataset/test/not fractured/IMG0003889.jpg,outputs/removed_other_bones_quarantine/raw_data__fracture_dataset__test__not fractured__IMG0003889.jpg,"not radius, ulna, or humerus"
./raw_data/fracture_dataset/test/not fractured/IMG0000181.jpg,outputs/removed_other_bones_quarantine/raw_data__fracture_dataset__test__not fractured__IMG0000181.jpg,"not radius, ulna, or humerus"
./raw_data/fracture_dataset/test/not fractured/56-rotated1-rotated2-rotated1-rotated1.jpg,outputs/removed_other_bones_quarantine/raw_data__fracture_dataset__test__not fractured__56-rotated1-rotated2-rotated1-rotated1.jpg,"not radius, ulna, or humerus"
./raw_data/fracture_dataset/test/not fractured/55-rotated3-rotated1-rotated2-rotated1.jpg,outputs/removed_other_bones_quarantine/raw_data__fracture_dataset__test__not fractured__55-rotated3-rotated1-rotated2-rotated1.jpg,"not radius, ulna, or humerus"
./raw_data/fracture_dataset/test/not fractured/54-rotated1-rotated3-rotated1-rotated1.jpg,outputs/removed_other_bones_quarantine/raw_data__fracture_dataset__test__not fractured__54-rotated1-rotated3-rotated1-rotated1.jpg,"not radius, ulna, or humerus"
./raw_data/fracture_dataset/test/not fractured/IMG0004134.jpg,outputs/removed_other_bones_quarantine/raw_data__fracture_dataset__test__not fractured__IMG0004134.jpg,"not radius, ulna, or humerus"
./raw_data/fracture_dataset/test/not fractured/IMG0000210.jpg,outputs/removed_other_bones_quarantine/raw_data__fracture_dataset__test__not fractured__IMG0000210.jpg,"not radius, ulna, or humerus"
./raw_data/fracture_dataset/test/not fractured/32-rotated3-rotated2-rotated2.jpg,outputs/removed_other_bones_quarantine/raw_data__fracture_dataset__test__not fractured__32-rotated3-rotated2-rotated2.jpg,"not radius, ulna, or humerus"
./raw_data/fracture_dataset/test/not fractured/9-rotated3-rotated3-rotated2.jpg,outputs/removed_other_bones_quarantine/raw_data__fracture_dataset__test__not fractured__9-rotated3-rotated3-rotated2.jpg,"not radius, ulna, or humerus"
./raw_data/fracture_dataset/test/not fractured/46-rotated2-rotated3.jpg,outputs/removed_other_bones_quarantine/raw_data__fracture_dataset__test__not fractured__46-rotated2-rotated3.jpg,"not radius, ulna, or humerus"
./raw_data/fracture_dataset/test/not fractured/IMG0004178.jpg,outputs/removed_other_bones_quarantine/raw_data__fracture_dataset__test__not fractured__IMG0004178.jpg,"not radius, ulna, or humerus"
./raw_data/fracture_dataset/test/not fractured/6-rotated2-rotated1-rotated3-rotated1.jpg,outputs/removed_other_bones_quarantine/raw_data__fracture_dataset__test__not fractured__6-rotated2-rotated1-rotated3-rotated1.jpg,"not radius, ulna, or humerus"
./raw_data/fracture_dataset/test/not fractured/36-rotated3-rotated3-rotated1-rotated1.jpg,outputs/removed_other_bones_quarantine/raw_data__fracture_dataset__test__not fractured__36-rotated3-rotated3-rotated1-rotated1.jpg,"not radius, ulna, or humerus"
./raw_data/fracture_dataset/test/not fractured/IMG0000517.jpg,outputs/removed_other_bones_quarantine/raw_data__fracture_dataset__test__not fractured__IMG0000517.jpg,"not radius, ulna, or humerus"
./raw_data/fracture_dataset/test/not fractured/3-rotated3-rotated1-rotated3.jpg,outputs/removed_other_bones_quarantine/raw_data__fracture_dataset__test__not fractured__3-rotated3-rotated1-rotated3.jpg,"not radius, ulna, or humerus"
./raw_data/fracture_dataset/test/not fractured/IMG0000187.jpg,outputs/removed_other_bones_quarantine/raw_data__fracture_dataset__test__not fractured__IMG0000187.jpg,"not radius, ulna, or humerus"
./raw_data/fracture_dataset/test/not fractured/13-rotated1-rotated1-rotated3-rotated1.jpg,outputs/removed_other_bones_quarantine/raw_data__fracture_dataset__test__not fractured__13-rotated1-rotated1-rotated3-rotated1.jpg,"not radius, ulna, or humerus"
./raw_data/fracture_dataset/test/not fractured/49-rotated1-rotated2-rotated1-rotated1.jpg,outputs/removed_other_bones_quarantine/raw_data__fracture_dataset__test__not fractured__49-rotated1-rotated2-rotated1-rotated1.jpg,"not radius, ulna, or humerus"
./raw_data/fracture_dataset/test/not fractured/38.jpg,outputs/removed_other_bones_quarantine/raw_data__fracture_dataset__test__not fractured__38.jpg,"not radius, ulna, or humerus"
./raw_data/fracture_dataset/test/not fractured/6-rotated3-rotated3-rotated3.jpg,outputs/removed_other_bones_quarantine/raw_data__fracture_dataset__test__not fractured__6-rotated3-rotated3-rotated3.jpg,"not radius, ulna, or humerus"
./raw_data/fracture_dataset/test/not fractured/63-rotated2-rotated3-rotated1-rotated1.jpg,outputs/removed_other_bones_quarantine/raw_data__fracture_dataset__test__not fractured__63-rotated2-rotated3-rotated1-rotated1.jpg,"not radius, ulna, or humerus"
./raw_data/fracture_dataset/test/not fractured/0.png,outputs/removed_other_bones_quarantine/raw_data__fracture_dataset__test__not fractured__0.png,"not radius, ulna, or humerus"
./raw_data/fracture_dataset/test/not fractured/32-rotated1-rotated1-rotated2-rotated1.jpg,outputs/removed_other_bones_quarantine/raw_data__fracture_dataset__test__not fractured__32-rotated1-rotated1-rotated2-rotated1.jpg,"not radius, ulna, or humerus"
./raw_data/fracture_dataset/test/not fractured/35-rotated3-rotated2-rotated1-rotated1.jpg,outputs/removed_other_bones_quarantine/raw_data__fracture_dataset__test__not fractured__35-rotated3-rotated2-rotated1-rotated1.jpg,"not radius, ulna, or humerus"
./raw_data/fracture_dataset/test/not fractured/31-rotated2-rotated1.jpg,outputs/removed_other_bones_quarantine/raw_data__fracture_dataset__test__not fractured__31-rotated2-rotated1.jpg,"not radius, ulna, or humerus"
./raw_data/fracture_dataset/test/not fractured/IMG0004148.jpg,outputs/removed_other_bones_quarantine/raw_data__fracture_dataset__test__not fractured__IMG0004148.jpg,"not radius, ulna, or humerus"
./raw_data/fracture_dataset/test/not fractured/6.jpg,outputs/removed_other_bones_quarantine/raw_data__fracture_dataset__test__not fractured__6.jpg,"not radius, ulna, or humerus"
./raw_data/fracture_dataset/test/not fractured/1-rotated3-rotated2-rotated1-rotated1.jpg,outputs/removed_other_bones_quarantine/raw_data__fracture_dataset__test__not fractured__1-rotated3-rotated2-rotated1-rotated1.jpg,"not radius, ulna, or humerus"
./raw_data/fracture_dataset/test/not fractured/IMG0003941.jpg,outputs/removed_other_bones_quarantine/raw_data__fracture_dataset__test__not fractured__IMG0003941.jpg,"not radius, ulna, or humerus"
./raw_data/fracture_dataset/test/not fractured/IMG0000196.jpg,outputs/removed_other_bones_quarantine/raw_data__fracture_dataset__test__not fractured__IMG0000196.jpg,"not radius, ulna, or humerus"
./raw_data/fracture_dataset/test/not fractured/59-rotated2-rotated2-rotated1.jpg,outputs/removed_other_bones_quarantine/raw_data__fracture_dataset__test__not fractured__59-rotated2-rotated2-rotated1.jpg,"not radius, ulna, or humerus"
./raw_data/fracture_dataset/test/not fractured/22-rotated2-rotated2-rotated1-rotated1.jpg,outputs/removed_other_bones_quarantine/raw_data__fracture_dataset__test__not fractured__22-rotated2-rotated2-rotated1-rotated1.jpg,"not radius, ulna, or humerus"
./raw_data/fracture_dataset/test/not fractured/53-rotated1-rotated2-rotated2-rotated1.jpg,outputs/removed_other_bones_quarantine/raw_data__fracture_dataset__test__not fractured__53-rotated1-rotated2-rotated2-rotated1.jpg,"not radius, ulna, or humerus"
./raw_data/fracture_dataset/test/not fractured/15-rotated2-rotated3-rotated3.jpg,outputs/removed_other_bones_quarantine/raw_data__fracture_dataset__test__not fractured__15-rotated2-rotated3-rotated3.jpg,"not radius, ulna, or humerus"
./raw_data/fracture_dataset/test/not fractured/13-rotated2-rotated3-rotated2-rotated1.jpg,outputs/removed_other_bones_quarantine/raw_data__fracture_dataset__test__not fractured__13-rotated2-rotated3-rotated2-rotated1.jpg,"not radius, ulna, or humerus"
./raw_data/fracture_dataset/test/not fractured/2-rotated2-rotated1-rotated2-rotated1.jpg,outputs/removed_other_bones_quarantine/raw_data__fracture_dataset__test__not fractured__2-rotated2-rotated1-rotated2-rotated1.jpg,"not radius, ulna, or humerus"
./raw_data/fracture_dataset/test/not fractured/IMG0000508.jpg,outputs/removed_other_bones_quarantine/raw_data__fracture_dataset__test__not fractured__IMG0000508.jpg,"not radius, ulna, or humerus"
./raw_data/fracture_dataset/test/not fractured/8-rotated3-rotated3-rotated3-rotated1.jpg,outputs/removed_other_bones_quarantine/raw_data__fracture_dataset__test__not fractured__8-rotated3-rotated3-rotated3-rotated1.jpg,"not radius, ulna, or humerus"
./raw_data/fracture_dataset/test/not fractured/3-rotated2-rotated3-rotated2.jpg,outputs/removed_other_bones_quarantine/raw_data__fracture_dataset__test__not fractured__3-rotated2-rotated3-rotated2.jpg,"not radius, ulna, or humerus"
./raw_data/fracture_dataset/test/not fractured/14-rotated1-rotated2-rotated1.jpg,outputs/removed_other_bones_quarantine/raw_data__fracture_dataset__test__not fractured__14-rotated1-rotated2-rotated1.jpg,"not radius, ulna, or humerus"
./raw_data/fracture_dataset/test/not fractured/51-rotated1-rotated3-rotated2-rotated1.jpg,outputs/removed_other_bones_quarantine/raw_data__fracture_dataset__test__not fractured__51-rotated1-rotated3-rotated2-rotated1.jpg,"not radius, ulna, or humerus"
./raw_data/fracture_dataset/test/not fractured/38-rotated2-rotated1-rotated2.jpg,outputs/removed_other_bones_quarantine/raw_data__fracture_dataset__test__not fractured__38-rotated2-rotated1-rotated2.jpg,"not radius, ulna, or humerus"
./raw_data/fracture_dataset/test/not fractured/27-rotated2-rotated3-rotated2-rotated1.jpg,outputs/removed_other_bones_quarantine/raw_data__fracture_dataset__test__not fractured__27-rotated2-rotated3-rotated2-rotated1.jpg,"not radius, ulna, or humerus"
./raw_data/fracture_dataset/test/not fractured/10.png,outputs/removed_other_bones_quarantine/raw_data__fracture_dataset__test__not fractured__10.png,"not radius, ulna, or humerus"
./raw_data/fracture_dataset/test/not fractured/IMG0000208.jpg,outputs/removed_other_bones_quarantine/raw_data__fracture_dataset__test__not fractured__IMG0000208.jpg,"not radius, ulna, or humerus"
./raw_data/fracture_dataset/test/not fractured/39-rotated1-rotated2.jpg,outputs/removed_other_bones_quarantine/raw_data__fracture_dataset__test__not fractured__39-rotated1-rotated2.jpg,"not radius, ulna, or humerus"
./raw_data/fracture_dataset/test/not fractured/17-rotated2-rotated3-rotated1-rotated1.jpg,outputs/removed_other_bones_quarantine/raw_data__fracture_dataset__test__not fractured__17-rotated2-rotated3-rotated1-rotated1.jpg,"not radius, ulna, or humerus"
./raw_data/fracture_dataset/test/not fractured/IMG0004143.jpg,outputs/removed_other_bones_quarantine/raw_data__fracture_dataset__test__not fractured__IMG0004143.jpg,"not radius, ulna, or humerus"
./raw_data/fracture_dataset/test/not fractured/2-rotated1-rotated1-rotated3-rotated1.jpg,outputs/removed_other_bones_quarantine/raw_data__fracture_dataset__test__not fractured__2-rotated1-rotated1-rotated3-rotated1.jpg,"not radius, ulna, or humerus"
./raw_data/fracture_dataset/test/not fractured/48-rotated2-rotated1.jpg,outputs/removed_other_bones_quarantine/raw_data__fracture_dataset__test__not fractured__48-rotated2-rotated1.jpg,"not radius, ulna, or humerus"
./raw_data/fracture_dataset/test/not fractured/4-rotated1-rotated1-rotated1-rotated1.jpg,outputs/removed_other_bones_quarantine/raw_data__fracture_dataset__test__not fractured__4-rotated1-rotated1-rotated1-rotated1.jpg,"not radius, ulna, or humerus"
./raw_data/fracture_dataset/test/not fractured/18-rotated2.jpg,outputs/removed_other_bones_quarantine/raw_data__fracture_dataset__test__not fractured__18-rotated2.jpg,"not radius, ulna, or humerus"
./raw_data/fracture_dataset/test/not fractured/20-rotated1-rotated1-rotated3.jpg,outputs/removed_other_bones_quarantine/raw_data__fracture_dataset__test__not fractured__20-rotated1-rotated1-rotated3.jpg,"not radius, ulna, or humerus"
./raw_data/fracture_dataset/test/not fractured/IMG0004383.jpg,outputs/removed_other_bones_quarantine/raw_data__fracture_dataset__test__not fractured__IMG0004383.jpg,"not radius, ulna, or humerus"
./raw_data/fracture_dataset/test/not fractured/1-rotated2-rotated2-rotated2-rotated1.jpg,outputs/removed_other_bones_quarantine/raw_data__fracture_dataset__test__not fractured__1-rotated2-rotated2-rotated2-rotated1.jpg,"not radius, ulna, or humerus"
./raw_data/fracture_dataset/test/not fractured/52-rotated1-rotated1-rotated2-rotated1.jpg,outputs/removed_other_bones_quarantine/raw_data__fracture_dataset__test__not fractured__52-rotated1-rotated1-rotated2-rotated1.jpg,"not radius, ulna, or humerus"
./raw_data/fracture_dataset/test/not fractured/40-rotated1-rotated3.jpg,outputs/removed_other_bones_quarantine/raw_data__fracture_dataset__test__not fractured__40-rotated1-rotated3.jpg,"not radius, ulna, or humerus"
./raw_data/fracture_dataset/test/not fractured/60-rotated1-rotated2-rotated3.jpg,outputs/removed_other_bones_quarantine/raw_data__fracture_dataset__test__not fractured__60-rotated1-rotated2-rotated3.jpg,"not radius, ulna, or humerus"
./raw_data/fracture_dataset/test/not fractured/45-rotated2-rotated1-rotated3.jpg,outputs/removed_other_bones_quarantine/raw_data__fracture_dataset__test__not fractured__45-rotated2-rotated1-rotated3.jpg,"not radius, ulna, or humerus"
./raw_data/fracture_dataset/test/not fractured/23-rotated2-rotated3-rotated2-rotated1.jpg,outputs/removed_other_bones_quarantine/raw_data__fracture_dataset__test__not fractured__23-rotated2-rotated3-rotated2-rotated1.jpg,"not radius, ulna, or humerus"
./raw_data/fracture_dataset/test/not fractured/28-rotated3-rotated1-rotated2.jpg,outputs/removed_other_bones_quarantine/raw_data__fracture_dataset__test__not fractured__28-rotated3-rotated1-rotated2.jpg,"not radius, ulna, or humerus"
./raw_data/fracture_dataset/test/not fractured/9-rotated2-rotated1-rotated2-rotated1.jpg,outputs/removed_other_bones_quarantine/raw_data__fracture_dataset__test__not fractured__9-rotated2-rotated1-rotated2-rotated1.jpg,"not radius, ulna, or humerus"
./raw_data/fracture_dataset/test/not fractured/IMG0004389.jpg,outputs/removed_other_bones_quarantine/raw_data__fracture_dataset__test__not fractured__IMG0004389.jpg,"not radius, ulna, or humerus"
./raw_data/fracture_dataset/test/not fractured/19-rotated1-rotated1-rotated2-rotated1.jpg,outputs/removed_other_bones_quarantine/raw_data__fracture_dataset__test__not fractured__19-rotated1-rotated1-rotated2-rotated1.jpg,"not radius, ulna, or humerus"
./raw_data/fracture_dataset/test/not fractured/2-rotated3-rotated2-rotated3.jpg,outputs/removed_other_bones_quarantine/raw_data__fracture_dataset__test__not fractured__2-rotated3-rotated2-rotated3.jpg,"not radius, ulna, or humerus"
./raw_data/fracture_dataset/test/not fractured/31-rotated3-rotated1-rotated1.jpg,outputs/removed_other_bones_quarantine/raw_data__fracture_dataset__test__not fractured__31-rotated3-rotated1-rotated1.jpg,"not radius, ulna, or humerus"
./raw_data/fracture_dataset/test/not fractured/16-rotated2-rotated3-rotated2.jpg,outputs/removed_other_bones_quarantine/raw_data__fracture_dataset__test__not fractured__16-rotated2-rotated3-rotated2.jpg,"not radius, ulna, or humerus"
./raw_data/fracture_dataset/test/not fractured/4-rotated3-rotated3-rotated2-rotated1.jpg,outputs/removed_other_bones_quarantine/raw_data__fracture_dataset__test__not fractured__4-rotated3-rotated3-rotated2-rotated1.jpg,"not radius, ulna, or humerus"
./raw_data/fracture_dataset/test/not fractured/5-rotated3-rotated1-rotated1-rotated1.jpg,outputs/removed_other_bones_quarantine/raw_data__fracture_dataset__test__not fractured__5-rotated3-rotated1-rotated1-rotated1.jpg,"not radius, ulna, or humerus"
./raw_data/fracture_dataset/test/not fractured/IMG0000195.jpg,outputs/removed_other_bones_quarantine/raw_data__fracture_dataset__test__not fractured__IMG0000195.jpg,"not radius, ulna, or humerus"
./raw_data/fracture_dataset/test/not fractured/26-rotated3-rotated3.jpg,outputs/removed_other_bones_quarantine/raw_data__fracture_dataset__test__not fractured__26-rotated3-rotated3.jpg,"not radius, ulna, or humerus"
./raw_data/fracture_dataset/test/not fractured/22-rotated1-rotated2.jpg,outputs/removed_other_bones_quarantine/raw_data__fracture_dataset__test__not fractured__22-rotated1-rotated2.jpg,"not radius, ulna, or humerus"
./raw_data/fracture_dataset/test/not fractured/15-rotated2-rotated1-rotated2.jpg,outputs/removed_other_bones_quarantine/raw_data__fracture_dataset__test__not fractured__15-rotated2-rotated1-rotated2.jpg,"not radius, ulna, or humerus"
./raw_data/fracture_dataset/test/not fractured/3-rotated1-rotated3-rotated3.jpg,outputs/removed_other_bones_quarantine/raw_data__fracture_dataset__test__not fractured__3-rotated1-rotated3-rotated3.jpg,"not radius, ulna, or humerus"
./raw_data/fracture_dataset/test/not fractured/5-rotated1-rotated3-rotated1.jpg,outputs/removed_other_bones_quarantine/raw_data__fracture_dataset__test__not fractured__5-rotated1-rotated3-rotated1.jpg,"not radius, ulna, or humerus"
./raw_data/fracture_dataset/test/not fractured/IMG0000191.jpg,outputs/removed_other_bones_quarantine/raw_data__fracture_dataset__test__not fractured__IMG0000191.jpg,"not radius, ulna, or humerus"
./raw_data/fracture_dataset/test/not fractured/IMG0004308.jpg,outputs/removed_other_bones_quarantine/raw_data__fracture_dataset__test__not fractured__IMG0004308.jpg,"not radius, ulna, or humerus"
./raw_data/fracture_dataset/test/not fractured/53-rotated2-rotated2-rotated3.jpg,outputs/removed_other_bones_quarantine/raw_data__fracture_dataset__test__not fractured__53-rotated2-rotated2-rotated3.jpg,"not radius, ulna, or humerus"
./raw_data/fracture_dataset/test/not fractured/IMG0000518.jpg,outputs/removed_other_bones_quarantine/raw_data__fracture_dataset__test__not fractured__IMG0000518.jpg,"not radius, ulna, or humerus"
./raw_data/fracture_dataset/test/not fractured/14-rotated3-rotated2-rotated3-rotated1.jpg,outputs/removed_other_bones_quarantine/raw_data__fracture_dataset__test__not fractured__14-rotated3-rotated2-rotated3-rotated1.jpg,"not radius, ulna, or humerus"
./raw_data/fracture_dataset/test/not fractured/44-rotated3-rotated1-rotated1.jpg,outputs/removed_other_bones_quarantine/raw_data__fracture_dataset__test__not fractured__44-rotated3-rotated1-rotated1.jpg,"not radius, ulna, or humerus"
./raw_data/fracture_dataset/test/not fractured/33-rotated3-rotated3-rotated2-rotated1.jpg,outputs/removed_other_bones_quarantine/raw_data__fracture_dataset__test__not fractured__33-rotated3-rotated3-rotated2-rotated1.jpg,"not radius, ulna, or humerus"
./raw_data/fracture_dataset/test/not fractured/9-rotated2-rotated3-rotated3-rotated1.jpg,outputs/removed_other_bones_quarantine/raw_data__fracture_dataset__test__not fractured__9-rotated2-rotated3-rotated3-rotated1.jpg,"not radius, ulna, or humerus"
./raw_data/fracture_dataset/test/not fractured/4-rotated2-rotated2-rotated2.jpg,outputs/removed_other_bones_quarantine/raw_data__fracture_dataset__test__not fractured__4-rotated2-rotated2-rotated2.jpg,"not radius, ulna, or humerus"
./raw_data/fracture_dataset/test/not fractured/16-rotated3-rotated2-rotated2-rotated1.jpg,outputs/removed_other_bones_quarantine/raw_data__fracture_dataset__test__not fractured__16-rotated3-rotated2-rotated2-rotated1.jpg,"not radius, ulna, or humerus"
./raw_data/fracture_dataset/test/not fractured/2-rotated1-rotated3-rotated1-rotated1.jpg,outputs/removed_other_bones_quarantine/raw_data__fracture_dataset__test__not fractured__2-rotated1-rotated3-rotated1-rotated1.jpg,"not radius, ulna, or humerus"
./raw_data/fracture_dataset/test/not fractured/63-rotated1-rotated2-rotated2.jpg,outputs/removed_other_bones_quarantine/raw_data__fracture_dataset__test__not fractured__63-rotated1-rotated2-rotated2.jpg,"not radius, ulna, or humerus"
./raw_data/fracture_dataset/test/not fractured/IMG0000245.jpg,outputs/removed_other_bones_quarantine/raw_data__fracture_dataset__test__not fractured__IMG0000245.jpg,"not radius, ulna, or humerus"
./raw_data/fracture_dataset/test/not fractured/IMG0004310.jpg,outputs/removed_other_bones_quarantine/raw_data__fracture_dataset__test__not fractured__IMG0004310.jpg,"not radius, ulna, or humerus"
./raw_data/fracture_dataset/test/not fractured/8-rotated3-rotated1-rotated1.jpg,outputs/removed_other_bones_quarantine/raw_data__fracture_dataset__test__not fractured__8-rotated3-rotated1-rotated1.jpg,"not radius, ulna, or humerus"
./raw_data/fracture_dataset/test/not fractured/33-rotated1-rotated2-rotated2-rotated1.jpg,outputs/removed_other_bones_quarantine/raw_data__fracture_dataset__test__not fractured__33-rotated1-rotated2-rotated2-rotated1.jpg,"not radius, ulna, or humerus"
./raw_data/fracture_dataset/test/not fractured/21-rotated2-rotated1-rotated1.jpg,outputs/removed_other_bones_quarantine/raw_data__fracture_dataset__test__not fractured__21-rotated2-rotated1-rotated1.jpg,"not radius, ulna, or humerus"
./raw_data/fracture_dataset/test/not fractured/IMG0000192.jpg,outputs/removed_other_bones_quarantine/raw_data__fracture_dataset__test__not fractured__IMG0000192.jpg,"not radius, ulna, or humerus"
./raw_data/fracture_dataset/test/not fractured/46-rotated3-rotated2-rotated3.jpg,outputs/removed_other_bones_quarantine/raw_data__fracture_dataset__test__not fractured__46-rotated3-rotated2-rotated3.jpg,"not radius, ulna, or humerus"
./raw_data/fracture_dataset/test/not fractured/35-rotated2-rotated1-rotated3.jpg,outputs/removed_other_bones_quarantine/raw_data__fracture_dataset__test__not fractured__35-rotated2-rotated1-rotated3.jpg,"not radius, ulna, or humerus"
./raw_data/fracture_dataset/test/not fractured/3-rotated3-rotated3-rotated1.jpg,outputs/removed_other_bones_quarantine/raw_data__fracture_dataset__test__not fractured__3-rotated3-rotated3-rotated1.jpg,"not radius, ulna, or humerus"
./raw_data/fracture_dataset/test/not fractured/18-rotated2-rotated3-rotated2.jpg,outputs/removed_other_bones_quarantine/raw_data__fracture_dataset__test__not fractured__18-rotated2-rotated3-rotated2.jpg,"not radius, ulna, or humerus"
./raw_data/fracture_dataset/test/not fractured/IMG0000014.jpg,outputs/removed_other_bones_quarantine/raw_data__fracture_dataset__test__not fractured__IMG0000014.jpg,"not radius, ulna, or humerus"
./raw_data/fracture_dataset/test/not fractured/26-rotated2-rotated3-rotated1-rotated1.jpg,outputs/removed_other_bones_quarantine/raw_data__fracture_dataset__test__not fractured__26-rotated2-rotated3-rotated1-rotated1.jpg,"not radius, ulna, or humerus"
./raw_data/fracture_dataset/test/not fractured/IMG0000505.jpg,outputs/removed_other_bones_quarantine/raw_data__fracture_dataset__test__not fractured__IMG0000505.jpg,"not radius, ulna, or humerus"
./raw_data/fracture_dataset/test/not fractured/47-rotated3.jpg,outputs/removed_other_bones_quarantine/raw_data__fracture_dataset__test__not fractured__47-rotated3.jpg,"not radius, ulna, or humerus"
./raw_data/fracture_dataset/test/not fractured/2-rotated2-rotated3.jpg,outputs/removed_other_bones_quarantine/raw_data__fracture_dataset__test__not fractured__2-rotated2-rotated3.jpg,"not radius, ulna, or humerus"
./raw_data/fracture_dataset/test/not fractured/24-rotated1-rotated3-rotated1-rotated1.jpg,outputs/removed_other_bones_quarantine/raw_data__fracture_dataset__test__not fractured__24-rotated1-rotated3-rotated1-rotated1.jpg,"not radius, ulna, or humerus"
./raw_data/fracture_dataset/test/not fractured/8-rotated2-rotated2.jpg,outputs/removed_other_bones_quarantine/raw_data__fracture_dataset__test__not fractured__8-rotated2-rotated2.jpg,"not radius, ulna, or humerus"
./raw_data/fracture_dataset/test/not fractured/19-rotated2-rotated3-rotated1.jpg,outputs/removed_other_bones_quarantine/raw_data__fracture_dataset__test__not fractured__19-rotated2-rotated3-rotated1.jpg,"not radius, ulna, or humerus"
./raw_data/fracture_dataset/test/not fractured/49-rotated3-rotated2-rotated1.jpg,outputs/removed_other_bones_quarantine/raw_data__fracture_dataset__test__not fractured__49-rotated3-rotated2-rotated1.jpg,"not radius, ulna, or humerus"
./raw_data/fracture_dataset/test/not fractured/20-rotated2-rotated3-rotated3-rotated1.jpg,outputs/removed_other_bones_quarantine/raw_data__fracture_dataset__test__not fractured__20-rotated2-rotated3-rotated3-rotated1.jpg,"not radius, ulna, or humerus"
./raw_data/fracture_dataset/test/not fractured/19-rotated2.jpg,outputs/removed_other_bones_quarantine/raw_data__fracture_dataset__test__not fractured__19-rotated2.jpg,"not radius, ulna, or humerus"
./raw_data/fracture_dataset/test/not fractured/50-rotated2-rotated3-rotated1-rotated1.jpg,outputs/removed_other_bones_quarantine/raw_data__fracture_dataset__test__not fractured__50-rotated2-rotated3-rotated1-rotated1.jpg,"not radius, ulna, or humerus"
./raw_data/fracture_dataset/test/not fractured/58.jpg,outputs/removed_other_bones_quarantine/raw_data__fracture_dataset__test__not fractured__58.jpg,"not radius, ulna, or humerus"
./raw_data/fracture_dataset/test/not fractured/1-rotated3-rotated3-rotated3.jpg,outputs/removed_other_bones_quarantine/raw_data__fracture_dataset__test__not fractured__1-rotated3-rotated3-rotated3.jpg,"not radius, ulna, or humerus"
./raw_data/fracture_dataset/test/not fractured/30-rotated2-rotated3-rotated1-rotated1.jpg,outputs/removed_other_bones_quarantine/raw_data__fracture_dataset__test__not fractured__30-rotated2-rotated3-rotated1-rotated1.jpg,"not radius, ulna, or humerus"
./raw_data/fracture_dataset/test/not fractured/IMG0004388.jpg,outputs/removed_other_bones_quarantine/raw_data__fracture_dataset__test__not fractured__IMG0004388.jpg,"not radius, ulna, or humerus"
./raw_data/fracture_dataset/test/not fractured/1-rotated3.jpg,outputs/removed_other_bones_quarantine/raw_data__fracture_dataset__test__not fractured__1-rotated3.jpg,"not radius, ulna, or humerus"
./raw_data/fracture_dataset/test/not fractured/28.jpg,outputs/removed_other_bones_quarantine/raw_data__fracture_dataset__test__not fractured__28.jpg,"not radius, ulna, or humerus"
./raw_data/fracture_dataset/test/not fractured/48-rotated3-rotated2-rotated1.jpg,outputs/removed_other_bones_quarantine/raw_data__fracture_dataset__test__not fractured__48-rotated3-rotated2-rotated1.jpg,"not radius, ulna, or humerus"
./raw_data/fracture_dataset/test/not fractured/4-rotated2-rotated1.jpg,outputs/removed_other_bones_quarantine/raw_data__fracture_dataset__test__not fractured__4-rotated2-rotated1.jpg,"not radius, ulna, or humerus"
./raw_data/fracture_dataset/test/not fractured/IMG0000183.jpg,outputs/removed_other_bones_quarantine/raw_data__fracture_dataset__test__not fractured__IMG0000183.jpg,"not radius, ulna, or humerus"
./raw_data/fracture_dataset/test/not fractured/0013.png,outputs/removed_other_bones_quarantine/raw_data__fracture_dataset__test__not fractured__0013.png,"not radius, ulna, or humerus"
./raw_data/fracture_dataset/test/not fractured/35-rotated1-rotated1.jpg,outputs/removed_other_bones_quarantine/raw_data__fracture_dataset__test__not fractured__35-rotated1-rotated1.jpg,"not radius, ulna, or humerus"
./raw_data/fracture_dataset/test/not fractured/45-rotated3-rotated2-rotated2.jpg,outputs/removed_other_bones_quarantine/raw_data__fracture_dataset__test__not fractured__45-rotated3-rotated2-rotated2.jpg,"not radius, ulna, or humerus"
./raw_data/fracture_dataset/test/not fractured/56-rotated2-rotated2-rotated2.jpg,outputs/removed_other_bones_quarantine/raw_data__fracture_dataset__test__not fractured__56-rotated2-rotated2-rotated2.jpg,"not radius, ulna, or humerus"
./raw_data/fracture_dataset/test/not fractured/57-rotated2-rotated3-rotated3-rotated1.jpg,outputs/removed_other_bones_quarantine/raw_data__fracture_dataset__test__not fractured__57-rotated2-rotated3-rotated3-rotated1.jpg,"not radius, ulna, or humerus"
./raw_data/fracture_dataset/test/not fractured/9-rotated1-rotated2-rotated2.jpg,outputs/removed_other_bones_quarantine/raw_data__fracture_dataset__test__not fractured__9-rotated1-rotated2-rotated2.jpg,"not radius, ulna, or humerus"
./raw_data/fracture_dataset/test/not fractured/IMG0000209.jpg,outputs/removed_other_bones_quarantine/raw_data__fracture_dataset__test__not fractured__IMG0000209.jpg,"not radius, ulna, or humerus"
./raw_data/fracture_dataset/test/not fractured/61-rotated2.jpg,outputs/removed_other_bones_quarantine/raw_data__fracture_dataset__test__not fractured__61-rotated2.jpg,"not radius, ulna, or humerus"
./raw_data/fracture_dataset/test/not fractured/10-rotated3.jpg,outputs/removed_other_bones_quarantine/raw_data__fracture_dataset__test__not fractured__10-rotated3.jpg,"not radius, ulna, or humerus"
./raw_data/fracture_dataset/test/not fractured/12-rotated3-rotated3-rotated2-rotated1.jpg,outputs/removed_other_bones_quarantine/raw_data__fracture_dataset__test__not fractured__12-rotated3-rotated3-rotated2-rotated1.jpg,"not radius, ulna, or humerus"
./raw_data/fracture_dataset/test/not fractured/4-rotated3-rotated1-rotated1-rotated1.jpg,outputs/removed_other_bones_quarantine/raw_data__fracture_dataset__test__not fractured__4-rotated3-rotated1-rotated1-rotated1.jpg,"not radius, ulna, or humerus"
./raw_data/fracture_dataset/test/not fractured/10-rotated3-rotated3-rotated1.jpg,outputs/removed_other_bones_quarantine/raw_data__fracture_dataset__test__not fractured__10-rotated3-rotated3-rotated1.jpg,"not radius, ulna, or humerus"
./raw_data/fracture_dataset/test/not fractured/30-rotated3-rotated3-rotated3-rotated1.jpg,outputs/removed_other_bones_quarantine/raw_data__fracture_dataset__test__not fractured__30-rotated3-rotated3-rotated3-rotated1.jpg,"not radius, ulna, or humerus"
./raw_data/fracture_dataset/test/not fractured/59-rotated1-rotated2.jpg,outputs/removed_other_bones_quarantine/raw_data__fracture_dataset__test__not fractured__59-rotated1-rotated2.jpg,"not radius, ulna, or humerus"
./raw_data/fracture_dataset/test/not fractured/14-rotated2-rotated1-rotated1-rotated1.jpg,outputs/removed_other_bones_quarantine/raw_data__fracture_dataset__test__not fractured__14-rotated2-rotated1-rotated1-rotated1.jpg,"not radius, ulna, or humerus"
./raw_data/fracture_dataset/test/not fractured/21-rotated3-rotated1-rotated2.jpg,outputs/removed_other_bones_quarantine/raw_data__fracture_dataset__test__not fractured__21-rotated3-rotated1-rotated2.jpg,"not radius, ulna, or humerus"
./raw_data/fracture_dataset/test/not fractured/41-rotated3-rotated1-rotated2.jpg,outputs/removed_other_bones_quarantine/raw_data__fracture_dataset__test__not fractured__41-rotated3-rotated1-rotated2.jpg,"not radius, ulna, or humerus"
./raw_data/fracture_dataset/test/not fractured/21.jpg,outputs/removed_other_bones_quarantine/raw_data__fracture_dataset__test__not fractured__21.jpg,"not radius, ulna, or humerus"
./raw_data/fracture_dataset/test/not fractured/IMG0000248.jpg,outputs/removed_other_bones_quarantine/raw_data__fracture_dataset__test__not fractured__IMG0000248.jpg,"not radius, ulna, or humerus"
./raw_data/fracture_dataset/test/not fractured/7-rotated3-rotated1-rotated1.jpg,outputs/removed_other_bones_quarantine/raw_data__fracture_dataset__test__not fractured__7-rotated3-rotated1-rotated1.jpg,"not radius, ulna, or humerus"
./raw_data/fracture_dataset/test/not fractured/14-rotated2-rotated3-rotated2.jpg,outputs/removed_other_bones_quarantine/raw_data__fracture_dataset__test__not fractured__14-rotated2-rotated3-rotated2.jpg,"not radius, ulna, or humerus"
./raw_data/fracture_dataset/test/not fractured/IMG0000013.jpg,outputs/removed_other_bones_quarantine/raw_data__fracture_dataset__test__not fractured__IMG0000013.jpg,"not radius, ulna, or humerus"
./raw_data/fracture_dataset/test/not fractured/IMG0000246.jpg,outputs/removed_other_bones_quarantine/raw_data__fracture_dataset__test__not fractured__IMG0000246.jpg,"not radius, ulna, or humerus"
./raw_data/fracture_dataset/test/not fractured/58-rotated2-rotated1-rotated1.jpg,outputs/removed_other_bones_quarantine/raw_data__fracture_dataset__test__not fractured__58-rotated2-rotated1-rotated1.jpg,"not radius, ulna, or humerus"
./raw_data/fracture_dataset/test/not fractured/12-rotated2-rotated1-rotated3.jpg,outputs/removed_other_bones_quarantine/raw_data__fracture_dataset__test__not fractured__12-rotated2-rotated1-rotated3.jpg,"not radius, ulna, or humerus"
./raw_data/fracture_dataset/test/not fractured/17-rotated3-rotated2-rotated2-rotated1.jpg,outputs/removed_other_bones_quarantine/raw_data__fracture_dataset__test__not fractured__17-rotated3-rotated2-rotated2-rotated1.jpg,"not radius, ulna, or humerus"
./raw_data/fracture_dataset/test/not fractured/22-rotated3-rotated2-rotated3.jpg,outputs/removed_other_bones_quarantine/raw_data__fracture_dataset__test__not fractured__22-rotated3-rotated2-rotated3.jpg,"not radius, ulna, or humerus"
./raw_data/fracture_dataset/test/not fractured/8-rotated1-rotated2-rotated3-rotated1.jpg,outputs/removed_other_bones_quarantine/raw_data__fracture_dataset__test__not fractured__8-rotated1-rotated2-rotated3-rotated1.jpg,"not radius, ulna, or humerus"
./raw_data/fracture_dataset/test/not fractured/45-rotated1-rotated1-rotated2.jpg,outputs/removed_other_bones_quarantine/raw_data__fracture_dataset__test__not fractured__45-rotated1-rotated1-rotated2.jpg,"not radius, ulna, or humerus"
./raw_data/fracture_dataset/test/not fractured/40-rotated2-rotated3-rotated2-rotated1.jpg,outputs/removed_other_bones_quarantine/raw_data__fracture_dataset__test__not fractured__40-rotated2-rotated3-rotated2-rotated1.jpg,"not radius, ulna, or humerus"
./raw_data/fracture_dataset/test/not fractured/58-rotated3-rotated1-rotated2.jpg,outputs/removed_other_bones_quarantine/raw_data__fracture_dataset__test__not fractured__58-rotated3-rotated1-rotated2.jpg,"not radius, ulna, or humerus"
./raw_data/fracture_dataset/test/not fractured/37-rotated1-rotated3-rotated1-rotated1.jpg,outputs/removed_other_bones_quarantine/raw_data__fracture_dataset__test__not fractured__37-rotated1-rotated3-rotated1-rotated1.jpg,"not radius, ulna, or humerus"
./raw_data/fracture_dataset/test/not fractured/7-rotated1-rotated2-rotated3.jpg,outputs/removed_other_bones_quarantine/raw_data__fracture_dataset__test__not fractured__7-rotated1-rotated2-rotated3.jpg,"not radius, ulna, or humerus"
./raw_data/fracture_dataset/test/not fractured/IMG0000186.jpg,outputs/removed_other_bones_quarantine/raw_data__fracture_dataset__test__not fractured__IMG0000186.jpg,"not radius, ulna, or humerus"
./raw_data/fracture_dataset/test/not fractured/52-rotated3-rotated1-rotated3-rotated1.jpg,outputs/removed_other_bones_quarantine/raw_data__fracture_dataset__test__not fractured__52-rotated3-rotated1-rotated3-rotated1.jpg,"not radius, ulna, or humerus"
./raw_data/fracture_dataset/test/not fractured/39-rotated2-rotated2-rotated1.jpg,outputs/removed_other_bones_quarantine/raw_data__fracture_dataset__test__not fractured__39-rotated2-rotated2-rotated1.jpg,"not radius, ulna, or humerus"
./raw_data/fracture_dataset/test/not fractured/41-rotated2-rotated1-rotated1.jpg,outputs/removed_other_bones_quarantine/raw_data__fracture_dataset__test__not fractured__41-rotated2-rotated1-rotated1.jpg,"not radius, ulna, or humerus"
./raw_data/fracture_dataset/test/not fractured/47-rotated3-rotated3-rotated3.jpg,outputs/removed_other_bones_quarantine/raw_data__fracture_dataset__test__not fractured__47-rotated3-rotated3-rotated3.jpg,"not radius, ulna, or humerus"
./raw_data/fracture_dataset/test/not fractured/40-rotated3-rotated3-rotated3.jpg,outputs/removed_other_bones_quarantine/raw_data__fracture_dataset__test__not fractured__40-rotated3-rotated3-rotated3.jpg,"not radius, ulna, or humerus"
./raw_data/fracture_dataset/test/not fractured/53-rotated3-rotated3-rotated1-rotated1.jpg,outputs/removed_other_bones_quarantine/raw_data__fracture_dataset__test__not fractured__53-rotated3-rotated3-rotated1-rotated1.jpg,"not radius, ulna, or humerus"
./raw_data/fracture_dataset/test/not fractured/IMG0003895.jpg,outputs/removed_other_bones_quarantine/raw_data__fracture_dataset__test__not fractured__IMG0003895.jpg,"not radius, ulna, or humerus"
./raw_data/fracture_dataset/test/not fractured/7-rotated3-rotated3-rotated2.jpg,outputs/removed_other_bones_quarantine/raw_data__fracture_dataset__test__not fractured__7-rotated3-rotated3-rotated2.jpg,"not radius, ulna, or humerus"
./raw_data/fracture_dataset/test/not fractured/IMG0000184.jpg,outputs/removed_other_bones_quarantine/raw_data__fracture_dataset__test__not fractured__IMG0000184.jpg,"not radius, ulna, or humerus"
./raw_data/fracture_dataset/test/not fractured/IMG0000244.jpg,outputs/removed_other_bones_quarantine/raw_data__fracture_dataset__test__not fractured__IMG0000244.jpg,"not radius, ulna, or humerus"
./raw_data/fracture_dataset/test/not fractured/10-rotated2-rotated2.jpg,outputs/removed_other_bones_quarantine/raw_data__fracture_dataset__test__not fractured__10-rotated2-rotated2.jpg,"not radius, ulna, or humerus"
./raw_data/fracture_dataset/test/not fractured/37-rotated2-rotated3-rotated3.jpg,outputs/removed_other_bones_quarantine/raw_data__fracture_dataset__test__not fractured__37-rotated2-rotated3-rotated3.jpg,"not radius, ulna, or humerus"
./raw_data/fracture_dataset/test/not fractured/29-rotated2-rotated2-rotated1-rotated1.jpg,outputs/removed_other_bones_quarantine/raw_data__fracture_dataset__test__not fractured__29-rotated2-rotated2-rotated1-rotated1.jpg,"not radius, ulna, or humerus"
./raw_data/fracture_dataset/test/not fractured/60-rotated2-rotated3-rotated2-rotated1.jpg,outputs/removed_other_bones_quarantine/raw_data__fracture_dataset__test__not fractured__60-rotated2-rotated3-rotated2-rotated1.jpg,"not radius, ulna, or humerus"
./raw_data/fracture_dataset/test/not fractured/00755.png,outputs/removed_other_bones_quarantine/raw_data__fracture_dataset__test__not fractured__00755.png,"not radius, ulna, or humerus"
./raw_data/fracture_dataset/test/not fractured/43-rotated3-rotated3-rotated2.jpg,outputs/removed_other_bones_quarantine/raw_data__fracture_dataset__test__not fractured__43-rotated3-rotated3-rotated2.jpg,"not radius, ulna, or humerus"
./raw_data/fracture_dataset/test/not fractured/30-rotated1-rotated2-rotated3-rotated1.jpg,outputs/removed_other_bones_quarantine/raw_data__fracture_dataset__test__not fractured__30-rotated1-rotated2-rotated3-rotated1.jpg,"not radius, ulna, or humerus"
./raw_data/fracture_dataset/test/not fractured/1-rotated1-rotated2-rotated3-rotated1.jpg,outputs/removed_other_bones_quarantine/raw_data__fracture_dataset__test__not fractured__1-rotated1-rotated2-rotated3-rotated1.jpg,"not radius, ulna, or humerus"
./raw_data/fracture_dataset/test/not fractured/42-rotated3-rotated2-rotated3.jpg,outputs/removed_other_bones_quarantine/raw_data__fracture_dataset__test__not fractured__42-rotated3-rotated2-rotated3.jpg,"not radius, ulna, or humerus"
./raw_data/fracture_dataset/test/not fractured/39-rotated3-rotated3.jpg,outputs/removed_other_bones_quarantine/raw_data__fracture_dataset__test__not fractured__39-rotated3-rotated3.jpg,"not radius, ulna, or humerus"
./raw_data/fracture_dataset/test/not fractured/20-rotated2.jpg,outputs/removed_other_bones_quarantine/raw_data__fracture_dataset__test__not fractured__20-rotated2.jpg,"not radius, ulna, or humerus"
./raw_data/fracture_dataset/test/not fractured/62-rotated3-rotated2-rotated2.jpg,outputs/removed_other_bones_quarantine/raw_data__fracture_dataset__test__not fractured__62-rotated3-rotated2-rotated2.jpg,"not radius, ulna, or humerus"
./raw_data/fracture_dataset/test/not fractured/55-rotated2-rotated1-rotated2.jpg,outputs/removed_other_bones_quarantine/raw_data__fracture_dataset__test__not fractured__55-rotated2-rotated1-rotated2.jpg,"not radius, ulna, or humerus"
./raw_data/fracture_dataset/test/fractured/79-rotated3-rotated1.jpg,outputs/removed_other_bones_quarantine/raw_data__fracture_dataset__test__fractured__79-rotated3-rotated1.jpg,"not radius, ulna, or humerus"
./raw_data/fracture_dataset/test/fractured/80-rotated3-rotated3-rotated2.jpg,outputs/removed_other_bones_quarantine/raw_data__fracture_dataset__test__fractured__80-rotated3-rotated3-rotated2.jpg,"not radius, ulna, or humerus"
./raw_data/fracture_dataset/test/fractured/84-rotated1-rotated3-rotated3.jpg,outputs/removed_other_bones_quarantine/raw_data__fracture_dataset__test__fractured__84-rotated1-rotated3-rotated3.jpg,"not radius, ulna, or humerus"
./raw_data/fracture_dataset/test/fractured/82-rotated1-rotated3-rotated3.jpg,outputs/removed_other_bones_quarantine/raw_data__fracture_dataset__test__fractured__82-rotated1-rotated3-rotated3.jpg,"not radius, ulna, or humerus"
./raw_data/fracture_dataset/test/fractured/92-rotated2-rotated3.jpg,outputs/removed_other_bones_quarantine/raw_data__fracture_dataset__test__fractured__92-rotated2-rotated3.jpg,"not radius, ulna, or humerus"
./raw_data/fracture_dataset/test/fractured/6-rotated2-rotated3-rotated1 - Copy.jpg,outputs/removed_other_bones_quarantine/raw_data__fracture_dataset__test__fractured__6-rotated2-rotated3-rotated1 - Copy.jpg,"not radius, ulna, or humerus"
./raw_data/fracture_dataset/test/fractured/5-rotated2-rotated3-rotated2 - Copy.jpg,outputs/removed_other_bones_quarantine/raw_data__fracture_dataset__test__fractured__5-rotated2-rotated3-rotated2 - Copy.jpg,"not radius, ulna, or humerus"
./raw_data/fracture_dataset/test/fractured/2-rotated2-rotated3 - Copy.jpg,outputs/removed_other_bones_quarantine/raw_data__fracture_dataset__test__fractured__2-rotated2-rotated3 - Copy.jpg,"not radius, ulna, or humerus"
./raw_data/fracture_dataset/test/fractured/92-rotated1-rotated2-rotated2.jpg,outputs/removed_other_bones_quarantine/raw_data__fracture_dataset__test__fractured__92-rotated1-rotated2-rotated2.jpg,"not radius, ulna, or humerus"
./raw_data/fracture_dataset/test/fractured/3-rotated3.jpg,outputs/removed_other_bones_quarantine/raw_data__fracture_dataset__test__fractured__3-rotated3.jpg,"not radius, ulna, or humerus"
./raw_data/fracture_dataset/test/fractured/83-rotated2-rotated3.jpg,outputs/removed_other_bones_quarantine/raw_data__fracture_dataset__test__fractured__83-rotated2-rotated3.jpg,"not radius, ulna, or humerus"
./raw_data/fracture_dataset/test/fractured/2-rotated2-rotated1-rotated2.jpg,outputs/removed_other_bones_quarantine/raw_data__fracture_dataset__test__fractured__2-rotated2-rotated1-rotated2.jpg,"not radius, ulna, or humerus"
./raw_data/fracture_dataset/test/fractured/81-rotated2-rotated3-rotated3.jpg,outputs/removed_other_bones_quarantine/raw_data__fracture_dataset__test__fractured__81-rotated2-rotated3-rotated3.jpg,"not radius, ulna, or humerus"
./raw_data/fracture_dataset/test/fractured/01.png,outputs/removed_other_bones_quarantine/raw_data__fracture_dataset__test__fractured__01.png,"not radius, ulna, or humerus"
./raw_data/fracture_dataset/test/fractured/94-rotated3-rotated1.jpg,outputs/removed_other_bones_quarantine/raw_data__fracture_dataset__test__fractured__94-rotated3-rotated1.jpg,"not radius, ulna, or humerus"
./raw_data/fracture_dataset/test/fractured/6-rotated3-rotated2-rotated3 - Copy.jpg,outputs/removed_other_bones_quarantine/raw_data__fracture_dataset__test__fractured__6-rotated3-rotated2-rotated3 - Copy.jpg,"not radius, ulna, or humerus"
./raw_data/fracture_dataset/test/fractured/616156.png,outputs/removed_other_bones_quarantine/raw_data__fracture_dataset__test__fractured__616156.png,"not radius, ulna, or humerus"
./raw_data/fracture_dataset/test/fractured/79-rotated3-rotated2-rotated2 - Copy.jpg,outputs/removed_other_bones_quarantine/raw_data__fracture_dataset__test__fractured__79-rotated3-rotated2-rotated2 - Copy.jpg,"not radius, ulna, or humerus"
./raw_data/fracture_dataset/test/fractured/84-rotated2-rotated3.jpg,outputs/removed_other_bones_quarantine/raw_data__fracture_dataset__test__fractured__84-rotated2-rotated3.jpg,"not radius, ulna, or humerus"
./raw_data/fracture_dataset/test/fractured/87-rotated3-rotated3-rotated2.jpg,outputs/removed_other_bones_quarantine/raw_data__fracture_dataset__test__fractured__87-rotated3-rotated3-rotated2.jpg,"not radius, ulna, or humerus"
./raw_data/fracture_dataset/test/fractured/90-rotated1-rotated2-rotated2.jpg,outputs/removed_other_bones_quarantine/raw_data__fracture_dataset__test__fractured__90-rotated1-rotated2-rotated2.jpg,"not radius, ulna, or humerus"
./raw_data/fracture_dataset/test/fractured/82-rotated3-rotated1.jpg,outputs/removed_other_bones_quarantine/raw_data__fracture_dataset__test__fractured__82-rotated3-rotated1.jpg,"not radius, ulna, or humerus"
./raw_data/fracture_dataset/test/fractured/86-rotated1-rotated2-rotated2.jpg,outputs/removed_other_bones_quarantine/raw_data__fracture_dataset__test__fractured__86-rotated1-rotated2-rotated2.jpg,"not radius, ulna, or humerus"
./raw_data/fracture_dataset/test/fractured/89-rotated1-rotated2-rotated2.jpg,outputs/removed_other_bones_quarantine/raw_data__fracture_dataset__test__fractured__89-rotated1-rotated2-rotated2.jpg,"not radius, ulna, or humerus"
./raw_data/fracture_dataset/test/fractured/6-rotated1-rotated2-rotated1.jpg,outputs/removed_other_bones_quarantine/raw_data__fracture_dataset__test__fractured__6-rotated1-rotated2-rotated1.jpg,"not radius, ulna, or humerus"
./raw_data/fracture_dataset/test/fractured/6.png,outputs/removed_other_bones_quarantine/raw_data__fracture_dataset__test__fractured__6.png,"not radius, ulna, or humerus"
./raw_data/fracture_dataset/test/fractured/81-rotated2-rotated1.jpg,outputs/removed_other_bones_quarantine/raw_data__fracture_dataset__test__fractured__81-rotated2-rotated1.jpg,"not radius, ulna, or humerus"
./raw_data/fracture_dataset/test/fractured/91-rotated3-rotated1.jpg,outputs/removed_other_bones_quarantine/raw_data__fracture_dataset__test__fractured__91-rotated3-rotated1.jpg,"not radius, ulna, or humerus"
./raw_data/fracture_dataset/test/fractured/9-rotated2-rotated2-rotated2.jpg,outputs/removed_other_bones_quarantine/raw_data__fracture_dataset__test__fractured__9-rotated2-rotated2-rotated2.jpg,"not radius, ulna, or humerus"
./raw_data/fracture_dataset/test/fractured/93-rotated3-rotated2-rotated1.jpg,outputs/removed_other_bones_quarantine/raw_data__fracture_dataset__test__fractured__93-rotated3-rotated2-rotated1.jpg,"not radius, ulna, or humerus"
./raw_data/fracture_dataset/test/fractured/94-rotated3-rotated3-rotated2.jpg,outputs/removed_other_bones_quarantine/raw_data__fracture_dataset__test__fractured__94-rotated3-rotated3-rotated2.jpg,"not radius, ulna, or humerus"
./raw_data/fracture_dataset/test/fractured/80-rotated2-rotated1-rotated1.jpg,outputs/removed_other_bones_quarantine/raw_data__fracture_dataset__test__fractured__80-rotated2-rotated1-rotated1.jpg,"not radius, ulna, or humerus"
./raw_data/fracture_dataset/test/fractured/80-rotated1-rotated3-rotated1 - Copy.jpg,outputs/removed_other_bones_quarantine/raw_data__fracture_dataset__test__fractured__80-rotated1-rotated3-rotated1 - Copy.jpg,"not radius, ulna, or humerus"
./raw_data/fracture_dataset/test/fractured/79-rotated2-rotated3 - Copy.jpg,outputs/removed_other_bones_quarantine/raw_data__fracture_dataset__test__fractured__79-rotated2-rotated3 - Copy.jpg,"not radius, ulna, or humerus"
./raw_data/fracture_dataset/test/fractured/7-rotated3-rotated1-rotated1 - Copy.jpg,outputs/removed_other_bones_quarantine/raw_data__fracture_dataset__test__fractured__7-rotated3-rotated1-rotated1 - Copy.jpg,"not radius, ulna, or humerus"
./raw_data/fracture_dataset/test/fractured/87-rotated2-rotated1-rotated3.jpg,outputs/removed_other_bones_quarantine/raw_data__fracture_dataset__test__fractured__87-rotated2-rotated1-rotated3.jpg,"not radius, ulna, or humerus"
./raw_data/fracture_dataset/test/fractured/0085.png,outputs/removed_other_bones_quarantine/raw_data__fracture_dataset__test__fractured__0085.png,"not radius, ulna, or humerus"
./raw_data/fracture_dataset/test/fractured/3-rotated1-rotated3.jpg,outputs/removed_other_bones_quarantine/raw_data__fracture_dataset__test__fractured__3-rotated1-rotated3.jpg,"not radius, ulna, or humerus"
./raw_data/fracture_dataset/test/fractured/94-rotated1-rotated1-rotated1.jpg,outputs/removed_other_bones_quarantine/raw_data__fracture_dataset__test__fractured__94-rotated1-rotated1-rotated1.jpg,"not radius, ulna, or humerus"
./raw_data/fracture_dataset/test/fractured/8-rotated3-rotated3-rotated3 - Copy.jpg,outputs/removed_other_bones_quarantine/raw_data__fracture_dataset__test__fractured__8-rotated3-rotated3-rotated3 - Copy.jpg,"not radius, ulna, or humerus"
./raw_data/fracture_dataset/test/fractured/88-rotated3-rotated2-rotated1.jpg,outputs/removed_other_bones_quarantine/raw_data__fracture_dataset__test__fractured__88-rotated3-rotated2-rotated1.jpg,"not radius, ulna, or humerus"
./raw_data/fracture_dataset/test/fractured/89-rotated3-rotated3-rotated2.jpg,outputs/removed_other_bones_quarantine/raw_data__fracture_dataset__test__fractured__89-rotated3-rotated3-rotated2.jpg,"not radius, ulna, or humerus"
./raw_data/fracture_dataset/test/fractured/7-rotated2-rotated3.jpg,outputs/removed_other_bones_quarantine/raw_data__fracture_dataset__test__fractured__7-rotated2-rotated3.jpg,"not radius, ulna, or humerus"
./raw_data/fracture_dataset/test/fractured/9-rotated1-rotated3 - Copy.jpg,outputs/removed_other_bones_quarantine/raw_data__fracture_dataset__test__fractured__9-rotated1-rotated3 - Copy.jpg,"not radius, ulna, or humerus"
./raw_data/fracture_dataset/test/fractured/83-rotated1-rotated3-rotated3.jpg,outputs/removed_other_bones_quarantine/raw_data__fracture_dataset__test__fractured__83-rotated1-rotated3-rotated3.jpg,"not radius, ulna, or humerus"
./raw_data/fracture_dataset/test/fractured/89-rotated2-rotated3.jpg,outputs/removed_other_bones_quarantine/raw_data__fracture_dataset__test__fractured__89-rotated2-rotated3.jpg,"not radius, ulna, or humerus"
./raw_data/fracture_dataset/test/fractured/88-rotated2-rotated3.jpg,outputs/removed_other_bones_quarantine/raw_data__fracture_dataset__test__fractured__88-rotated2-rotated3.jpg,"not radius, ulna, or humerus"
./raw_data/fracture_dataset/test/fractured/6-rotated3-rotated1-rotated1.jpg,outputs/removed_other_bones_quarantine/raw_data__fracture_dataset__test__fractured__6-rotated3-rotated1-rotated1.jpg,"not radius, ulna, or humerus"
./raw_data/fracture_dataset/test/fractured/3-rotated2-rotated1-rotated1 - Copy.jpg,outputs/removed_other_bones_quarantine/raw_data__fracture_dataset__test__fractured__3-rotated2-rotated1-rotated1 - Copy.jpg,"not radius, ulna, or humerus"
./raw_data/fracture_dataset/test/fractured/4-rotated2-rotated1 - Copy.jpg,outputs/removed_other_bones_quarantine/raw_data__fracture_dataset__test__fractured__4-rotated2-rotated1 - Copy.jpg,"not radius, ulna, or humerus"
./raw_data/fracture_dataset/test/fractured/00156.png,outputs/removed_other_bones_quarantine/raw_data__fracture_dataset__test__fractured__00156.png,"not radius, ulna, or humerus"
./raw_data/fracture_dataset/test/fractured/89-rotated1-rotated1-rotated1.jpg,outputs/removed_other_bones_quarantine/raw_data__fracture_dataset__test__fractured__89-rotated1-rotated1-rotated1.jpg,"not radius, ulna, or humerus"
./raw_data/fracture_dataset/test/fractured/83-rotated1-rotated1-rotated1.jpg,outputs/removed_other_bones_quarantine/raw_data__fracture_dataset__test__fractured__83-rotated1-rotated1-rotated1.jpg,"not radius, ulna, or humerus"
./raw_data/fracture_dataset/test/fractured/94-rotated1-rotated3-rotated3.jpg,outputs/removed_other_bones_quarantine/raw_data__fracture_dataset__test__fractured__94-rotated1-rotated3-rotated3.jpg,"not radius, ulna, or humerus"
./raw_data/fracture_dataset/test/fractured/95-rotated2-rotated1-rotated3.jpg,outputs/removed_other_bones_quarantine/raw_data__fracture_dataset__test__fractured__95-rotated2-rotated1-rotated3.jpg,"not radius, ulna, or humerus"
./raw_data/fracture_dataset/test/fractured/8-rotated1-rotated1-rotated3.jpg,outputs/removed_other_bones_quarantine/raw_data__fracture_dataset__test__fractured__8-rotated1-rotated1-rotated3.jpg,"not radius, ulna, or humerus"
./raw_data/fracture_dataset/test/fractured/4-rotated3-rotated3-rotated1.jpg,outputs/removed_other_bones_quarantine/raw_data__fracture_dataset__test__fractured__4-rotated3-rotated3-rotated1.jpg,"not radius, ulna, or humerus"
./raw_data/fracture_dataset/test/fractured/0.png,outputs/removed_other_bones_quarantine/raw_data__fracture_dataset__test__fractured__0.png,"not radius, ulna, or humerus"
./raw_data/fracture_dataset/test/fractured/94-rotated3-rotated2-rotated1.jpg,outputs/removed_other_bones_quarantine/raw_data__fracture_dataset__test__fractured__94-rotated3-rotated2-rotated1.jpg,"not radius, ulna, or humerus"
./raw_data/fracture_dataset/test/fractured/81-rotated2-rotated2-rotated2 - Copy.jpg,outputs/removed_other_bones_quarantine/raw_data__fracture_dataset__test__fractured__81-rotated2-rotated2-rotated2 - Copy.jpg,"not radius, ulna, or humerus"
./raw_data/fracture_dataset/test/fractured/88-rotated2-rotated1-rotated3.jpg,outputs/removed_other_bones_quarantine/raw_data__fracture_dataset__test__fractured__88-rotated2-rotated1-rotated3.jpg,"not radius, ulna, or humerus"
./raw_data/fracture_dataset/test/fractured/80-rotated2-rotated2-rotated3 - Copy.jpg,outputs/removed_other_bones_quarantine/raw_data__fracture_dataset__test__fractured__80-rotated2-rotated2-rotated3 - Copy.jpg,"not radius, ulna, or humerus"
./raw_data/fracture_dataset/test/fractured/94-rotated1-rotated2-rotated2.jpg,outputs/removed_other_bones_quarantine/raw_data__fracture_dataset__test__fractured__94-rotated1-rotated2-rotated2.jpg,"not radius, ulna, or humerus"
./raw_data/fracture_dataset/test/fractured/2-rotated3-rotated2-rotated2 - Copy.jpg,outputs/removed_other_bones_quarantine/raw_data__fracture_dataset__test__fractured__2-rotated3-rotated2-rotated2 - Copy.jpg,"not radius, ulna, or humerus"
./raw_data/fracture_dataset/test/fractured/2.png,outputs/removed_other_bones_quarantine/raw_data__fracture_dataset__test__fractured__2.png,"not radius, ulna, or humerus"
./raw_data/fracture_dataset/test/fractured/7-rotated2-rotated1-rotated3 - Copy.jpg,outputs/removed_other_bones_quarantine/raw_data__fracture_dataset__test__fractured__7-rotated2-rotated1-rotated3 - Copy.jpg,"not radius, ulna, or humerus"
./raw_data/fracture_dataset/test/fractured/92-rotated3-rotated3-rotated2.jpg,outputs/removed_other_bones_quarantine/raw_data__fracture_dataset__test__fractured__92-rotated3-rotated3-rotated2.jpg,"not radius, ulna, or humerus"
./raw_data/fracture_dataset/test/fractured/89-rotated1-rotated3-rotated3.jpg,outputs/removed_other_bones_quarantine/raw_data__fracture_dataset__test__fractured__89-rotated1-rotated3-rotated3.jpg,"not radius, ulna, or humerus"
./raw_data/fracture_dataset/test/fractured/3-rotated1-rotated1-rotated3 - Copy.jpg,outputs/removed_other_bones_quarantine/raw_data__fracture_dataset__test__fractured__3-rotated1-rotated1-rotated3 - Copy.jpg,"not radius, ulna, or humerus"
./raw_data/fracture_dataset/test/fractured/88-rotated3-rotated1.jpg,outputs/removed_other_bones_quarantine/raw_data__fracture_dataset__test__fractured__88-rotated3-rotated1.jpg,"not radius, ulna, or humerus"
./raw_data/fracture_dataset/test/fractured/91-rotated1-rotated3-rotated3.jpg,outputs/removed_other_bones_quarantine/raw_data__fracture_dataset__test__fractured__91-rotated1-rotated3-rotated3.jpg,"not radius, ulna, or humerus"
./raw_data/fracture_dataset/test/fractured/82-rotated2-rotated3.jpg,outputs/removed_other_bones_quarantine/raw_data__fracture_dataset__test__fractured__82-rotated2-rotated3.jpg,"not radius, ulna, or humerus"
./raw_data/fracture_dataset/test/fractured/3-rotated2-rotated2-rotated3 - Copy.jpg,outputs/removed_other_bones_quarantine/raw_data__fracture_dataset__test__fractured__3-rotated2-rotated2-rotated3 - Copy.jpg,"not radius, ulna, or humerus"
./raw_data/fracture_dataset/test/fractured/96-rotated1-rotated1-rotated1.jpg,outputs/removed_other_bones_quarantine/raw_data__fracture_dataset__test__fractured__96-rotated1-rotated1-rotated1.jpg,"not radius, ulna, or humerus"
./raw_data/fracture_dataset/test/fractured/82-rotated3-rotated3-rotated2.jpg,outputs/removed_other_bones_quarantine/raw_data__fracture_dataset__test__fractured__82-rotated3-rotated3-rotated2.jpg,"not radius, ulna, or humerus"
./raw_data/fracture_dataset/test/fractured/93-rotated1-rotated3-rotated3.jpg,outputs/removed_other_bones_quarantine/raw_data__fracture_dataset__test__fractured__93-rotated1-rotated3-rotated3.jpg,"not radius, ulna, or humerus"
./raw_data/fracture_dataset/test/fractured/90-rotated2-rotated3.jpg,outputs/removed_other_bones_quarantine/raw_data__fracture_dataset__test__fractured__90-rotated2-rotated3.jpg,"not radius, ulna, or humerus"
./raw_data/fracture_dataset/test/fractured/2-rotated1-rotated2 - Copy.jpg,outputs/removed_other_bones_quarantine/raw_data__fracture_dataset__test__fractured__2-rotated1-rotated2 - Copy.jpg,"not radius, ulna, or humerus"
./raw_data/fracture_dataset/test/fractured/7-rotated1-rotated3-rotated2.jpg,outputs/removed_other_bones_quarantine/raw_data__fracture_dataset__test__fractured__7-rotated1-rotated3-rotated2.jpg,"not radius, ulna, or humerus"
./raw_data/fracture_dataset/test/fractured/9-rotated3-rotated2.jpg,outputs/removed_other_bones_quarantine/raw_data__fracture_dataset__test__fractured__9-rotated3-rotated2.jpg,"not radius, ulna, or humerus"
./raw_data/fracture_dataset/test/fractured/96-rotated2-rotated1-rotated3.jpg,outputs/removed_other_bones_quarantine/raw_data__fracture_dataset__test__fractured__96-rotated2-rotated1-rotated3.jpg,"not radius, ulna, or humerus"
./raw_data/fracture_dataset/test/fractured/86-rotated1-rotated1-rotated1.jpg,outputs/removed_other_bones_quarantine/raw_data__fracture_dataset__test__fractured__86-rotated1-rotated1-rotated1.jpg,"not radius, ulna, or humerus"
./raw_data/fracture_dataset/test/fractured/82-rotated1-rotated1-rotated1 - Copy.jpg,outputs/removed_other_bones_quarantine/raw_data__fracture_dataset__test__fractured__82-rotated1-rotated1-rotated1 - Copy.jpg,"not radius, ulna, or humerus"
./raw_data/fracture_dataset/test/fractured/8-rotated2-rotated1-rotated2 - Copy.jpg,outputs/removed_other_bones_quarantine/raw_data__fracture_dataset__test__fractured__8-rotated2-rotated1-rotated2 - Copy.jpg,"not radius, ulna, or humerus"
./raw_data/fracture_dataset/test/fractured/1-rotated2-rotated1-rotated3.jpg,outputs/removed_other_bones_quarantine/raw_data__fracture_dataset__test__fractured__1-rotated2-rotated1-rotated3.jpg,"not radius, ulna, or humerus"
./raw_data/fracture_dataset/test/fractured/95-rotated1-rotated2-rotated2.jpg,outputs/removed_other_bones_quarantine/raw_data__fracture_dataset__test__fractured__95-rotated1-rotated2-rotated2.jpg,"not radius, ulna, or humerus"
./raw_data/fracture_dataset/test/fractured/3.png,outputs/removed_other_bones_quarantine/raw_data__fracture_dataset__test__fractured__3.png,"not radius, ulna, or humerus"
./raw_data/fracture_dataset/test/fractured/86-rotated2-rotated1-rotated3.jpg,outputs/removed_other_bones_quarantine/raw_data__fracture_dataset__test__fractured__86-rotated2-rotated1-rotated3.jpg,"not radius, ulna, or humerus"
./raw_data/fracture_dataset/test/fractured/6-rotated1-rotated1 - Copy.jpg,outputs/removed_other_bones_quarantine/raw_data__fracture_dataset__test__fractured__6-rotated1-rotated1 - Copy.jpg,"not radius, ulna, or humerus"
./raw_data/fracture_dataset/test/fractured/96-rotated1-rotated3-rotated3.jpg,outputs/removed_other_bones_quarantine/raw_data__fracture_dataset__test__fractured__96-rotated1-rotated3-rotated3.jpg,"not radius, ulna, or humerus"
./raw_data/fracture_dataset/test/fractured/95-rotated1-rotated3-rotated3.jpg,outputs/removed_other_bones_quarantine/raw_data__fracture_dataset__test__fractured__95-rotated1-rotated3-rotated3.jpg,"not radius, ulna, or humerus"
./raw_data/fracture_dataset/test/fractured/94-rotated2-rotated3.jpg,outputs/removed_other_bones_quarantine/raw_data__fracture_dataset__test__fractured__94-rotated2-rotated3.jpg,"not radius, ulna, or humerus"
./raw_data/fracture_dataset/test/fractured/86-rotated3-rotated1.jpg,outputs/removed_other_bones_quarantine/raw_data__fracture_dataset__test__fractured__86-rotated3-rotated1.jpg,"not radius, ulna, or humerus"
./raw_data/fracture_dataset/test/fractured/95-rotated3-rotated3-rotated2.jpg,outputs/removed_other_bones_quarantine/raw_data__fracture_dataset__test__fractured__95-rotated3-rotated3-rotated2.jpg,"not radius, ulna, or humerus"
./raw_data/fracture_dataset/test/fractured/9-rotated2-rotated1.jpg,outputs/removed_other_bones_quarantine/raw_data__fracture_dataset__test__fractured__9-rotated2-rotated1.jpg,"not radius, ulna, or humerus"
./raw_data/fracture_dataset/test/fractured/5-rotated2-rotated2.jpg,outputs/removed_other_bones_quarantine/raw_data__fracture_dataset__test__fractured__5-rotated2-rotated2.jpg,"not radius, ulna, or humerus"
./raw_data/fracture_dataset/test/fractured/80-rotated3-rotated2-rotated1 - Copy.jpg,outputs/removed_other_bones_quarantine/raw_data__fracture_dataset__test__fractured__80-rotated3-rotated2-rotated1 - Copy.jpg,"not radius, ulna, or humerus"
./raw_data/fracture_dataset/test/fractured/93-rotated2-rotated1-rotated3.jpg,outputs/removed_other_bones_quarantine/raw_data__fracture_dataset__test__fractured__93-rotated2-rotated1-rotated3.jpg,"not radius, ulna, or humerus"
./raw_data/fracture_dataset/test/fractured/8 - Copy.jpg,outputs/removed_other_bones_quarantine/raw_data__fracture_dataset__test__fractured__8 - Copy.jpg,"not radius, ulna, or humerus"
./raw_data/fracture_dataset/test/fractured/3-rotated3-rotated2-rotated1 - Copy.jpg,outputs/removed_other_bones_quarantine/raw_data__fracture_dataset__test__fractured__3-rotated3-rotated2-rotated1 - Copy.jpg,"not radius, ulna, or humerus"
./raw_data/fracture_dataset/test/fractured/90-rotated3-rotated1.jpg,outputs/removed_other_bones_quarantine/raw_data__fracture_dataset__test__fractured__90-rotated3-rotated1.jpg,"not radius, ulna, or humerus"
./raw_data/fracture_dataset/test/fractured/93-rotated1-rotated1-rotated1.jpg,outputs/removed_other_bones_quarantine/raw_data__fracture_dataset__test__fractured__93-rotated1-rotated1-rotated1.jpg,"not radius, ulna, or humerus"
./raw_data/fracture_dataset/test/fractured/91-rotated2-rotated1-rotated3.jpg,outputs/removed_other_bones_quarantine/raw_data__fracture_dataset__test__fractured__91-rotated2-rotated1-rotated3.jpg,"not radius, ulna, or humerus"
./raw_data/fracture_dataset/test/fractured/4-rotated1-rotated1-rotated2 - Copy.jpg,outputs/removed_other_bones_quarantine/raw_data__fracture_dataset__test__fractured__4-rotated1-rotated1-rotated2 - Copy.jpg,"not radius, ulna, or humerus"
./raw_data/fracture_dataset/test/fractured/85-rotated1-rotated2-rotated2.jpg,outputs/removed_other_bones_quarantine/raw_data__fracture_dataset__test__fractured__85-rotated1-rotated2-rotated2.jpg,"not radius, ulna, or humerus"
./raw_data/fracture_dataset/test/fractured/91-rotated3-rotated3-rotated2.jpg,outputs/removed_other_bones_quarantine/raw_data__fracture_dataset__test__fractured__91-rotated3-rotated3-rotated2.jpg,"not radius, ulna, or humerus"
./raw_data/fracture_dataset/test/fractured/81-rotated3-rotated2 - Copy.jpg,outputs/removed_other_bones_quarantine/raw_data__fracture_dataset__test__fractured__81-rotated3-rotated2 - Copy.jpg,"not radius, ulna, or humerus"
./raw_data/fracture_dataset/test/fractured/87-rotated3-rotated1.jpg,outputs/removed_other_bones_quarantine/raw_data__fracture_dataset__test__fractured__87-rotated3-rotated1.jpg,"not radius, ulna, or humerus"
./raw_data/fracture_dataset/test/fractured/88-rotated1-rotated3-rotated3.jpg,outputs/removed_other_bones_quarantine/raw_data__fracture_dataset__test__fractured__88-rotated1-rotated3-rotated3.jpg,"not radius, ulna, or humerus"
./raw_data/fracture_dataset/test/fractured/87-rotated3-rotated2-rotated1.jpg,outputs/removed_other_bones_quarantine/raw_data__fracture_dataset__test__fractured__87-rotated3-rotated2-rotated1.jpg,"not radius, ulna, or humerus"
./raw_data/fracture_dataset/test/fractured/4-rotated2-rotated3-rotated3 - Copy.jpg,outputs/removed_other_bones_quarantine/raw_data__fracture_dataset__test__fractured__4-rotated2-rotated3-rotated3 - Copy.jpg,"not radius, ulna, or humerus"
./raw_data/fracture_dataset/test/fractured/85-rotated3-rotated3-rotated2.jpg,outputs/removed_other_bones_quarantine/raw_data__fracture_dataset__test__fractured__85-rotated3-rotated3-rotated2.jpg,"not radius, ulna, or humerus"
./raw_data/fracture_dataset/test/fractured/85-rotated1-rotated3-rotated3.jpg,outputs/removed_other_bones_quarantine/raw_data__fracture_dataset__test__fractured__85-rotated1-rotated3-rotated3.jpg,"not radius, ulna, or humerus"
./raw_data/fracture_dataset/test/fractured/86-rotated2-rotated3.jpg,outputs/removed_other_bones_quarantine/raw_data__fracture_dataset__test__fractured__86-rotated2-rotated3.jpg,"not radius, ulna, or humerus"
./raw_data/fracture_dataset/test/fractured/87-rotated1-rotated3-rotated3.jpg,outputs/removed_other_bones_quarantine/raw_data__fracture_dataset__test__fractured__87-rotated1-rotated3-rotated3.jpg,"not radius, ulna, or humerus"
./raw_data/fracture_dataset/test/fractured/96-rotated1-rotated2-rotated2.jpg,outputs/removed_other_bones_quarantine/raw_data__fracture_dataset__test__fractured__96-rotated1-rotated2-rotated2.jpg,"not radius, ulna, or humerus"
./raw_data/fracture_dataset/test/fractured/84-rotated3-rotated3-rotated2.jpg,outputs/removed_other_bones_quarantine/raw_data__fracture_dataset__test__fractured__84-rotated3-rotated3-rotated2.jpg,"not radius, ulna, or humerus"
./raw_data/fracture_dataset/test/fractured/95-rotated3-rotated2-rotated1.jpg,outputs/removed_other_bones_quarantine/raw_data__fracture_dataset__test__fractured__95-rotated3-rotated2-rotated1.jpg,"not radius, ulna, or humerus"
./raw_data/fracture_dataset/test/fractured/9-rotated3 - Copy.jpg,outputs/removed_other_bones_quarantine/raw_data__fracture_dataset__test__fractured__9-rotated3 - Copy.jpg,"not radius, ulna, or humerus"
./raw_data/fracture_dataset/test/fractured/8-rotated1-rotated3-rotated1.jpg,outputs/removed_other_bones_quarantine/raw_data__fracture_dataset__test__fractured__8-rotated1-rotated3-rotated1.jpg,"not radius, ulna, or humerus"
./raw_data/fracture_dataset/test/fractured/4-rotated2-rotated2-rotated1.jpg,outputs/removed_other_bones_quarantine/raw_data__fracture_dataset__test__fractured__4-rotated2-rotated2-rotated1.jpg,"not radius, ulna, or humerus"
./raw_data/fracture_dataset/test/fractured/90-rotated1-rotated3-rotated3.jpg,outputs/removed_other_bones_quarantine/raw_data__fracture_dataset__test__fractured__90-rotated1-rotated3-rotated3.jpg,"not radius, ulna, or humerus"
./raw_data/fracture_dataset/test/fractured/82-rotated2-rotated1-rotated3.jpg,outputs/removed_other_bones_quarantine/raw_data__fracture_dataset__test__fractured__82-rotated2-rotated1-rotated3.jpg,"not radius, ulna, or humerus"
./raw_data/fracture_dataset/test/fractured/85-rotated3-rotated2-rotated1.jpg,outputs/removed_other_bones_quarantine/raw_data__fracture_dataset__test__fractured__85-rotated3-rotated2-rotated1.jpg,"not radius, ulna, or humerus"
./raw_data/fracture_dataset/test/fractured/87-rotated1-rotated2-rotated2.jpg,outputs/removed_other_bones_quarantine/raw_data__fracture_dataset__test__fractured__87-rotated1-rotated2-rotated2.jpg,"not radius, ulna, or humerus"
./raw_data/fracture_dataset/test/fractured/83-rotated3-rotated1.jpg,outputs/removed_other_bones_quarantine/raw_data__fracture_dataset__test__fractured__83-rotated3-rotated1.jpg,"not radius, ulna, or humerus"
./raw_data/fracture_dataset/test/fractured/92-rotated2-rotated1-rotated3.jpg,outputs/removed_other_bones_quarantine/raw_data__fracture_dataset__test__fractured__92-rotated2-rotated1-rotated3.jpg,"not radius, ulna, or humerus"
./raw_data/fracture_dataset/test/fractured/95-rotated3-rotated1.jpg,outputs/removed_other_bones_quarantine/raw_data__fracture_dataset__test__fractured__95-rotated3-rotated1.jpg,"not radius, ulna, or humerus"
./raw_data/fracture_dataset/test/fractured/85-rotated2-rotated3.jpg,outputs/removed_other_bones_quarantine/raw_data__fracture_dataset__test__fractured__85-rotated2-rotated3.jpg,"not radius, ulna, or humerus"
./raw_data/fracture_dataset/test/fractured/86-rotated1-rotated3-rotated3.jpg,outputs/removed_other_bones_quarantine/raw_data__fracture_dataset__test__fractured__86-rotated1-rotated3-rotated3.jpg,"not radius, ulna, or humerus"
./raw_data/fracture_dataset/test/fractured/88-rotated3-rotated3-rotated2.jpg,outputs/removed_other_bones_quarantine/raw_data__fracture_dataset__test__fractured__88-rotated3-rotated3-rotated2.jpg,"not radius, ulna, or humerus"
./raw_data/fracture_dataset/test/fractured/7-rotated3-rotated2-rotated2.jpg,outputs/removed_other_bones_quarantine/raw_data__fracture_dataset__test__fractured__7-rotated3-rotated2-rotated2.jpg,"not radius, ulna, or humerus"
./raw_data/fracture_dataset/test/fractured/7-rotated1-rotated1 - Copy.jpg,outputs/removed_other_bones_quarantine/raw_data__fracture_dataset__test__fractured__7-rotated1-rotated1 - Copy.jpg,"not radius, ulna, or humerus"
./raw_data/fracture_dataset/test/fractured/90-rotated2-rotated1-rotated3.jpg,outputs/removed_other_bones_quarantine/raw_data__fracture_dataset__test__fractured__90-rotated2-rotated1-rotated3.jpg,"not radius, ulna, or humerus"
./raw_data/fracture_dataset/test/fractured/93-rotated3-rotated1.jpg,outputs/removed_other_bones_quarantine/raw_data__fracture_dataset__test__fractured__93-rotated3-rotated1.jpg,"not radius, ulna, or humerus"
./raw_data/fracture_dataset/test/fractured/80-rotated1-rotated1-rotated3.jpg,outputs/removed_other_bones_quarantine/raw_data__fracture_dataset__test__fractured__80-rotated1-rotated1-rotated3.jpg,"not radius, ulna, or humerus"
./raw_data/fracture_dataset/test/fractured/2-rotated3-rotated1.jpg,outputs/removed_other_bones_quarantine/raw_data__fracture_dataset__test__fractured__2-rotated3-rotated1.jpg,"not radius, ulna, or humerus"
./raw_data/fracture_dataset/test/fractured/82-rotated1-rotated2-rotated2.jpg,outputs/removed_other_bones_quarantine/raw_data__fracture_dataset__test__fractured__82-rotated1-rotated2-rotated2.jpg,"not radius, ulna, or humerus"
./raw_data/fracture_dataset/test/fractured/81-rotated1-rotated1-rotated2 - Copy.jpg,outputs/removed_other_bones_quarantine/raw_data__fracture_dataset__test__fractured__81-rotated1-rotated1-rotated2 - Copy.jpg,"not radius, ulna, or humerus"
./raw_data/fracture_dataset/test/fractured/90-rotated1-rotated1-rotated1.jpg,outputs/removed_other_bones_quarantine/raw_data__fracture_dataset__test__fractured__90-rotated1-rotated1-rotated1.jpg,"not radius, ulna, or humerus"
./raw_data/fracture_dataset/test/fractured/91-rotated1-rotated2-rotated2.jpg,outputs/removed_other_bones_quarantine/raw_data__fracture_dataset__test__fractured__91-rotated1-rotated2-rotated2.jpg,"not radius, ulna, or humerus"
./raw_data/fracture_dataset/test/fractured/95-rotated2-rotated3.jpg,outputs/removed_other_bones_quarantine/raw_data__fracture_dataset__test__fractured__95-rotated2-rotated3.jpg,"not radius, ulna, or humerus"
./raw_data/fracture_dataset/test/fractured/85-rotated3-rotated1.jpg,outputs/removed_other_bones_quarantine/raw_data__fracture_dataset__test__fractured__85-rotated3-rotated1.jpg,"not radius, ulna, or humerus"
./raw_data/fracture_dataset/test/fractured/8-rotated3-rotated2-rotated1.jpg,outputs/removed_other_bones_quarantine/raw_data__fracture_dataset__test__fractured__8-rotated3-rotated2-rotated1.jpg,"not radius, ulna, or humerus"
./raw_data/fracture_dataset/test/fractured/5-rotated3-rotated3 - Copy.jpg,outputs/removed_other_bones_quarantine/raw_data__fracture_dataset__test__fractured__5-rotated3-rotated3 - Copy.jpg,"not radius, ulna, or humerus"
./raw_data/fracture_dataset/test/fractured/1-rotated3-rotated1-rotated1.jpg,outputs/removed_other_bones_quarantine/raw_data__fracture_dataset__test__fractured__1-rotated3-rotated1-rotated1.jpg,"not radius, ulna, or humerus"
./raw_data/fracture_dataset/val/not fractured/36-rotated1-rotated2-rotated1.jpg,outputs/removed_other_bones_quarantine/raw_data__fracture_dataset__val__not fractured__36-rotated1-rotated2-rotated1.jpg,"not radius, ulna, or humerus"
./raw_data/fracture_dataset/val/not fractured/22-rotated1-rotated1-rotated3-rotated1.jpg,outputs/removed_other_bones_quarantine/raw_data__fracture_dataset__val__not fractured__22-rotated1-rotated1-rotated3-rotated1.jpg,"not radius, ulna, or humerus"
./raw_data/fracture_dataset/val/not fractured/39-rotated2-rotated1-rotated2.jpg,outputs/removed_other_bones_quarantine/raw_data__fracture_dataset__val__not fractured__39-rotated2-rotated1-rotated2.jpg,"not radius, ulna, or humerus"
./raw_data/fracture_dataset/val/not fractured/9-rotated2-rotated3-rotated2.jpg,outputs/removed_other_bones_quarantine/raw_data__fracture_dataset__val__not fractured__9-rotated2-rotated3-rotated2.jpg,"not radius, ulna, or humerus"
./raw_data/fracture_dataset/val/not fractured/24-rotated3-rotated3-rotated3.jpg,outputs/removed_other_bones_quarantine/raw_data__fracture_dataset__val__not fractured__24-rotated3-rotated3-rotated3.jpg,"not radius, ulna, or humerus"
./raw_data/fracture_dataset/val/not fractured/34-rotated3-rotated3-rotated3-rotated1.jpg,outputs/removed_other_bones_quarantine/raw_data__fracture_dataset__val__not fractured__34-rotated3-rotated3-rotated3-rotated1.jpg,"not radius, ulna, or humerus"
./raw_data/fracture_dataset/val/not fractured/35-rotated3-rotated1-rotated2-rotated1.jpg,outputs/removed_other_bones_quarantine/raw_data__fracture_dataset__val__not fractured__35-rotated3-rotated1-rotated2-rotated1.jpg,"not radius, ulna, or humerus"
./raw_data/fracture_dataset/val/not fractured/37-rotated1-rotated3-rotated1.jpg,outputs/removed_other_bones_quarantine/raw_data__fracture_dataset__val__not fractured__37-rotated1-rotated3-rotated1.jpg,"not radius, ulna, or humerus"
./raw_data/fracture_dataset/val/not fractured/2-rotated3-rotated3-rotated3-rotated1.jpg,outputs/removed_other_bones_quarantine/raw_data__fracture_dataset__val__not fractured__2-rotated3-rotated3-rotated3-rotated1.jpg,"not radius, ulna, or humerus"
./raw_data/fracture_dataset/val/not fractured/15-rotated3-rotated1-rotated3.jpg,outputs/removed_other_bones_quarantine/raw_data__fracture_dataset__val__not fractured__15-rotated3-rotated1-rotated3.jpg,"not radius, ulna, or humerus"
./raw_data/fracture_dataset/val/not fractured/14-rotated2-rotated3.jpg,outputs/removed_other_bones_quarantine/raw_data__fracture_dataset__val__not fractured__14-rotated2-rotated3.jpg,"not radius, ulna, or humerus"
./raw_data/fracture_dataset/val/not fractured/6-rotated1-rotated3-rotated1-rotated1.jpg,outputs/removed_other_bones_quarantine/raw_data__fracture_dataset__val__not fractured__6-rotated1-rotated3-rotated1-rotated1.jpg,"not radius, ulna, or humerus"
./raw_data/fracture_dataset/val/not fractured/29-rotated1-rotated1-rotated1-rotated1.jpg,outputs/removed_other_bones_quarantine/raw_data__fracture_dataset__val__not fractured__29-rotated1-rotated1-rotated1-rotated1.jpg,"not radius, ulna, or humerus"
./raw_data/fracture_dataset/val/not fractured/19-rotated2-rotated1-rotated3.jpg,outputs/removed_other_bones_quarantine/raw_data__fracture_dataset__val__not fractured__19-rotated2-rotated1-rotated3.jpg,"not radius, ulna, or humerus"
./raw_data/fracture_dataset/val/not fractured/22-rotated2-rotated1-rotated2-rotated1.jpg,outputs/removed_other_bones_quarantine/raw_data__fracture_dataset__val__not fractured__22-rotated2-rotated1-rotated2-rotated1.jpg,"not radius, ulna, or humerus"
./raw_data/fracture_dataset/val/not fractured/18.jpg,outputs/removed_other_bones_quarantine/raw_data__fracture_dataset__val__not fractured__18.jpg,"not radius, ulna, or humerus"
./raw_data/fracture_dataset/val/not fractured/27-rotated1-rotated2-rotated3.jpg,outputs/removed_other_bones_quarantine/raw_data__fracture_dataset__val__not fractured__27-rotated1-rotated2-rotated3.jpg,"not radius, ulna, or humerus"
./raw_data/fracture_dataset/val/not fractured/1-rotated2-rotated3-rotated3.jpg,outputs/removed_other_bones_quarantine/raw_data__fracture_dataset__val__not fractured__1-rotated2-rotated3-rotated3.jpg,"not radius, ulna, or humerus"
./raw_data/fracture_dataset/val/not fractured/27-rotated3-rotated3-rotated3-rotated1.jpg,outputs/removed_other_bones_quarantine/raw_data__fracture_dataset__val__not fractured__27-rotated3-rotated3-rotated3-rotated1.jpg,"not radius, ulna, or humerus"
./raw_data/fracture_dataset/val/not fractured/34-rotated1-rotated3-rotated2.jpg,outputs/removed_other_bones_quarantine/raw_data__fracture_dataset__val__not fractured__34-rotated1-rotated3-rotated2.jpg,"not radius, ulna, or humerus"
./raw_data/fracture_dataset/val/not fractured/26-rotated2-rotated1-rotated3-rotated1.jpg,outputs/removed_other_bones_quarantine/raw_data__fracture_dataset__val__not fractured__26-rotated2-rotated1-rotated3-rotated1.jpg,"not radius, ulna, or humerus"
./raw_data/fracture_dataset/val/not fractured/4-rotated1-rotated2-rotated2.jpg,outputs/removed_other_bones_quarantine/raw_data__fracture_dataset__val__not fractured__4-rotated1-rotated2-rotated2.jpg,"not radius, ulna, or humerus"
./raw_data/fracture_dataset/val/not fractured/4-rotated2.jpg,outputs/removed_other_bones_quarantine/raw_data__fracture_dataset__val__not fractured__4-rotated2.jpg,"not radius, ulna, or humerus"
./raw_data/fracture_dataset/val/not fractured/27-rotated3-rotated3-rotated2.jpg,outputs/removed_other_bones_quarantine/raw_data__fracture_dataset__val__not fractured__27-rotated3-rotated3-rotated2.jpg,"not radius, ulna, or humerus"
./raw_data/fracture_dataset/val/not fractured/29-rotated2-rotated2-rotated1.jpg,outputs/removed_other_bones_quarantine/raw_data__fracture_dataset__val__not fractured__29-rotated2-rotated2-rotated1.jpg,"not radius, ulna, or humerus"
./raw_data/fracture_dataset/val/not fractured/32-rotated3-rotated1-rotated3-rotated1.jpg,outputs/removed_other_bones_quarantine/raw_data__fracture_dataset__val__not fractured__32-rotated3-rotated1-rotated3-rotated1.jpg,"not radius, ulna, or humerus"
./raw_data/fracture_dataset/val/not fractured/20-rotated1-rotated2-rotated2.jpg,outputs/removed_other_bones_quarantine/raw_data__fracture_dataset__val__not fractured__20-rotated1-rotated2-rotated2.jpg,"not radius, ulna, or humerus"
./raw_data/fracture_dataset/val/not fractured/34-rotated2-rotated3-rotated3.jpg,outputs/removed_other_bones_quarantine/raw_data__fracture_dataset__val__not fractured__34-rotated2-rotated3-rotated3.jpg,"not radius, ulna, or humerus"
./raw_data/fracture_dataset/val/not fractured/3-rotated2-rotated1-rotated3-rotated1.jpg,outputs/removed_other_bones_quarantine/raw_data__fracture_dataset__val__not fractured__3-rotated2-rotated1-rotated3-rotated1.jpg,"not radius, ulna, or humerus"
./raw_data/fracture_dataset/val/not fractured/2-rotated2-rotated1-rotated1-rotated1.jpg,outputs/removed_other_bones_quarantine/raw_data__fracture_dataset__val__not fractured__2-rotated2-rotated1-rotated1-rotated1.jpg,"not radius, ulna, or humerus"
./raw_data/fracture_dataset/val/not fractured/23-rotated1-rotated2.jpg,outputs/removed_other_bones_quarantine/raw_data__fracture_dataset__val__not fractured__23-rotated1-rotated2.jpg,"not radius, ulna, or humerus"
./raw_data/fracture_dataset/val/not fractured/4-rotated1-rotated1.jpg,outputs/removed_other_bones_quarantine/raw_data__fracture_dataset__val__not fractured__4-rotated1-rotated1.jpg,"not radius, ulna, or humerus"
./raw_data/fracture_dataset/val/not fractured/2-rotated1-rotated1-rotated3.jpg,outputs/removed_other_bones_quarantine/raw_data__fracture_dataset__val__not fractured__2-rotated1-rotated1-rotated3.jpg,"not radius, ulna, or humerus"
./raw_data/fracture_dataset/val/not fractured/33-rotated2-rotated2-rotated2-rotated1.jpg,outputs/removed_other_bones_quarantine/raw_data__fracture_dataset__val__not fractured__33-rotated2-rotated2-rotated2-rotated1.jpg,"not radius, ulna, or humerus"
./raw_data/fracture_dataset/val/not fractured/29-rotated2-rotated1-rotated3.jpg,outputs/removed_other_bones_quarantine/raw_data__fracture_dataset__val__not fractured__29-rotated2-rotated1-rotated3.jpg,"not radius, ulna, or humerus"
./raw_data/fracture_dataset/val/not fractured/17-rotated1-rotated2-rotated2-rotated1.jpg,outputs/removed_other_bones_quarantine/raw_data__fracture_dataset__val__not fractured__17-rotated1-rotated2-rotated2-rotated1.jpg,"not radius, ulna, or humerus"
./raw_data/fracture_dataset/val/not fractured/3-rotated3-rotated2-rotated3-rotated1.jpg,outputs/removed_other_bones_quarantine/raw_data__fracture_dataset__val__not fractured__3-rotated3-rotated2-rotated3-rotated1.jpg,"not radius, ulna, or humerus"
./raw_data/fracture_dataset/val/not fractured/28-rotated2-rotated1-rotated1.jpg,outputs/removed_other_bones_quarantine/raw_data__fracture_dataset__val__not fractured__28-rotated2-rotated1-rotated1.jpg,"not radius, ulna, or humerus"
./raw_data/fracture_dataset/val/not fractured/8-rotated1-rotated1-rotated3.jpg,outputs/removed_other_bones_quarantine/raw_data__fracture_dataset__val__not fractured__8-rotated1-rotated1-rotated3.jpg,"not radius, ulna, or humerus"
./raw_data/fracture_dataset/val/not fractured/12-rotated2-rotated1-rotated3-rotated1.jpg,outputs/removed_other_bones_quarantine/raw_data__fracture_dataset__val__not fractured__12-rotated2-rotated1-rotated3-rotated1.jpg,"not radius, ulna, or humerus"
./raw_data/fracture_dataset/val/not fractured/29-rotated3-rotated2-rotated2-rotated1.jpg,outputs/removed_other_bones_quarantine/raw_data__fracture_dataset__val__not fractured__29-rotated3-rotated2-rotated2-rotated1.jpg,"not radius, ulna, or humerus"
./raw_data/fracture_dataset/val/not fractured/32-rotated3-rotated2.jpg,outputs/removed_other_bones_quarantine/raw_data__fracture_dataset__val__not fractured__32-rotated3-rotated2.jpg,"not radius, ulna, or humerus"
./raw_data/fracture_dataset/val/not fractured/31-rotated2.jpg,outputs/removed_other_bones_quarantine/raw_data__fracture_dataset__val__not fractured__31-rotated2.jpg,"not radius, ulna, or humerus"
./raw_data/fracture_dataset/val/not fractured/5-rotated1-rotated2.jpg,outputs/removed_other_bones_quarantine/raw_data__fracture_dataset__val__not fractured__5-rotated1-rotated2.jpg,"not radius, ulna, or humerus"
./raw_data/fracture_dataset/val/not fractured/27-rotated1-rotated2-rotated3-rotated1.jpg,outputs/removed_other_bones_quarantine/raw_data__fracture_dataset__val__not fractured__27-rotated1-rotated2-rotated3-rotated1.jpg,"not radius, ulna, or humerus"
./raw_data/fracture_dataset/val/not fractured/30-rotated3-rotated3-rotated1.jpg,outputs/removed_other_bones_quarantine/raw_data__fracture_dataset__val__not fractured__30-rotated3-rotated3-rotated1.jpg,"not radius, ulna, or humerus"
./raw_data/fracture_dataset/val/not fractured/31-rotated1-rotated3-rotated2-rotated1.jpg,outputs/removed_other_bones_quarantine/raw_data__fracture_dataset__val__not fractured__31-rotated1-rotated3-rotated2-rotated1.jpg,"not radius, ulna, or humerus"
./raw_data/fracture_dataset/val/not fractured/14-rotated1-rotated3-rotated2.jpg,outputs/removed_other_bones_quarantine/raw_data__fracture_dataset__val__not fractured__14-rotated1-rotated3-rotated2.jpg,"not radius, ulna, or humerus"
./raw_data/fracture_dataset/val/not fractured/24-rotated1-rotated3.jpg,outputs/removed_other_bones_quarantine/raw_data__fracture_dataset__val__not fractured__24-rotated1-rotated3.jpg,"not radius, ulna, or humerus"
./raw_data/fracture_dataset/val/not fractured/35-rotated2-rotated1-rotated2-rotated1.jpg,outputs/removed_other_bones_quarantine/raw_data__fracture_dataset__val__not fractured__35-rotated2-rotated1-rotated2-rotated1.jpg,"not radius, ulna, or humerus"
./raw_data/fracture_dataset/val/not fractured/26-rotated2-rotated2-rotated2.jpg,outputs/removed_other_bones_quarantine/raw_data__fracture_dataset__val__not fractured__26-rotated2-rotated2-rotated2.jpg,"not radius, ulna, or humerus"
./raw_data/fracture_dataset/val/not fractured/30-rotated2-rotated2-rotated3.jpg,outputs/removed_other_bones_quarantine/raw_data__fracture_dataset__val__not fractured__30-rotated2-rotated2-rotated3.jpg,"not radius, ulna, or humerus"
./raw_data/fracture_dataset/val/not fractured/15-rotated3-rotated1-rotated1.jpg,outputs/removed_other_bones_quarantine/raw_data__fracture_dataset__val__not fractured__15-rotated3-rotated1-rotated1.jpg,"not radius, ulna, or humerus"
./raw_data/fracture_dataset/val/not fractured/32-rotated1-rotated1.jpg,outputs/removed_other_bones_quarantine/raw_data__fracture_dataset__val__not fractured__32-rotated1-rotated1.jpg,"not radius, ulna, or humerus"
./raw_data/fracture_dataset/val/not fractured/40-rotated1-rotated2-rotated3-rotated1.jpg,outputs/removed_other_bones_quarantine/raw_data__fracture_dataset__val__not fractured__40-rotated1-rotated2-rotated3-rotated1.jpg,"not radius, ulna, or humerus"
./raw_data/fracture_dataset/val/not fractured/7-rotated1-rotated3-rotated3.jpg,outputs/removed_other_bones_quarantine/raw_data__fracture_dataset__val__not fractured__7-rotated1-rotated3-rotated3.jpg,"not radius, ulna, or humerus"
./raw_data/fracture_dataset/val/not fractured/3-rotated2-rotated3-rotated1.jpg,outputs/removed_other_bones_quarantine/raw_data__fracture_dataset__val__not fractured__3-rotated2-rotated3-rotated1.jpg,"not radius, ulna, or humerus"
./raw_data/fracture_dataset/val/not fractured/22-rotated2-rotated1-rotated2.jpg,outputs/removed_other_bones_quarantine/raw_data__fracture_dataset__val__not fractured__22-rotated2-rotated1-rotated2.jpg,"not radius, ulna, or humerus"
./raw_data/fracture_dataset/val/not fractured/1-rotated1-rotated1-rotated1-rotated1.jpg,outputs/removed_other_bones_quarantine/raw_data__fracture_dataset__val__not fractured__1-rotated1-rotated1-rotated1-rotated1.jpg,"not radius, ulna, or humerus"
./raw_data/fracture_dataset/val/not fractured/24-rotated2-rotated3-rotated2-rotated1.jpg,outputs/removed_other_bones_quarantine/raw_data__fracture_dataset__val__not fractured__24-rotated2-rotated3-rotated2-rotated1.jpg,"not radius, ulna, or humerus"
./raw_data/fracture_dataset/val/not fractured/15-rotated1-rotated1-rotated2.jpg,outputs/removed_other_bones_quarantine/raw_data__fracture_dataset__val__not fractured__15-rotated1-rotated1-rotated2.jpg,"not radius, ulna, or humerus"
./raw_data/fracture_dataset/val/not fractured/2-rotated3-rotated2-rotated2-rotated1.jpg,outputs/removed_other_bones_quarantine/raw_data__fracture_dataset__val__not fractured__2-rotated3-rotated2-rotated2-rotated1.jpg,"not radius, ulna, or humerus"
./raw_data/fracture_dataset/val/not fractured/5-rotated3-rotated2-rotated3.jpg,outputs/removed_other_bones_quarantine/raw_data__fracture_dataset__val__not fractured__5-rotated3-rotated2-rotated3.jpg,"not radius, ulna, or humerus"
./raw_data/fracture_dataset/val/not fractured/17-rotated2-rotated3-rotated3-rotated1.jpg,outputs/removed_other_bones_quarantine/raw_data__fracture_dataset__val__not fractured__17-rotated2-rotated3-rotated3-rotated1.jpg,"not radius, ulna, or humerus"
./raw_data/fracture_dataset/val/not fractured/16-rotated1-rotated2-rotated2.jpg,outputs/removed_other_bones_quarantine/raw_data__fracture_dataset__val__not fractured__16-rotated1-rotated2-rotated2.jpg,"not radius, ulna, or humerus"
./raw_data/fracture_dataset/val/not fractured/13-rotated2-rotated2-rotated3.jpg,outputs/removed_other_bones_quarantine/raw_data__fracture_dataset__val__not fractured__13-rotated2-rotated2-rotated3.jpg,"not radius, ulna, or humerus"
./raw_data/fracture_dataset/val/not fractured/24-rotated2-rotated3-rotated3.jpg,outputs/removed_other_bones_quarantine/raw_data__fracture_dataset__val__not fractured__24-rotated2-rotated3-rotated3.jpg,"not radius, ulna, or humerus"
./raw_data/fracture_dataset/val/not fractured/38-rotated2-rotated1-rotated1-rotated1.jpg,outputs/removed_other_bones_quarantine/raw_data__fracture_dataset__val__not fractured__38-rotated2-rotated1-rotated1-rotated1.jpg,"not radius, ulna, or humerus"
./raw_data/fracture_dataset/val/not fractured/7-rotated2-rotated1-rotated1.jpg,outputs/removed_other_bones_quarantine/raw_data__fracture_dataset__val__not fractured__7-rotated2-rotated1-rotated1.jpg,"not radius, ulna, or humerus"
./raw_data/fracture_dataset/val/not fractured/15-rotated1-rotated1.jpg,outputs/removed_other_bones_quarantine/raw_data__fracture_dataset__val__not fractured__15-rotated1-rotated1.jpg,"not radius, ulna, or humerus"
./raw_data/fracture_dataset/val/not fractured/28-rotated2-rotated1.jpg,outputs/removed_other_bones_quarantine/raw_data__fracture_dataset__val__not fractured__28-rotated2-rotated1.jpg,"not radius, ulna, or humerus"
./raw_data/fracture_dataset/val/not fractured/12-rotated1-rotated1-rotated1.jpg,outputs/removed_other_bones_quarantine/raw_data__fracture_dataset__val__not fractured__12-rotated1-rotated1-rotated1.jpg,"not radius, ulna, or humerus"
./raw_data/fracture_dataset/val/not fractured/19-rotated1-rotated1.jpg,outputs/removed_other_bones_quarantine/raw_data__fracture_dataset__val__not fractured__19-rotated1-rotated1.jpg,"not radius, ulna, or humerus"
./raw_data/fracture_dataset/val/not fractured/29-rotated1-rotated1-rotated1.jpg,outputs/removed_other_bones_quarantine/raw_data__fracture_dataset__val__not fractured__29-rotated1-rotated1-rotated1.jpg,"not radius, ulna, or humerus"
./raw_data/fracture_dataset/val/not fractured/35-rotated1.jpg,outputs/removed_other_bones_quarantine/raw_data__fracture_dataset__val__not fractured__35-rotated1.jpg,"not radius, ulna, or humerus"
./raw_data/fracture_dataset/val/not fractured/2-rotated2-rotated2-rotated3.jpg,outputs/removed_other_bones_quarantine/raw_data__fracture_dataset__val__not fractured__2-rotated2-rotated2-rotated3.jpg,"not radius, ulna, or humerus"
./raw_data/fracture_dataset/val/not fractured/16-rotated3-rotated3-rotated1.jpg,outputs/removed_other_bones_quarantine/raw_data__fracture_dataset__val__not fractured__16-rotated3-rotated3-rotated1.jpg,"not radius, ulna, or humerus"
./raw_data/fracture_dataset/val/not fractured/28-rotated3-rotated1-rotated1.jpg,outputs/removed_other_bones_quarantine/raw_data__fracture_dataset__val__not fractured__28-rotated3-rotated1-rotated1.jpg,"not radius, ulna, or humerus"
./raw_data/fracture_dataset/val/not fractured/13-rotated1-rotated2-rotated3.jpg,outputs/removed_other_bones_quarantine/raw_data__fracture_dataset__val__not fractured__13-rotated1-rotated2-rotated3.jpg,"not radius, ulna, or humerus"
./raw_data/fracture_dataset/val/not fractured/18-rotated3-rotated1.jpg,outputs/removed_other_bones_quarantine/raw_data__fracture_dataset__val__not fractured__18-rotated3-rotated1.jpg,"not radius, ulna, or humerus"
./raw_data/fracture_dataset/val/not fractured/36-rotated1-rotated2.jpg,outputs/removed_other_bones_quarantine/raw_data__fracture_dataset__val__not fractured__36-rotated1-rotated2.jpg,"not radius, ulna, or humerus"
./raw_data/fracture_dataset/val/not fractured/33-rotated3-rotated2-rotated3-rotated1.jpg,outputs/removed_other_bones_quarantine/raw_data__fracture_dataset__val__not fractured__33-rotated3-rotated2-rotated3-rotated1.jpg,"not radius, ulna, or humerus"
./raw_data/fracture_dataset/val/not fractured/4-rotated2-rotated2-rotated1-rotated1.jpg,outputs/removed_other_bones_quarantine/raw_data__fracture_dataset__val__not fractured__4-rotated2-rotated2-rotated1-rotated1.jpg,"not radius, ulna, or humerus"
./raw_data/fracture_dataset/val/not fractured/37-rotated2-rotated3-rotated2-rotated1.jpg,outputs/removed_other_bones_quarantine/raw_data__fracture_dataset__val__not fractured__37-rotated2-rotated3-rotated2-rotated1.jpg,"not radius, ulna, or humerus"
./raw_data/fracture_dataset/val/not fractured/21-rotated1-rotated3-rotated2.jpg,outputs/removed_other_bones_quarantine/raw_data__fracture_dataset__val__not fractured__21-rotated1-rotated3-rotated2.jpg,"not radius, ulna, or humerus"
./raw_data/fracture_dataset/val/not fractured/13-rotated1-rotated1-rotated2.jpg,outputs/removed_other_bones_quarantine/raw_data__fracture_dataset__val__not fractured__13-rotated1-rotated1-rotated2.jpg,"not radius, ulna, or humerus"
./raw_data/fracture_dataset/val/not fractured/23-rotated2-rotated2-rotated1.jpg,outputs/removed_other_bones_quarantine/raw_data__fracture_dataset__val__not fractured__23-rotated2-rotated2-rotated1.jpg,"not radius, ulna, or humerus"
./raw_data/fracture_dataset/val/not fractured/25-rotated2-rotated1-rotated2.jpg,outputs/removed_other_bones_quarantine/raw_data__fracture_dataset__val__not fractured__25-rotated2-rotated1-rotated2.jpg,"not radius, ulna, or humerus"
./raw_data/fracture_dataset/val/not fractured/14-rotated1-rotated3-rotated1-rotated1.jpg,outputs/removed_other_bones_quarantine/raw_data__fracture_dataset__val__not fractured__14-rotated1-rotated3-rotated1-rotated1.jpg,"not radius, ulna, or humerus"
./raw_data/fracture_dataset/val/not fractured/27-rotated2-rotated3.jpg,outputs/removed_other_bones_quarantine/raw_data__fracture_dataset__val__not fractured__27-rotated2-rotated3.jpg,"not radius, ulna, or humerus"
./raw_data/fracture_dataset/val/not fractured/39-rotated1-rotated1-rotated3.jpg,outputs/removed_other_bones_quarantine/raw_data__fracture_dataset__val__not fractured__39-rotated1-rotated1-rotated3.jpg,"not radius, ulna, or humerus"
./raw_data/fracture_dataset/val/not fractured/1-rotated2-rotated2-rotated1-rotated1.jpg,outputs/removed_other_bones_quarantine/raw_data__fracture_dataset__val__not fractured__1-rotated2-rotated2-rotated1-rotated1.jpg,"not radius, ulna, or humerus"
./raw_data/fracture_dataset/val/not fractured/4-rotated3-rotated1-rotated3.jpg,outputs/removed_other_bones_quarantine/raw_data__fracture_dataset__val__not fractured__4-rotated3-rotated1-rotated3.jpg,"not radius, ulna, or humerus"
./raw_data/fracture_dataset/val/not fractured/21-rotated2-rotated3-rotated3.jpg,outputs/removed_other_bones_quarantine/raw_data__fracture_dataset__val__not fractured__21-rotated2-rotated3-rotated3.jpg,"not radius, ulna, or humerus"
./raw_data/fracture_dataset/val/not fractured/17-rotated1-rotated3-rotated1.jpg,outputs/removed_other_bones_quarantine/raw_data__fracture_dataset__val__not fractured__17-rotated1-rotated3-rotated1.jpg,"not radius, ulna, or humerus"
./raw_data/fracture_dataset/val/not fractured/6-rotated2-rotated3-rotated2-rotated1.jpg,outputs/removed_other_bones_quarantine/raw_data__fracture_dataset__val__not fractured__6-rotated2-rotated3-rotated2-rotated1.jpg,"not radius, ulna, or humerus"
./raw_data/fracture_dataset/val/not fractured/34-rotated1-rotated3-rotated1-rotated1.jpg,outputs/removed_other_bones_quarantine/raw_data__fracture_dataset__val__not fractured__34-rotated1-rotated3-rotated1-rotated1.jpg,"not radius, ulna, or humerus"
./raw_data/fracture_dataset/val/not fractured/3-rotated1-rotated3-rotated2.jpg,outputs/removed_other_bones_quarantine/raw_data__fracture_dataset__val__not fractured__3-rotated1-rotated3-rotated2.jpg,"not radius, ulna, or humerus"
./raw_data/fracture_dataset/val/not fractured/39-rotated1-rotated1-rotated3-rotated1.jpg,outputs/removed_other_bones_quarantine/raw_data__fracture_dataset__val__not fractured__39-rotated1-rotated1-rotated3-rotated1.jpg,"not radius, ulna, or humerus"
./raw_data/fracture_dataset/val/not fractured/18-rotated1-rotated3-rotated2-rotated1.jpg,outputs/removed_other_bones_quarantine/raw_data__fracture_dataset__val__not fractured__18-rotated1-rotated3-rotated2-rotated1.jpg,"not radius, ulna, or humerus"
./raw_data/fracture_dataset/val/not fractured/1-rotated1-rotated2-rotated3.jpg,outputs/removed_other_bones_quarantine/raw_data__fracture_dataset__val__not fractured__1-rotated1-rotated2-rotated3.jpg,"not radius, ulna, or humerus"
./raw_data/fracture_dataset/val/not fractured/14-rotated3-rotated1.jpg,outputs/removed_other_bones_quarantine/raw_data__fracture_dataset__val__not fractured__14-rotated3-rotated1.jpg,"not radius, ulna, or humerus"
./raw_data/fracture_dataset/val/not fractured/31-rotated3-rotated1.jpg,outputs/removed_other_bones_quarantine/raw_data__fracture_dataset__val__not fractured__31-rotated3-rotated1.jpg,"not radius, ulna, or humerus"
./raw_data/fracture_dataset/val/not fractured/40-rotated1-rotated2-rotated3.jpg,outputs/removed_other_bones_quarantine/raw_data__fracture_dataset__val__not fractured__40-rotated1-rotated2-rotated3.jpg,"not radius, ulna, or humerus"
./raw_data/fracture_dataset/val/not fractured/4-rotated1-rotated2-rotated2-rotated1.jpg,outputs/removed_other_bones_quarantine/raw_data__fracture_dataset__val__not fractured__4-rotated1-rotated2-rotated2-rotated1.jpg,"not radius, ulna, or humerus"
./raw_data/fracture_dataset/val/not fractured/9-rotated3-rotated3-rotated2-rotated1.jpg,outputs/removed_other_bones_quarantine/raw_data__fracture_dataset__val__not fractured__9-rotated3-rotated3-rotated2-rotated1.jpg,"not radius, ulna, or humerus"
./raw_data/fracture_dataset/val/not fractured/21-rotated1-rotated3-rotated1-rotated1.jpg,outputs/removed_other_bones_quarantine/raw_data__fracture_dataset__val__not fractured__21-rotated1-rotated3-rotated1-rotated1.jpg,"not radius, ulna, or humerus"
./raw_data/fracture_dataset/val/not fractured/5-rotated1-rotated2-rotated1.jpg,outputs/removed_other_bones_quarantine/raw_data__fracture_dataset__val__not fractured__5-rotated1-rotated2-rotated1.jpg,"not radius, ulna, or humerus"
./raw_data/fracture_dataset/val/not fractured/36-rotated3-rotated3-rotated1.jpg,outputs/removed_other_bones_quarantine/raw_data__fracture_dataset__val__not fractured__36-rotated3-rotated3-rotated1.jpg,"not radius, ulna, or humerus"
./raw_data/fracture_dataset/val/not fractured/36-rotated3-rotated1-rotated3-rotated1.jpg,outputs/removed_other_bones_quarantine/raw_data__fracture_dataset__val__not fractured__36-rotated3-rotated1-rotated3-rotated1.jpg,"not radius, ulna, or humerus"
./raw_data/fracture_dataset/val/not fractured/28-rotated3-rotated1-rotated1-rotated1.jpg,outputs/removed_other_bones_quarantine/raw_data__fracture_dataset__val__not fractured__28-rotated3-rotated1-rotated1-rotated1.jpg,"not radius, ulna, or humerus"
./raw_data/fracture_dataset/val/not fractured/3-rotated3-rotated1-rotated2.jpg,outputs/removed_other_bones_quarantine/raw_data__fracture_dataset__val__not fractured__3-rotated3-rotated1-rotated2.jpg,"not radius, ulna, or humerus"
./raw_data/fracture_dataset/val/not fractured/26-rotated1-rotated1-rotated3-rotated1.jpg,outputs/removed_other_bones_quarantine/raw_data__fracture_dataset__val__not fractured__26-rotated1-rotated1-rotated3-rotated1.jpg,"not radius, ulna, or humerus"
./raw_data/fracture_dataset/val/not fractured/37-rotated3-rotated3-rotated3-rotated1.jpg,outputs/removed_other_bones_quarantine/raw_data__fracture_dataset__val__not fractured__37-rotated3-rotated3-rotated3-rotated1.jpg,"not radius, ulna, or humerus"
./raw_data/fracture_dataset/val/not fractured/19-rotated1-rotated2-rotated1.jpg,outputs/removed_other_bones_quarantine/raw_data__fracture_dataset__val__not fractured__19-rotated1-rotated2-rotated1.jpg,"not radius, ulna, or humerus"
./raw_data/fracture_dataset/val/not fractured/24-rotated1-rotated3-rotated1.jpg,outputs/removed_other_bones_quarantine/raw_data__fracture_dataset__val__not fractured__24-rotated1-rotated3-rotated1.jpg,"not radius, ulna, or humerus"
./raw_data/fracture_dataset/val/not fractured/3-rotated3-rotated3.jpg,outputs/removed_other_bones_quarantine/raw_data__fracture_dataset__val__not fractured__3-rotated3-rotated3.jpg,"not radius, ulna, or humerus"
./raw_data/fracture_dataset/val/not fractured/37-rotated3-rotated3-rotated3.jpg,outputs/removed_other_bones_quarantine/raw_data__fracture_dataset__val__not fractured__37-rotated3-rotated3-rotated3.jpg,"not radius, ulna, or humerus"
./raw_data/fracture_dataset/val/not fractured/26-rotated3-rotated2-rotated3.jpg,outputs/removed_other_bones_quarantine/raw_data__fracture_dataset__val__not fractured__26-rotated3-rotated2-rotated3.jpg,"not radius, ulna, or humerus"
./raw_data/fracture_dataset/val/not fractured/25-rotated3-rotated1-rotated2-rotated1.jpg,outputs/removed_other_bones_quarantine/raw_data__fracture_dataset__val__not fractured__25-rotated3-rotated1-rotated2-rotated1.jpg,"not radius, ulna, or humerus"
./raw_data/fracture_dataset/val/not fractured/23-rotated2-rotated3-rotated2.jpg,outputs/removed_other_bones_quarantine/raw_data__fracture_dataset__val__not fractured__23-rotated2-rotated3-rotated2.jpg,"not radius, ulna, or humerus"
./raw_data/fracture_dataset/val/not fractured/8-rotated2-rotated2-rotated1.jpg,outputs/removed_other_bones_quarantine/raw_data__fracture_dataset__val__not fractured__8-rotated2-rotated2-rotated1.jpg,"not radius, ulna, or humerus"
./raw_data/fracture_dataset/val/not fractured/25-rotated2-rotated1-rotated1.jpg,outputs/removed_other_bones_quarantine/raw_data__fracture_dataset__val__not fractured__25-rotated2-rotated1-rotated1.jpg,"not radius, ulna, or humerus"
./raw_data/fracture_dataset/val/not fractured/9-rotated1-rotated3.jpg,outputs/removed_other_bones_quarantine/raw_data__fracture_dataset__val__not fractured__9-rotated1-rotated3.jpg,"not radius, ulna, or humerus"
./raw_data/fracture_dataset/val/not fractured/19-rotated2-rotated2-rotated1-rotated1.jpg,outputs/removed_other_bones_quarantine/raw_data__fracture_dataset__val__not fractured__19-rotated2-rotated2-rotated1-rotated1.jpg,"not radius, ulna, or humerus"
./raw_data/fracture_dataset/val/not fractured/16-rotated2-rotated2-rotated2-rotated1.jpg,outputs/removed_other_bones_quarantine/raw_data__fracture_dataset__val__not fractured__16-rotated2-rotated2-rotated2-rotated1.jpg,"not radius, ulna, or humerus"
./raw_data/fracture_dataset/val/not fractured/22-rotated3-rotated1-rotated3-rotated1.jpg,outputs/removed_other_bones_quarantine/raw_data__fracture_dataset__val__not fractured__22-rotated3-rotated1-rotated3-rotated1.jpg,"not radius, ulna, or humerus"
./raw_data/fracture_dataset/val/not fractured/38-rotated3-rotated1-rotated2-rotated1.jpg,outputs/removed_other_bones_quarantine/raw_data__fracture_dataset__val__not fractured__38-rotated3-rotated1-rotated2-rotated1.jpg,"not radius, ulna, or humerus"
./raw_data/fracture_dataset/val/not fractured/10-rotated3-rotated1-rotated1-rotated1.jpg,outputs/removed_other_bones_quarantine/raw_data__fracture_dataset__val__not fractured__10-rotated3-rotated1-rotated1-rotated1.jpg,"not radius, ulna, or humerus"
./raw_data/fracture_dataset/val/not fractured/36-rotated2-rotated2-rotated1.jpg,outputs/removed_other_bones_quarantine/raw_data__fracture_dataset__val__not fractured__36-rotated2-rotated2-rotated1.jpg,"not radius, ulna, or humerus"
./raw_data/fracture_dataset/val/not fractured/30-rotated1-rotated2-rotated3.jpg,outputs/removed_other_bones_quarantine/raw_data__fracture_dataset__val__not fractured__30-rotated1-rotated2-rotated3.jpg,"not radius, ulna, or humerus"
./raw_data/fracture_dataset/val/not fractured/12-rotated3-rotated1-rotated3-rotated1.jpg,outputs/removed_other_bones_quarantine/raw_data__fracture_dataset__val__not fractured__12-rotated3-rotated1-rotated3-rotated1.jpg,"not radius, ulna, or humerus"
./raw_data/fracture_dataset/val/not fractured/30-rotated2-rotated2-rotated3-rotated1.jpg,outputs/removed_other_bones_quarantine/raw_data__fracture_dataset__val__not fractured__30-rotated2-rotated2-rotated3-rotated1.jpg,"not radius, ulna, or humerus"
./raw_data/fracture_dataset/val/not fractured/7-rotated3-rotated1-rotated2-rotated1.jpg,outputs/removed_other_bones_quarantine/raw_data__fracture_dataset__val__not fractured__7-rotated3-rotated1-rotated2-rotated1.jpg,"not radius, ulna, or humerus"
./raw_data/fracture_dataset/val/not fractured/2-rotated3-rotated1.jpg,outputs/removed_other_bones_quarantine/raw_data__fracture_dataset__val__not fractured__2-rotated3-rotated1.jpg,"not radius, ulna, or humerus"
./raw_data/fracture_dataset/val/not fractured/32-rotated2-rotated1-rotated3-rotated1.jpg,outputs/removed_other_bones_quarantine/raw_data__fracture_dataset__val__not fractured__32-rotated2-rotated1-rotated3-rotated1.jpg,"not radius, ulna, or humerus"
./raw_data/fracture_dataset/val/not fractured/37-rotated2-rotated3-rotated2.jpg,outputs/removed_other_bones_quarantine/raw_data__fracture_dataset__val__not fractured__37-rotated2-rotated3-rotated2.jpg,"not radius, ulna, or humerus"
./raw_data/fracture_dataset/val/not fractured/1-rotated1-rotated2-rotated2-rotated1.jpg,outputs/removed_other_bones_quarantine/raw_data__fracture_dataset__val__not fractured__1-rotated1-rotated2-rotated2-rotated1.jpg,"not radius, ulna, or humerus"
./raw_data/fracture_dataset/val/not fractured/1-rotated3-rotated3-rotated2-rotated1.jpg,outputs/removed_other_bones_quarantine/raw_data__fracture_dataset__val__not fractured__1-rotated3-rotated3-rotated2-rotated1.jpg,"not radius, ulna, or humerus"
./raw_data/fracture_dataset/val/not fractured/37-rotated1-rotated3.jpg,outputs/removed_other_bones_quarantine/raw_data__fracture_dataset__val__not fractured__37-rotated1-rotated3.jpg,"not radius, ulna, or humerus"
./raw_data/fracture_dataset/val/not fractured/10-rotated1-rotated3-rotated2-rotated1.jpg,outputs/removed_other_bones_quarantine/raw_data__fracture_dataset__val__not fractured__10-rotated1-rotated3-rotated2-rotated1.jpg,"not radius, ulna, or humerus"
./raw_data/fracture_dataset/val/not fractured/33-rotated3-rotated3-rotated2.jpg,outputs/removed_other_bones_quarantine/raw_data__fracture_dataset__val__not fractured__33-rotated3-rotated3-rotated2.jpg,"not radius, ulna, or humerus"
./raw_data/fracture_dataset/val/not fractured/8-rotated3-rotated2-rotated1.jpg,outputs/removed_other_bones_quarantine/raw_data__fracture_dataset__val__not fractured__8-rotated3-rotated2-rotated1.jpg,"not radius, ulna, or humerus"
./raw_data/fracture_dataset/val/not fractured/4-rotated1-rotated3-rotated3-rotated1.jpg,outputs/removed_other_bones_quarantine/raw_data__fracture_dataset__val__not fractured__4-rotated1-rotated3-rotated3-rotated1.jpg,"not radius, ulna, or humerus"
./raw_data/fracture_dataset/val/fractured/image29.jpeg,outputs/removed_other_bones_quarantine/raw_data__fracture_dataset__val__fractured__image29.jpeg,"not radius, ulna, or humerus"
./raw_data/fracture_dataset/val/fractured/mco-09-02-0187-g00.jpg,outputs/removed_other_bones_quarantine/raw_data__fracture_dataset__val__fractured__mco-09-02-0187-g00.jpg,"not radius, ulna, or humerus"
./raw_data/fracture_dataset/val/fractured/800px-Left_lateral_malleolus_avulsion_fracture_detail.jpg,outputs/removed_other_bones_quarantine/raw_data__fracture_dataset__val__fractured__800px-Left_lateral_malleolus_avulsion_fracture_detail.jpg,"not radius, ulna, or humerus"
./raw_data/fracture_dataset/val/fractured/lightbox_2bdb9d90f19b11eb8590c18f777b711f-Webp.net-resizeimage.png,outputs/removed_other_bones_quarantine/raw_data__fracture_dataset__val__fractured__lightbox_2bdb9d90f19b11eb8590c18f777b711f-Webp.net-resizeimage.png,"not radius, ulna, or humerus"
./raw_data/fracture_dataset/val/fractured/arm-39-473-g002.jpg,outputs/removed_other_bones_quarantine/raw_data__fracture_dataset__val__fractured__arm-39-473-g002.jpg,"not radius, ulna, or humerus"
./raw_data/fracture_dataset/val/fractured/images6 (1).jpg,outputs/removed_other_bones_quarantine/raw_data__fracture_dataset__val__fractured__images6 (1).jpg,"not radius, ulna, or humerus"
./raw_data/fracture_dataset/val/fractured/1-s2.0-S2352187216300080-gr1.jpg,outputs/removed_other_bones_quarantine/raw_data__fracture_dataset__val__fractured__1-s2.0-S2352187216300080-gr1.jpg,"not radius, ulna, or humerus"
./raw_data/fracture_dataset/val/fractured/A-pathologic-fracture-through-the-tumour-mass-is-evident-Note-the-deviation-of-the.png,outputs/removed_other_bones_quarantine/raw_data__fracture_dataset__val__fractured__A-pathologic-fracture-through-the-tumour-mass-is-evident-Note-the-deviation-of-the.png,"not radius, ulna, or humerus"
./raw_data/fracture_dataset/val/fractured/93-rotated2-rotated2.jpg,outputs/removed_other_bones_quarantine/raw_data__fracture_dataset__val__fractured__93-rotated2-rotated2.jpg,"not radius, ulna, or humerus"
./raw_data/fracture_dataset/val/fractured/8-2010728x6.png,outputs/removed_other_bones_quarantine/raw_data__fracture_dataset__val__fractured__8-2010728x6.png,"not radius, ulna, or humerus"
./raw_data/fracture_dataset/val/fractured/pathological.jpg,outputs/removed_other_bones_quarantine/raw_data__fracture_dataset__val__fractured__pathological.jpg,"not radius, ulna, or humerus"
./raw_data/fracture_dataset/val/fractured/9-rotated2-rotated3-rotated2.jpg,outputs/removed_other_bones_quarantine/raw_data__fracture_dataset__val__fractured__9-rotated2-rotated3-rotated2.jpg,"not radius, ulna, or humerus"
./raw_data/fracture_dataset/val/fractured/85-rotated1-rotated2-rotated1.jpg,outputs/removed_other_bones_quarantine/raw_data__fracture_dataset__val__fractured__85-rotated1-rotated2-rotated1.jpg,"not radius, ulna, or humerus"
./raw_data/fracture_dataset/val/fractured/image9.jpeg,outputs/removed_other_bones_quarantine/raw_data__fracture_dataset__val__fractured__image9.jpeg,"not radius, ulna, or humerus"
./raw_data/fracture_dataset/val/fractured/gr12.jpg,outputs/removed_other_bones_quarantine/raw_data__fracture_dataset__val__fractured__gr12.jpg,"not radius, ulna, or humerus"
./raw_data/fracture_dataset/val/fractured/cow539-3.jpg,outputs/removed_other_bones_quarantine/raw_data__fracture_dataset__val__fractured__cow539-3.jpg,"not radius, ulna, or humerus"
./raw_data/fracture_dataset/val/fractured/IMG0002511.jpg,outputs/removed_other_bones_quarantine/raw_data__fracture_dataset__val__fractured__IMG0002511.jpg,"not radius, ulna, or humerus"
./raw_data/fracture_dataset/val/fractured/IMG0002369.jpg,outputs/removed_other_bones_quarantine/raw_data__fracture_dataset__val__fractured__IMG0002369.jpg,"not radius, ulna, or humerus"
./raw_data/fracture_dataset/val/fractured/95-rotated3-rotated1-rotated1.jpg,outputs/removed_other_bones_quarantine/raw_data__fracture_dataset__val__fractured__95-rotated3-rotated1-rotated1.jpg,"not radius, ulna, or humerus"
./raw_data/fracture_dataset/val/fractured/c0394401-800px-wm.jpg,outputs/removed_other_bones_quarantine/raw_data__fracture_dataset__val__fractured__c0394401-800px-wm.jpg,"not radius, ulna, or humerus"
./raw_data/fracture_dataset/val/fractured/80-rotated1-rotated2-rotated3.jpg,outputs/removed_other_bones_quarantine/raw_data__fracture_dataset__val__fractured__80-rotated1-rotated2-rotated3.jpg,"not radius, ulna, or humerus"
./raw_data/fracture_dataset/val/fractured/g08oc12g10a.jpeg,outputs/removed_other_bones_quarantine/raw_data__fracture_dataset__val__fractured__g08oc12g10a.jpeg,"not radius, ulna, or humerus"
./raw_data/fracture_dataset/val/fractured/90-rotated1-rotated2-rotated3.jpg,outputs/removed_other_bones_quarantine/raw_data__fracture_dataset__val__fractured__90-rotated1-rotated2-rotated3.jpg,"not radius, ulna, or humerus"
./raw_data/fracture_dataset/val/fractured/gr1_lrg5.jpg,outputs/removed_other_bones_quarantine/raw_data__fracture_dataset__val__fractured__gr1_lrg5.jpg,"not radius, ulna, or humerus"
./raw_data/fracture_dataset/val/fractured/image26.jpeg,outputs/removed_other_bones_quarantine/raw_data__fracture_dataset__val__fractured__image26.jpeg,"not radius, ulna, or humerus"
./raw_data/fracture_dataset/val/fractured/92-rotated1-rotated2-rotated3.jpg,outputs/removed_other_bones_quarantine/raw_data__fracture_dataset__val__fractured__92-rotated1-rotated2-rotated3.jpg,"not radius, ulna, or humerus"
./raw_data/fracture_dataset/val/fractured/1b.jpg,outputs/removed_other_bones_quarantine/raw_data__fracture_dataset__val__fractured__1b.jpg,"not radius, ulna, or humerus"
./raw_data/fracture_dataset/val/fractured/79-rotated3-rotated1-rotated1.jpg,outputs/removed_other_bones_quarantine/raw_data__fracture_dataset__val__fractured__79-rotated3-rotated1-rotated1.jpg,"not radius, ulna, or humerus"
./raw_data/fracture_dataset/val/fractured/IMG0002371.jpg,outputs/removed_other_bones_quarantine/raw_data__fracture_dataset__val__fractured__IMG0002371.jpg,"not radius, ulna, or humerus"
./raw_data/fracture_dataset/val/fractured/IMG0002489.jpg,outputs/removed_other_bones_quarantine/raw_data__fracture_dataset__val__fractured__IMG0002489.jpg,"not radius, ulna, or humerus"
./raw_data/fracture_dataset/val/fractured/image14.jpeg,outputs/removed_other_bones_quarantine/raw_data__fracture_dataset__val__fractured__image14.jpeg,"not radius, ulna, or humerus"
./raw_data/fracture_dataset/val/fractured/2-rotated1-rotated2-rotated3.jpg,outputs/removed_other_bones_quarantine/raw_data__fracture_dataset__val__fractured__2-rotated1-rotated2-rotated3.jpg,"not radius, ulna, or humerus"
./raw_data/fracture_dataset/val/fractured/A334475_1_En_19_Fig2_HTML.jpg,outputs/removed_other_bones_quarantine/raw_data__fracture_dataset__val__fractured__A334475_1_En_19_Fig2_HTML.jpg,"not radius, ulna, or humerus"
./raw_data/fracture_dataset/val/fractured/88-rotated3-rotated1-rotated1.jpg,outputs/removed_other_bones_quarantine/raw_data__fracture_dataset__val__fractured__88-rotated3-rotated1-rotated1.jpg,"not radius, ulna, or humerus"
./raw_data/fracture_dataset/val/fractured/84-rotated2-rotated2.jpg,outputs/removed_other_bones_quarantine/raw_data__fracture_dataset__val__fractured__84-rotated2-rotated2.jpg,"not radius, ulna, or humerus"
./raw_data/fracture_dataset/val/fractured/79.jpg,outputs/removed_other_bones_quarantine/raw_data__fracture_dataset__val__fractured__79.jpg,"not radius, ulna, or humerus"
./raw_data/fracture_dataset/val/fractured/31446tn.jpg,outputs/removed_other_bones_quarantine/raw_data__fracture_dataset__val__fractured__31446tn.jpg,"not radius, ulna, or humerus"
./raw_data/fracture_dataset/val/fractured/Pelvic_2.jpg,outputs/removed_other_bones_quarantine/raw_data__fracture_dataset__val__fractured__Pelvic_2.jpg,"not radius, ulna, or humerus"
./raw_data/fracture_dataset/val/fractured/99-rotated3-rotated1-rotated1.jpg,outputs/removed_other_bones_quarantine/raw_data__fracture_dataset__val__fractured__99-rotated3-rotated1-rotated1.jpg,"not radius, ulna, or humerus"
./raw_data/fracture_dataset/val/fractured/87-rotated3-rotated1-rotated1.jpg,outputs/removed_other_bones_quarantine/raw_data__fracture_dataset__val__fractured__87-rotated3-rotated1-rotated1.jpg,"not radius, ulna, or humerus"
./raw_data/fracture_dataset/val/fractured/256_2020_3651_Fig7_HTML.jpg,outputs/removed_other_bones_quarantine/raw_data__fracture_dataset__val__fractured__256_2020_3651_Fig7_HTML.jpg,"not radius, ulna, or humerus"
./raw_data/fracture_dataset/val/fractured/gr15.jpg,outputs/removed_other_bones_quarantine/raw_data__fracture_dataset__val__fractured__gr15.jpg,"not radius, ulna, or humerus"
./raw_data/fracture_dataset/val/fractured/ol-11-01-0439-g00.jpg,outputs/removed_other_bones_quarantine/raw_data__fracture_dataset__val__fractured__ol-11-01-0439-g00.jpg,"not radius, ulna, or humerus"
./raw_data/fracture_dataset/val/fractured/1-rotated2-rotated1-rotated1.jpg,outputs/removed_other_bones_quarantine/raw_data__fracture_dataset__val__fractured__1-rotated2-rotated1-rotated1.jpg,"not radius, ulna, or humerus"
./raw_data/fracture_dataset/val/fractured/cow205lg.jpg,outputs/removed_other_bones_quarantine/raw_data__fracture_dataset__val__fractured__cow205lg.jpg,"not radius, ulna, or humerus"
./raw_data/fracture_dataset/val/fractured/5e26814a794fb50001390d1c.jpg,outputs/removed_other_bones_quarantine/raw_data__fracture_dataset__val__fractured__5e26814a794fb50001390d1c.jpg,"not radius, ulna, or humerus"
./raw_data/fracture_dataset/val/fractured/IMG0002472.jpg,outputs/removed_other_bones_quarantine/raw_data__fracture_dataset__val__fractured__IMG0002472.jpg,"not radius, ulna, or humerus"
./raw_data/fracture_dataset/val/fractured/88-rotated1-rotated2-rotated3.jpg,outputs/removed_other_bones_quarantine/raw_data__fracture_dataset__val__fractured__88-rotated1-rotated2-rotated3.jpg,"not radius, ulna, or humerus"
./raw_data/fracture_dataset/val/fractured/81-rotated3-rotated1-rotated1.jpg,outputs/removed_other_bones_quarantine/raw_data__fracture_dataset__val__fractured__81-rotated3-rotated1-rotated1.jpg,"not radius, ulna, or humerus"
./raw_data/fracture_dataset/val/fractured/gr1_lrg2.jpg,outputs/removed_other_bones_quarantine/raw_data__fracture_dataset__val__fractured__gr1_lrg2.jpg,"not radius, ulna, or humerus"
./raw_data/fracture_dataset/val/fractured/IMG0002515.jpg,outputs/removed_other_bones_quarantine/raw_data__fracture_dataset__val__fractured__IMG0002515.jpg,"not radius, ulna, or humerus"
./raw_data/fracture_dataset/val/fractured/82-rotated2-rotated1-rotated1.jpg,outputs/removed_other_bones_quarantine/raw_data__fracture_dataset__val__fractured__82-rotated2-rotated1-rotated1.jpg,"not radius, ulna, or humerus"
./raw_data/fracture_dataset/val/fractured/FTCjoRnWQAMETYF.jpg,outputs/removed_other_bones_quarantine/raw_data__fracture_dataset__val__fractured__FTCjoRnWQAMETYF.jpg,"not radius, ulna, or humerus"
./raw_data/fracture_dataset/val/fractured/5-rotated1-rotated1-rotated3.jpg,outputs/removed_other_bones_quarantine/raw_data__fracture_dataset__val__fractured__5-rotated1-rotated1-rotated3.jpg,"not radius, ulna, or humerus"
./raw_data/fracture_dataset/val/fractured/Case-3-x-ray-of-the-pathological-fracture-within-extensive-ostelytic-lesion-of-right.png,outputs/removed_other_bones_quarantine/raw_data__fracture_dataset__val__fractured__Case-3-x-ray-of-the-pathological-fracture-within-extensive-ostelytic-lesion-of-right.png,"not radius, ulna, or humerus"
./raw_data/fracture_dataset/val/fractured/1-rotated3-rotated3-rotated2.jpg,outputs/removed_other_bones_quarantine/raw_data__fracture_dataset__val__fractured__1-rotated3-rotated3-rotated2.jpg,"not radius, ulna, or humerus"
./raw_data/fracture_dataset/val/fractured/52be687c7d580b045476c49dc80b9f_jumbo.jpeg,outputs/removed_other_bones_quarantine/raw_data__fracture_dataset__val__fractured__52be687c7d580b045476c49dc80b9f_jumbo.jpeg,"not radius, ulna, or humerus"
./raw_data/fracture_dataset/val/fractured/image8.jpeg,outputs/removed_other_bones_quarantine/raw_data__fracture_dataset__val__fractured__image8.jpeg,"not radius, ulna, or humerus"
./raw_data/fracture_dataset/val/fractured/85-rotated1-rotated2-rotated3.jpg,outputs/removed_other_bones_quarantine/raw_data__fracture_dataset__val__fractured__85-rotated1-rotated2-rotated3.jpg,"not radius, ulna, or humerus"
./raw_data/fracture_dataset/val/fractured/lightbox_5cb7c1707e6311ea8a86dfcfeca2dba0-3A.png,outputs/removed_other_bones_quarantine/raw_data__fracture_dataset__val__fractured__lightbox_5cb7c1707e6311ea8a86dfcfeca2dba0-3A.png,"not radius, ulna, or humerus"
./raw_data/fracture_dataset/val/fractured/IMG0002510.jpg,outputs/removed_other_bones_quarantine/raw_data__fracture_dataset__val__fractured__IMG0002510.jpg,"not radius, ulna, or humerus"
./raw_data/fracture_dataset/val/fractured/2-rotated1-rotated1-rotated3.jpg,outputs/removed_other_bones_quarantine/raw_data__fracture_dataset__val__fractured__2-rotated1-rotated1-rotated3.jpg,"not radius, ulna, or humerus"
./raw_data/fracture_dataset/val/fractured/98-rotated1-rotated2-rotated3.jpg,outputs/removed_other_bones_quarantine/raw_data__fracture_dataset__val__fractured__98-rotated1-rotated2-rotated3.jpg,"not radius, ulna, or humerus"
./raw_data/fracture_dataset/val/fractured/41372_2006_Article_BF7211581_Fig1_HTML.jpg,outputs/removed_other_bones_quarantine/raw_data__fracture_dataset__val__fractured__41372_2006_Article_BF7211581_Fig1_HTML.jpg,"not radius, ulna, or humerus"
./raw_data/fracture_dataset/val/fractured/1-rotated1-rotated1-rotated3.jpg,outputs/removed_other_bones_quarantine/raw_data__fracture_dataset__val__fractured__1-rotated1-rotated1-rotated3.jpg,"not radius, ulna, or humerus"
./raw_data/fracture_dataset/val/fractured/1-rotated1-rotated1-rotated2.jpg,outputs/removed_other_bones_quarantine/raw_data__fracture_dataset__val__fractured__1-rotated1-rotated1-rotated2.jpg,"not radius, ulna, or humerus"
./raw_data/fracture_dataset/val/fractured/84-rotated3-rotated1-rotated1.jpg,outputs/removed_other_bones_quarantine/raw_data__fracture_dataset__val__fractured__84-rotated3-rotated1-rotated1.jpg,"not radius, ulna, or humerus"
./raw_data/fracture_dataset/val/fractured/IMG0002439.jpg,outputs/removed_other_bones_quarantine/raw_data__fracture_dataset__val__fractured__IMG0002439.jpg,"not radius, ulna, or humerus"
./raw_data/fracture_dataset/val/fractured/85-rotated2-rotated2.jpg,outputs/removed_other_bones_quarantine/raw_data__fracture_dataset__val__fractured__85-rotated2-rotated2.jpg,"not radius, ulna, or humerus"
./raw_data/fracture_dataset/val/fractured/IMG0002441.jpg,outputs/removed_other_bones_quarantine/raw_data__fracture_dataset__val__fractured__IMG0002441.jpg,"not radius, ulna, or humerus"
./raw_data/fracture_dataset/val/fractured/89-rotated3-rotated3-rotated3.jpg,outputs/removed_other_bones_quarantine/raw_data__fracture_dataset__val__fractured__89-rotated3-rotated3-rotated3.jpg,"not radius, ulna, or humerus"
./raw_data/fracture_dataset/val/fractured/80-rotated3-rotated3-rotated3.jpg,outputs/removed_other_bones_quarantine/raw_data__fracture_dataset__val__fractured__80-rotated3-rotated3-rotated3.jpg,"not radius, ulna, or humerus"
./raw_data/fracture_dataset/val/fractured/images25.jpg,outputs/removed_other_bones_quarantine/raw_data__fracture_dataset__val__fractured__images25.jpg,"not radius, ulna, or humerus"
./raw_data/fracture_dataset/val/fractured/JCanResTher_2009_5_1_52_48772_u1.jpg,outputs/removed_other_bones_quarantine/raw_data__fracture_dataset__val__fractured__JCanResTher_2009_5_1_52_48772_u1.jpg,"not radius, ulna, or humerus"
./raw_data/fracture_dataset/val/fractured/IMG0002440.jpg,outputs/removed_other_bones_quarantine/raw_data__fracture_dataset__val__fractured__IMG0002440.jpg,"not radius, ulna, or humerus"
./raw_data/fracture_dataset/val/fractured/5b15c2accb90c7880e90b2ca70ec9e28.jpg,outputs/removed_other_bones_quarantine/raw_data__fracture_dataset__val__fractured__5b15c2accb90c7880e90b2ca70ec9e28.jpg,"not radius, ulna, or humerus"
./raw_data/fracture_dataset/val/fractured/image23.jpeg,outputs/removed_other_bones_quarantine/raw_data__fracture_dataset__val__fractured__image23.jpeg,"not radius, ulna, or humerus"
./raw_data/fracture_dataset/val/fractured/IMG0002490.jpg,outputs/removed_other_bones_quarantine/raw_data__fracture_dataset__val__fractured__IMG0002490.jpg,"not radius, ulna, or humerus"
./raw_data/fracture_dataset/val/fractured/IMG0002372.jpg,outputs/removed_other_bones_quarantine/raw_data__fracture_dataset__val__fractured__IMG0002372.jpg,"not radius, ulna, or humerus"
./raw_data/fracture_dataset/val/fractured/gr1_lrg.jpg,outputs/removed_other_bones_quarantine/raw_data__fracture_dataset__val__fractured__gr1_lrg.jpg,"not radius, ulna, or humerus"
./raw_data/fracture_dataset/val/fractured/82-rotated1-rotated1-rotated3.jpg,outputs/removed_other_bones_quarantine/raw_data__fracture_dataset__val__fractured__82-rotated1-rotated1-rotated3.jpg,"not radius, ulna, or humerus"
./raw_data/fracture_dataset/val/fractured/9-rotated1-rotated1-rotated3.jpg,outputs/removed_other_bones_quarantine/raw_data__fracture_dataset__val__fractured__9-rotated1-rotated1-rotated3.jpg,"not radius, ulna, or humerus"
./raw_data/fracture_dataset/val/fractured/84-rotated2-rotated3-rotated2.jpg,outputs/removed_other_bones_quarantine/raw_data__fracture_dataset__val__fractured__84-rotated2-rotated3-rotated2.jpg,"not radius, ulna, or humerus"
./raw_data/fracture_dataset/val/fractured/2-rotated3-rotated1-rotated3.jpg,outputs/removed_other_bones_quarantine/raw_data__fracture_dataset__val__fractured__2-rotated3-rotated1-rotated3.jpg,"not radius, ulna, or humerus"
./raw_data/fracture_dataset/val/fractured/8-rotated2-rotated3-rotated2.jpg,outputs/removed_other_bones_quarantine/raw_data__fracture_dataset__val__fractured__8-rotated2-rotated3-rotated2.jpg,"not radius, ulna, or humerus"
./raw_data/fracture_dataset/val/fractured/image11.jpeg,outputs/removed_other_bones_quarantine/raw_data__fracture_dataset__val__fractured__image11.jpeg,"not radius, ulna, or humerus"
./raw_data/fracture_dataset/val/fractured/99-rotated1-rotated2-rotated3.jpg,outputs/removed_other_bones_quarantine/raw_data__fracture_dataset__val__fractured__99-rotated1-rotated2-rotated3.jpg,"not radius, ulna, or humerus"
./raw_data/fracture_dataset/val/fractured/image2.jpeg,outputs/removed_other_bones_quarantine/raw_data__fracture_dataset__val__fractured__image2.jpeg,"not radius, ulna, or humerus"
./raw_data/fracture_dataset/val/fractured/3-rotated2-rotated3-rotated2.jpg,outputs/removed_other_bones_quarantine/raw_data__fracture_dataset__val__fractured__3-rotated2-rotated3-rotated2.jpg,"not radius, ulna, or humerus"
./raw_data/fracture_dataset/val/fractured/IMG0002476.jpg,outputs/removed_other_bones_quarantine/raw_data__fracture_dataset__val__fractured__IMG0002476.jpg,"not radius, ulna, or humerus"
./raw_data/fracture_dataset/val/fractured/1b62e6fbfbc5a2f70c6af413189cfc82.jpg,outputs/removed_other_bones_quarantine/raw_data__fracture_dataset__val__fractured__1b62e6fbfbc5a2f70c6af413189cfc82.jpg,"not radius, ulna, or humerus"
./raw_data/fracture_dataset/val/fractured/IMG0002514.jpg,outputs/removed_other_bones_quarantine/raw_data__fracture_dataset__val__fractured__IMG0002514.jpg,"not radius, ulna, or humerus"
./raw_data/fracture_dataset/val/fractured/87-rotated3.jpg,outputs/removed_other_bones_quarantine/raw_data__fracture_dataset__val__fractured__87-rotated3.jpg,"not radius, ulna, or humerus"
./raw_data/fracture_dataset/val/fractured/98-rotated3-rotated3-rotated3.jpg,outputs/removed_other_bones_quarantine/raw_data__fracture_dataset__val__fractured__98-rotated3-rotated3-rotated3.jpg,"not radius, ulna, or humerus"
./raw_data/fracture_dataset/val/fractured/80-rotated2-rotated2.jpg,outputs/removed_other_bones_quarantine/raw_data__fracture_dataset__val__fractured__80-rotated2-rotated2.jpg,"not radius, ulna, or humerus"
./raw_data/fracture_dataset/val/fractured/87-rotated1-rotated1-rotated3.jpg,outputs/removed_other_bones_quarantine/raw_data__fracture_dataset__val__fractured__87-rotated1-rotated1-rotated3.jpg,"not radius, ulna, or humerus"
./raw_data/fracture_dataset/val/fractured/81-rotated2-rotated3.jpg,outputs/removed_other_bones_quarantine/raw_data__fracture_dataset__val__fractured__81-rotated2-rotated3.jpg,"not radius, ulna, or humerus"
./raw_data/fracture_dataset/val/fractured/X-ray-of-the-pelvis-anterior-posterior-showing-pathological-fracture-of-the-left-femur.png,outputs/removed_other_bones_quarantine/raw_data__fracture_dataset__val__fractured__X-ray-of-the-pelvis-anterior-posterior-showing-pathological-fracture-of-the-left-femur.png,"not radius, ulna, or humerus"
./raw_data/fracture_dataset/val/fractured/82-rotated1-rotated2-rotated3.jpg,outputs/removed_other_bones_quarantine/raw_data__fracture_dataset__val__fractured__82-rotated1-rotated2-rotated3.jpg,"not radius, ulna, or humerus"
./raw_data/fracture_dataset/val/fractured/medicina-53-00131-g001-550.jpg,outputs/removed_other_bones_quarantine/raw_data__fracture_dataset__val__fractured__medicina-53-00131-g001-550.jpg,"not radius, ulna, or humerus"
./raw_data/fracture_dataset/val/fractured/7-rotated3-rotated2-rotated3.jpg,outputs/removed_other_bones_quarantine/raw_data__fracture_dataset__val__fractured__7-rotated3-rotated2-rotated3.jpg,"not radius, ulna, or humerus"
./raw_data/fracture_dataset/val/fractured/92-rotated2-rotated2.jpg,outputs/removed_other_bones_quarantine/raw_data__fracture_dataset__val__fractured__92-rotated2-rotated2.jpg,"not radius, ulna, or humerus"
./raw_data/fracture_dataset/val/fractured/3-rotated2-rotated3-rotated1.jpg,outputs/removed_other_bones_quarantine/raw_data__fracture_dataset__val__fractured__3-rotated2-rotated3-rotated1.jpg,"not radius, ulna, or humerus"
./raw_data/fracture_dataset/val/fractured/IMG0002368.jpg,outputs/removed_other_bones_quarantine/raw_data__fracture_dataset__val__fractured__IMG0002368.jpg,"not radius, ulna, or humerus"
./raw_data/fracture_dataset/val/fractured/ea2cb099-e4ab-4c7a-a310-1699b9242b9f-1649988191446.png,outputs/removed_other_bones_quarantine/raw_data__fracture_dataset__val__fractured__ea2cb099-e4ab-4c7a-a310-1699b9242b9f-1649988191446.png,"not radius, ulna, or humerus"
./raw_data/fracture_dataset/val/fractured/83-rotated3-rotated2.jpg,outputs/removed_other_bones_quarantine/raw_data__fracture_dataset__val__fractured__83-rotated3-rotated2.jpg,"not radius, ulna, or humerus"
./raw_data/fracture_dataset/val/fractured/6-rotated3-rotated3-rotated2.jpg,outputs/removed_other_bones_quarantine/raw_data__fracture_dataset__val__fractured__6-rotated3-rotated3-rotated2.jpg,"not radius, ulna, or humerus"
./raw_data/fracture_dataset/val/fractured/79-rotated3-rotated3.jpg,outputs/removed_other_bones_quarantine/raw_data__fracture_dataset__val__fractured__79-rotated3-rotated3.jpg,"not radius, ulna, or humerus"
./raw_data/fracture_dataset/val/fractured/image02056.jpeg,outputs/removed_other_bones_quarantine/raw_data__fracture_dataset__val__fractured__image02056.jpeg,"not radius, ulna, or humerus"
./raw_data/fracture_dataset/val/fractured/IMG0002370.jpg,outputs/removed_other_bones_quarantine/raw_data__fracture_dataset__val__fractured__IMG0002370.jpg,"not radius, ulna, or humerus"
./raw_data/fracture_dataset/val/fractured/IMG0002475.jpg,outputs/removed_other_bones_quarantine/raw_data__fracture_dataset__val__fractured__IMG0002475.jpg,"not radius, ulna, or humerus"
./raw_data/fracture_dataset/val/fractured/7-rotated3-rotated1-rotated3.jpg,outputs/removed_other_bones_quarantine/raw_data__fracture_dataset__val__fractured__7-rotated3-rotated1-rotated3.jpg,"not radius, ulna, or humerus"
./raw_data/fracture_dataset/val/fractured/Pathologische_Femurfraktur_bei_Mamma-Ca.jpg,outputs/removed_other_bones_quarantine/raw_data__fracture_dataset__val__fractured__Pathologische_Femurfraktur_bei_Mamma-Ca.jpg,"not radius, ulna, or humerus"
./raw_data/fracture_dataset/val/fractured/9896089d1b31b0ba0158dc33122899_jumbo.jpeg,outputs/removed_other_bones_quarantine/raw_data__fracture_dataset__val__fractured__9896089d1b31b0ba0158dc33122899_jumbo.jpeg,"not radius, ulna, or humerus"
./raw_data/fracture_dataset/val/fractured/image5.jpeg,outputs/removed_other_bones_quarantine/raw_data__fracture_dataset__val__fractured__image5.jpeg,"not radius, ulna, or humerus"
./raw_data/fracture_dataset/val/fractured/89-rotated3-rotated1-rotated1.jpg,outputs/removed_other_bones_quarantine/raw_data__fracture_dataset__val__fractured__89-rotated3-rotated1-rotated1.jpg,"not radius, ulna, or humerus"
./raw_data/fracture_dataset/val/fractured/image7.jpeg,outputs/removed_other_bones_quarantine/raw_data__fracture_dataset__val__fractured__image7.jpeg,"not radius, ulna, or humerus"
./raw_data/fracture_dataset/val/fractured/42670e5835dbc81d60729e42a18bcf_jumbo.jpg,outputs/removed_other_bones_quarantine/raw_data__fracture_dataset__val__fractured__42670e5835dbc81d60729e42a18bcf_jumbo.jpg,"not radius, ulna, or humerus"
./raw_data/fracture_dataset/val/fractured/figure1.1572506115.jpg,outputs/removed_other_bones_quarantine/raw_data__fracture_dataset__val__fractured__figure1.1572506115.jpg,"not radius, ulna, or humerus"
./raw_data/fracture_dataset/val/fractured/256_2020_3651_Fig1_HTML.jpg,outputs/removed_other_bones_quarantine/raw_data__fracture_dataset__val__fractured__256_2020_3651_Fig1_HTML.jpg,"not radius, ulna, or humerus"
./raw_data/fracture_dataset/val/fractured/IMG0002442.jpg,outputs/removed_other_bones_quarantine/raw_data__fracture_dataset__val__fractured__IMG0002442.jpg,"not radius, ulna, or humerus"
./raw_data/fracture_dataset/val/fractured/87-rotated2-rotated1-rotated1.jpg,outputs/removed_other_bones_quarantine/raw_data__fracture_dataset__val__fractured__87-rotated2-rotated1-rotated1.jpg,"not radius, ulna, or humerus"
./raw_data/fracture_dataset/val/fractured/205beabbbbaa7eaf2e7bd504b23e31_jumbo.jpeg,outputs/removed_other_bones_quarantine/raw_data__fracture_dataset__val__fractured__205beabbbbaa7eaf2e7bd504b23e31_jumbo.jpeg,"not radius, ulna, or humerus"
./raw_data/fracture_dataset/val/fractured/2-Figure3-1.png,outputs/removed_other_bones_quarantine/raw_data__fracture_dataset__val__fractured__2-Figure3-1.png,"not radius, ulna, or humerus"
./raw_data/fracture_dataset/val/fractured/5c7fec45769db28bdd107336f19004336689a4fb804b37af3096741f2879ff02_jumbo.jpeg,outputs/removed_other_bones_quarantine/raw_data__fracture_dataset__val__fractured__5c7fec45769db28bdd107336f19004336689a4fb804b37af3096741f2879ff02_jumbo.jpeg,"not radius, ulna, or humerus"
./raw_data/fracture_dataset/val/fractured/9-rotated3-rotated1-rotated1.jpg,outputs/removed_other_bones_quarantine/raw_data__fracture_dataset__val__fractured__9-rotated3-rotated1-rotated1.jpg,"not radius, ulna, or humerus"
./raw_data/fracture_dataset/val/fractured/3-rotated1-rotated3-rotated3.jpg,outputs/removed_other_bones_quarantine/raw_data__fracture_dataset__val__fractured__3-rotated1-rotated3-rotated3.jpg,"not radius, ulna, or humerus"
./raw_data/fracture_dataset/val/fractured/5-rotated1-rotated3-rotated1.jpg,outputs/removed_other_bones_quarantine/raw_data__fracture_dataset__val__fractured__5-rotated1-rotated3-rotated1.jpg,"not radius, ulna, or humerus"
./raw_data/fracture_dataset/val/fractured/image12.jpeg,outputs/removed_other_bones_quarantine/raw_data__fracture_dataset__val__fractured__image12.jpeg,"not radius, ulna, or humerus"
./raw_data/fracture_dataset/val/fractured/IMG0002445.jpg,outputs/removed_other_bones_quarantine/raw_data__fracture_dataset__val__fractured__IMG0002445.jpg,"not radius, ulna, or humerus"
./raw_data/fracture_dataset/val/fractured/84-rotated1-rotated2-rotated3.jpg,outputs/removed_other_bones_quarantine/raw_data__fracture_dataset__val__fractured__84-rotated1-rotated2-rotated3.jpg,"not radius, ulna, or humerus"
./raw_data/fracture_dataset/val/fractured/F2.large2.jpg,outputs/removed_other_bones_quarantine/raw_data__fracture_dataset__val__fractured__F2.large2.jpg,"not radius, ulna, or humerus"
./raw_data/fracture_dataset/val/fractured/94-rotated3-rotated3-rotated3.jpg,outputs/removed_other_bones_quarantine/raw_data__fracture_dataset__val__fractured__94-rotated3-rotated3-rotated3.jpg,"not radius, ulna, or humerus"
./raw_data/fracture_dataset/val/fractured/gr1ac_lrg.jpg,outputs/removed_other_bones_quarantine/raw_data__fracture_dataset__val__fractured__gr1ac_lrg.jpg,"not radius, ulna, or humerus"
./raw_data/fracture_dataset/val/fractured/images17.jpg,outputs/removed_other_bones_quarantine/raw_data__fracture_dataset__val__fractured__images17.jpg,"not radius, ulna, or humerus"
./raw_data/fracture_dataset/val/fractured/80-rotated3-rotated1-rotated2.jpg,outputs/removed_other_bones_quarantine/raw_data__fracture_dataset__val__fractured__80-rotated3-rotated1-rotated2.jpg,"not radius, ulna, or humerus"
./raw_data/fracture_dataset/val/fractured/IMG0002443.jpg,outputs/removed_other_bones_quarantine/raw_data__fracture_dataset__val__fractured__IMG0002443.jpg,"not radius, ulna, or humerus"
./raw_data/fracture_dataset/val/fractured/97-rotated3-rotated1-rotated1.jpg,outputs/removed_other_bones_quarantine/raw_data__fracture_dataset__val__fractured__97-rotated3-rotated1-rotated1.jpg,"not radius, ulna, or humerus"
./raw_data/fracture_dataset/val/fractured/ray-showed-an-avulsion-fracture-at-the-base-of-DP_Q320.jpg,outputs/removed_other_bones_quarantine/raw_data__fracture_dataset__val__fractured__ray-showed-an-avulsion-fracture-at-the-base-of-DP_Q320.jpg,"not radius, ulna, or humerus"
./raw_data/fracture_dataset/val/fractured/image.jpeg,outputs/removed_other_bones_quarantine/raw_data__fracture_dataset__val__fractured__image.jpeg,"not radius, ulna, or humerus"
./raw_data/fracture_dataset/val/fractured/images3 (1).jpg,outputs/removed_other_bones_quarantine/raw_data__fracture_dataset__val__fractured__images3 (1).jpg,"not radius, ulna, or humerus"
./raw_data/fracture_dataset/val/fractured/lightbox_9b683fc062a111eca7391d59807707d7-Pelvis_auto_x2---arrows-.png,outputs/removed_other_bones_quarantine/raw_data__fracture_dataset__val__fractured__lightbox_9b683fc062a111eca7391d59807707d7-Pelvis_auto_x2---arrows-.png,"not radius, ulna, or humerus"
./raw_data/fracture_dataset/val/fractured/IMG0002447.jpg,outputs/removed_other_bones_quarantine/raw_data__fracture_dataset__val__fractured__IMG0002447.jpg,"not radius, ulna, or humerus"
./raw_data/fracture_dataset/val/fractured/90-rotated3-rotated1-rotated1.jpg,outputs/removed_other_bones_quarantine/raw_data__fracture_dataset__val__fractured__90-rotated3-rotated1-rotated1.jpg,"not radius, ulna, or humerus"
./raw_data/fracture_dataset/val/fractured/2b092d94ab7a1cdd41f5853d807d86e1.jpg,outputs/removed_other_bones_quarantine/raw_data__fracture_dataset__val__fractured__2b092d94ab7a1cdd41f5853d807d86e1.jpg,"not radius, ulna, or humerus"
./raw_data/fracture_dataset/val/fractured/IMG0002446.jpg,outputs/removed_other_bones_quarantine/raw_data__fracture_dataset__val__fractured__IMG0002446.jpg,"not radius, ulna, or humerus"
./raw_data/fracture_dataset/val/fractured/aplefthipca071501_802273.jpg,outputs/removed_other_bones_quarantine/raw_data__fracture_dataset__val__fractured__aplefthipca071501_802273.jpg,"not radius, ulna, or humerus"
./raw_data/fracture_dataset/val/fractured/tcr-5-078-001.jpg,outputs/removed_other_bones_quarantine/raw_data__fracture_dataset__val__fractured__tcr-5-078-001.jpg,"not radius, ulna, or humerus"
./raw_data/fracture_dataset/val/fractured/0c70d9cb6ae7fcf9faae2dc812af08_gallery.jpg,outputs/removed_other_bones_quarantine/raw_data__fracture_dataset__val__fractured__0c70d9cb6ae7fcf9faae2dc812af08_gallery.jpg,"not radius, ulna, or humerus"
./raw_data/fracture_dataset/val/fractured/IMG0002400.jpg,outputs/removed_other_bones_quarantine/raw_data__fracture_dataset__val__fractured__IMG0002400.jpg,"not radius, ulna, or humerus"
./raw_data/fracture_dataset/val/fractured/80-rotated3-rotated1-rotated1.jpg,outputs/removed_other_bones_quarantine/raw_data__fracture_dataset__val__fractured__80-rotated3-rotated1-rotated1.jpg,"not radius, ulna, or humerus"
./raw_data/fracture_dataset/val/fractured/348px-T9-T10_change_fracture_from_MVA.png,outputs/removed_other_bones_quarantine/raw_data__fracture_dataset__val__fractured__348px-T9-T10_change_fracture_from_MVA.png,"not radius, ulna, or humerus"
./raw_data/fracture_dataset/val/fractured/image14 (1).jpeg,outputs/removed_other_bones_quarantine/raw_data__fracture_dataset__val__fractured__image14 (1).jpeg,"not radius, ulna, or humerus"
./raw_data/fracture_dataset/val/fractured/8-rotated3-rotated2-rotated3.jpg,outputs/removed_other_bones_quarantine/raw_data__fracture_dataset__val__fractured__8-rotated3-rotated2-rotated3.jpg,"not radius, ulna, or humerus"
./raw_data/fracture_dataset/val/fractured/images3.jpg,outputs/removed_other_bones_quarantine/raw_data__fracture_dataset__val__fractured__images3.jpg,"not radius, ulna, or humerus"
./raw_data/fracture_dataset/val/fractured/radiographs-right-sided-pathologic-mid-shaft-humeral-fracture-Case29.jpg,outputs/removed_other_bones_quarantine/raw_data__fracture_dataset__val__fractured__radiographs-right-sided-pathologic-mid-shaft-humeral-fracture-Case29.jpg,"not radius, ulna, or humerus"
./raw_data/fracture_dataset/val/fractured/a278b017-807e-4a0e-9273-908eafeb7715-1649987901703.png,outputs/removed_other_bones_quarantine/raw_data__fracture_dataset__val__fractured__a278b017-807e-4a0e-9273-908eafeb7715-1649987901703.png,"not radius, ulna, or humerus"
./raw_data/fracture_dataset/val/fractured/99-rotated3-rotated3-rotated3.jpg,outputs/removed_other_bones_quarantine/raw_data__fracture_dataset__val__fractured__99-rotated3-rotated3-rotated3.jpg,"not radius, ulna, or humerus"
./raw_data/fracture_dataset/val/fractured/images4.jpg,outputs/removed_other_bones_quarantine/raw_data__fracture_dataset__val__fractured__images4.jpg,"not radius, ulna, or humerus"
./raw_data/fracture_dataset/val/fractured/AMYLOIDOSIS.jpg,outputs/removed_other_bones_quarantine/raw_data__fracture_dataset__val__fractured__AMYLOIDOSIS.jpg,"not radius, ulna, or humerus"
./raw_data/fracture_dataset/val/fractured/image22.jpeg,outputs/removed_other_bones_quarantine/raw_data__fracture_dataset__val__fractured__image22.jpeg,"not radius, ulna, or humerus"
./raw_data/fracture_dataset/val/fractured/3-rotated2-rotated1.jpg,outputs/removed_other_bones_quarantine/raw_data__fracture_dataset__val__fractured__3-rotated2-rotated1.jpg,"not radius, ulna, or humerus"
./raw_data/fracture_dataset/val/fractured/image10.jpeg,outputs/removed_other_bones_quarantine/raw_data__fracture_dataset__val__fractured__image10.jpeg,"not radius, ulna, or humerus"
./raw_data/fracture_dataset/val/fractured/9781604064797_ch087_f001.jpg,outputs/removed_other_bones_quarantine/raw_data__fracture_dataset__val__fractured__9781604064797_ch087_f001.jpg,"not radius, ulna, or humerus"
./raw_data/fracture_dataset/val/fractured/images15.jpg,outputs/removed_other_bones_quarantine/raw_data__fracture_dataset__val__fractured__images15.jpg,"not radius, ulna, or humerus"
./raw_data/fracture_dataset/val/fractured/images28.jpg,outputs/removed_other_bones_quarantine/raw_data__fracture_dataset__val__fractured__images28.jpg,"not radius, ulna, or humerus"
./raw_data/fracture_dataset/val/fractured/IMG0003893.jpg,outputs/removed_other_bones_quarantine/raw_data__fracture_dataset__val__fractured__IMG0003893.jpg,"not radius, ulna, or humerus"
./raw_data/fracture_dataset/val/fractured/image4.jpeg,outputs/removed_other_bones_quarantine/raw_data__fracture_dataset__val__fractured__image4.jpeg,"not radius, ulna, or humerus"
./raw_data/fracture_dataset/val/fractured/86-rotated1.jpg,outputs/removed_other_bones_quarantine/raw_data__fracture_dataset__val__fractured__86-rotated1.jpg,"not radius, ulna, or humerus"
./raw_data/fracture_dataset/val/fractured/9dcddacffaff8689cc1e9cedbe76a5_jumbo.jpeg,outputs/removed_other_bones_quarantine/raw_data__fracture_dataset__val__fractured__9dcddacffaff8689cc1e9cedbe76a5_jumbo.jpeg,"not radius, ulna, or humerus"
./raw_data/fracture_dataset/val/fractured/6-rotated3.jpg,outputs/removed_other_bones_quarantine/raw_data__fracture_dataset__val__fractured__6-rotated3.jpg,"not radius, ulna, or humerus"
./raw_data/fracture_dataset/val/fractured/pathfx-R3.jpg,outputs/removed_other_bones_quarantine/raw_data__fracture_dataset__val__fractured__pathfx-R3.jpg,"not radius, ulna, or humerus"
./raw_data/fracture_dataset/val/fractured/image3.jpeg,outputs/removed_other_bones_quarantine/raw_data__fracture_dataset__val__fractured__image3.jpeg,"not radius, ulna, or humerus"
./raw_data/fracture_dataset/val/fractured/3-rotated1-rotated1.jpg,outputs/removed_other_bones_quarantine/raw_data__fracture_dataset__val__fractured__3-rotated1-rotated1.jpg,"not radius, ulna, or humerus"
./raw_data/fracture_dataset/val/fractured/gr1.jpg,outputs/removed_other_bones_quarantine/raw_data__fracture_dataset__val__fractured__gr1.jpg,"not radius, ulna, or humerus"
./raw_data/fracture_dataset/val/fractured/92-rotated3-rotated1-rotated1.jpg,outputs/removed_other_bones_quarantine/raw_data__fracture_dataset__val__fractured__92-rotated3-rotated1-rotated1.jpg,"not radius, ulna, or humerus"
./raw_data/fracture_dataset/val/fractured/9781604064797_ch092_f001.jpg,outputs/removed_other_bones_quarantine/raw_data__fracture_dataset__val__fractured__9781604064797_ch092_f001.jpg,"not radius, ulna, or humerus"
./raw_data/fracture_dataset/val/fractured/images24.jpg,outputs/removed_other_bones_quarantine/raw_data__fracture_dataset__val__fractured__images24.jpg,"not radius, ulna, or humerus"
./raw_data/fracture_dataset/val/fractured/3-rotated3-rotated3.jpg,outputs/removed_other_bones_quarantine/raw_data__fracture_dataset__val__fractured__3-rotated3-rotated3.jpg,"not radius, ulna, or humerus"
./raw_data/fracture_dataset/val/fractured/mco-08-01-0107-g02.jpg,outputs/removed_other_bones_quarantine/raw_data__fracture_dataset__val__fractured__mco-08-01-0107-g02.jpg,"not radius, ulna, or humerus"
./raw_data/fracture_dataset/val/fractured/8-rotated3-rotated3.jpg,outputs/removed_other_bones_quarantine/raw_data__fracture_dataset__val__fractured__8-rotated3-rotated3.jpg,"not radius, ulna, or humerus"
./raw_data/fracture_dataset/val/fractured/1111Con_PC_Femur_A_0.jpg,outputs/removed_other_bones_quarantine/raw_data__fracture_dataset__val__fractured__1111Con_PC_Femur_A_0.jpg,"not radius, ulna, or humerus"
./raw_data/fracture_dataset/val/fractured/85-rotated3-rotated1-rotated2.jpg,outputs/removed_other_bones_quarantine/raw_data__fracture_dataset__val__fractured__85-rotated3-rotated1-rotated2.jpg,"not radius, ulna, or humerus"
./raw_data/fracture_dataset/val/fractured/IMG0002436.jpg,outputs/removed_other_bones_quarantine/raw_data__fracture_dataset__val__fractured__IMG0002436.jpg,"not radius, ulna, or humerus"
./raw_data/fracture_dataset/val/fractured/6-rotated1-rotated1-rotated2.jpg,outputs/removed_other_bones_quarantine/raw_data__fracture_dataset__val__fractured__6-rotated1-rotated1-rotated2.jpg,"not radius, ulna, or humerus"
./raw_data/fracture_dataset/val/fractured/000002.png,outputs/removed_other_bones_quarantine/raw_data__fracture_dataset__val__fractured__000002.png,"not radius, ulna, or humerus"
./raw_data/fracture_dataset/val/fractured/images6.jpg,outputs/removed_other_bones_quarantine/raw_data__fracture_dataset__val__fractured__images6.jpg,"not radius, ulna, or humerus"
./raw_data/fracture_dataset/val/fractured/images2.jpg,outputs/removed_other_bones_quarantine/raw_data__fracture_dataset__val__fractured__images2.jpg,"not radius, ulna, or humerus"
./raw_data/fracture_dataset/val/fractured/95-rotated2-rotated2.jpg,outputs/removed_other_bones_quarantine/raw_data__fracture_dataset__val__fractured__95-rotated2-rotated2.jpg,"not radius, ulna, or humerus"
./raw_data/fracture_dataset/val/fractured/Radio.pedia3_jumbo.jpeg,outputs/removed_other_bones_quarantine/raw_data__fracture_dataset__val__fractured__Radio.pedia3_jumbo.jpeg,"not radius, ulna, or humerus"
./raw_data/fracture_dataset/val/fractured/caasereportsi-1.jpg,outputs/removed_other_bones_quarantine/raw_data__fracture_dataset__val__fractured__caasereportsi-1.jpg,"not radius, ulna, or humerus"
./raw_data/fracture_dataset/val/fractured/F2.large.jpg,outputs/removed_other_bones_quarantine/raw_data__fracture_dataset__val__fractured__F2.large.jpg,"not radius, ulna, or humerus"
./raw_data/fracture_dataset/val/fractured/4a73815a90494c018bf3918fc75a25_gallery.jpeg,outputs/removed_other_bones_quarantine/raw_data__fracture_dataset__val__fractured__4a73815a90494c018bf3918fc75a25_gallery.jpeg,"not radius, ulna, or humerus"
./raw_data/fracture_dataset/val/fractured/full-10.1302_2058-5241.1.000008-fig5.jpeg,outputs/removed_other_bones_quarantine/raw_data__fracture_dataset__val__fractured__full-10.1302_2058-5241.1.000008-fig5.jpeg,"not radius, ulna, or humerus"
./raw_data/fracture_dataset/val/fractured/7-rotated1-rotated2-rotated3.jpg,outputs/removed_other_bones_quarantine/raw_data__fracture_dataset__val__fractured__7-rotated1-rotated2-rotated3.jpg,"not radius, ulna, or humerus"
./raw_data/fracture_dataset/val/fractured/5-rotated3-rotated2-rotated1.jpg,outputs/removed_other_bones_quarantine/raw_data__fracture_dataset__val__fractured__5-rotated3-rotated2-rotated1.jpg,"not radius, ulna, or humerus"
./raw_data/fracture_dataset/val/fractured/F1.large3.jpg,outputs/removed_other_bones_quarantine/raw_data__fracture_dataset__val__fractured__F1.large3.jpg,"not radius, ulna, or humerus"
./raw_data/fracture_dataset/val/fractured/gr13.jpg,outputs/removed_other_bones_quarantine/raw_data__fracture_dataset__val__fractured__gr13.jpg,"not radius, ulna, or humerus"
./raw_data/fracture_dataset/val/fractured/IMG0002401.jpg,outputs/removed_other_bones_quarantine/raw_data__fracture_dataset__val__fractured__IMG0002401.jpg,"not radius, ulna, or humerus"
./raw_data/fracture_dataset/val/fractured/IMG0002444.jpg,outputs/removed_other_bones_quarantine/raw_data__fracture_dataset__val__fractured__IMG0002444.jpg,"not radius, ulna, or humerus"
./raw_data/fracture_dataset/val/fractured/79-rotated2-rotated3-rotated2.jpg,outputs/removed_other_bones_quarantine/raw_data__fracture_dataset__val__fractured__79-rotated2-rotated3-rotated2.jpg,"not radius, ulna, or humerus"
./raw_data/fracture_dataset/val/fractured/86-rotated2-rotated2.jpg,outputs/removed_other_bones_quarantine/raw_data__fracture_dataset__val__fractured__86-rotated2-rotated2.jpg,"not radius, ulna, or humerus"
./raw_data/fracture_dataset/val/fractured/a86550ab63fe6aeae96fb6225326aa02387a9b2d.jpg,outputs/removed_other_bones_quarantine/raw_data__fracture_dataset__val__fractured__a86550ab63fe6aeae96fb6225326aa02387a9b2d.jpg,"not radius, ulna, or humerus"
./raw_data/fracture_dataset/val/fractured/2-rotated2-rotated2-rotated1.jpg,outputs/removed_other_bones_quarantine/raw_data__fracture_dataset__val__fractured__2-rotated2-rotated2-rotated1.jpg,"not radius, ulna, or humerus"
./raw_data/fracture_dataset/val/fractured/images20.jpg,outputs/removed_other_bones_quarantine/raw_data__fracture_dataset__val__fractured__images20.jpg,"not radius, ulna, or humerus"
./raw_data/fracture_dataset/val/fractured/g08oc12g13a.jpeg,outputs/removed_other_bones_quarantine/raw_data__fracture_dataset__val__fractured__g08oc12g13a.jpeg,"not radius, ulna, or humerus"
./raw_data/fracture_dataset/val/fractured/F1.large.jpg,outputs/removed_other_bones_quarantine/raw_data__fracture_dataset__val__fractured__F1.large.jpg,"not radius, ulna, or humerus"
./raw_data/fracture_dataset/val/fractured/IMG0002347.jpg,outputs/removed_other_bones_quarantine/raw_data__fracture_dataset__val__fractured__IMG0002347.jpg,"not radius, ulna, or humerus"
./raw_data/fracture_dataset/val/fractured/6-rotated1-rotated1-rotated3.jpg,outputs/removed_other_bones_quarantine/raw_data__fracture_dataset__val__fractured__6-rotated1-rotated1-rotated3.jpg,"not radius, ulna, or humerus"
./raw_data/fracture_dataset/val/fractured/images22.jpg,outputs/removed_other_bones_quarantine/raw_data__fracture_dataset__val__fractured__images22.jpg,"not radius, ulna, or humerus"
./raw_data/fracture_dataset/val/fractured/images10.jpg,outputs/removed_other_bones_quarantine/raw_data__fracture_dataset__val__fractured__images10.jpg,"not radius, ulna, or humerus"
./raw_data/fracture_dataset/val/fractured/94f6a-pclavulsion1a.png,outputs/removed_other_bones_quarantine/raw_data__fracture_dataset__val__fractured__94f6a-pclavulsion1a.png,"not radius, ulna, or humerus"
./raw_data/fracture_dataset/val/fractured/3133c5f5462b9aa49b1543bba2a044_gallery.jpeg,outputs/removed_other_bones_quarantine/raw_data__fracture_dataset__val__fractured__3133c5f5462b9aa49b1543bba2a044_gallery.jpeg,"not radius, ulna, or humerus"
./raw_data/fracture_dataset/train/not fractured/31-rotated1-rotated2-rotated1.jpg,outputs/removed_other_bones_quarantine/raw_data__fracture_dataset__train__not fractured__31-rotated1-rotated2-rotated1.jpg,"not radius, ulna, or humerus"
./raw_data/fracture_dataset/train/not fractured/9-rotated3-rotated1-rotated2-rotated1 (1).jpg,outputs/removed_other_bones_quarantine/raw_data__fracture_dataset__train__not fractured__9-rotated3-rotated1-rotated2-rotated1 (1).jpg,"not radius, ulna, or humerus"
./raw_data/fracture_dataset/train/not fractured/41-rotated3-rotated3-rotated2-rotated1.jpg,outputs/removed_other_bones_quarantine/raw_data__fracture_dataset__train__not fractured__41-rotated3-rotated3-rotated2-rotated1.jpg,"not radius, ulna, or humerus"
./raw_data/fracture_dataset/train/not fractured/43-rotated1-rotated2-rotated3-rotated1.jpg,outputs/removed_other_bones_quarantine/raw_data__fracture_dataset__train__not fractured__43-rotated1-rotated2-rotated3-rotated1.jpg,"not radius, ulna, or humerus"
./raw_data/fracture_dataset/train/not fractured/52-rotated3-rotated3-rotated1-rotated1 (1).jpg,outputs/removed_other_bones_quarantine/raw_data__fracture_dataset__train__not fractured__52-rotated3-rotated3-rotated1-rotated1 (1).jpg,"not radius, ulna, or humerus"
./raw_data/fracture_dataset/train/not fractured/19-rotated2-rotated3-rotated1-rotated1 (1).jpg,outputs/removed_other_bones_quarantine/raw_data__fracture_dataset__train__not fractured__19-rotated2-rotated3-rotated1-rotated1 (1).jpg,"not radius, ulna, or humerus"
./raw_data/fracture_dataset/train/not fractured/7-rotated3-rotated1-rotated3-rotated1 (1).jpg,outputs/removed_other_bones_quarantine/raw_data__fracture_dataset__train__not fractured__7-rotated3-rotated1-rotated3-rotated1 (1).jpg,"not radius, ulna, or humerus"
./raw_data/fracture_dataset/train/not fractured/6-rotated2-rotated1-rotated1.jpg,outputs/removed_other_bones_quarantine/raw_data__fracture_dataset__train__not fractured__6-rotated2-rotated1-rotated1.jpg,"not radius, ulna, or humerus"
./raw_data/fracture_dataset/train/not fractured/28-rotated3-rotated3-rotated1 (1).jpg,outputs/removed_other_bones_quarantine/raw_data__fracture_dataset__train__not fractured__28-rotated3-rotated3-rotated1 (1).jpg,"not radius, ulna, or humerus"
./raw_data/fracture_dataset/train/not fractured/6-rotated2-rotated1-rotated2 (1).jpg,outputs/removed_other_bones_quarantine/raw_data__fracture_dataset__train__not fractured__6-rotated2-rotated1-rotated2 (1).jpg,"not radius, ulna, or humerus"
./raw_data/fracture_dataset/train/not fractured/14-rotated3-rotated2-rotated2 (1).jpg,outputs/removed_other_bones_quarantine/raw_data__fracture_dataset__train__not fractured__14-rotated3-rotated2-rotated2 (1).jpg,"not radius, ulna, or humerus"
./raw_data/fracture_dataset/train/not fractured/47-rotated1.jpg,outputs/removed_other_bones_quarantine/raw_data__fracture_dataset__train__not fractured__47-rotated1.jpg,"not radius, ulna, or humerus"
./raw_data/fracture_dataset/train/not fractured/60-rotated2-rotated1-rotated2.jpg,outputs/removed_other_bones_quarantine/raw_data__fracture_dataset__train__not fractured__60-rotated2-rotated1-rotated2.jpg,"not radius, ulna, or humerus"
./raw_data/fracture_dataset/train/not fractured/15-rotated3-rotated3-rotated3-rotated1 (1).jpg,outputs/removed_other_bones_quarantine/raw_data__fracture_dataset__train__not fractured__15-rotated3-rotated3-rotated3-rotated1 (1).jpg,"not radius, ulna, or humerus"
./raw_data/fracture_dataset/train/not fractured/17-rotated2-rotated2-rotated1-rotated1.jpg,outputs/removed_other_bones_quarantine/raw_data__fracture_dataset__train__not fractured__17-rotated2-rotated2-rotated1-rotated1.jpg,"not radius, ulna, or humerus"
./raw_data/fracture_dataset/train/not fractured/15-rotated2 (1).jpg,outputs/removed_other_bones_quarantine/raw_data__fracture_dataset__train__not fractured__15-rotated2 (1).jpg,"not radius, ulna, or humerus"
./raw_data/fracture_dataset/train/not fractured/4-rotated1-rotated3-rotated3 (1).jpg,outputs/removed_other_bones_quarantine/raw_data__fracture_dataset__train__not fractured__4-rotated1-rotated3-rotated3 (1).jpg,"not radius, ulna, or humerus"
./raw_data/fracture_dataset/train/not fractured/47-rotated2-rotated3-rotated2 (1).jpg,outputs/removed_other_bones_quarantine/raw_data__fracture_dataset__train__not fractured__47-rotated2-rotated3-rotated2 (1).jpg,"not radius, ulna, or humerus"
./raw_data/fracture_dataset/train/not fractured/3-rotated3-rotated1 (1).jpg,outputs/removed_other_bones_quarantine/raw_data__fracture_dataset__train__not fractured__3-rotated3-rotated1 (1).jpg,"not radius, ulna, or humerus"
./raw_data/fracture_dataset/train/not fractured/59-rotated2-rotated2-rotated3-rotated1.jpg,outputs/removed_other_bones_quarantine/raw_data__fracture_dataset__train__not fractured__59-rotated2-rotated2-rotated3-rotated1.jpg,"not radius, ulna, or humerus"
./raw_data/fracture_dataset/train/not fractured/59-rotated3-rotated3.jpg,outputs/removed_other_bones_quarantine/raw_data__fracture_dataset__train__not fractured__59-rotated3-rotated3.jpg,"not radius, ulna, or humerus"
./raw_data/fracture_dataset/train/not fractured/60-rotated2-rotated3-rotated3.jpg,outputs/removed_other_bones_quarantine/raw_data__fracture_dataset__train__not fractured__60-rotated2-rotated3-rotated3.jpg,"not radius, ulna, or humerus"
./raw_data/fracture_dataset/train/not fractured/7-rotated3-rotated1-rotated3 (1).jpg,outputs/removed_other_bones_quarantine/raw_data__fracture_dataset__train__not fractured__7-rotated3-rotated1-rotated3 (1).jpg,"not radius, ulna, or humerus"
./raw_data/fracture_dataset/train/not fractured/22-rotated1-rotated2-rotated1-rotated1.jpg,outputs/removed_other_bones_quarantine/raw_data__fracture_dataset__train__not fractured__22-rotated1-rotated2-rotated1-rotated1.jpg,"not radius, ulna, or humerus"
./raw_data/fracture_dataset/train/not fractured/52-rotated3-rotated1-rotated2-rotated1.jpg,outputs/removed_other_bones_quarantine/raw_data__fracture_dataset__train__not fractured__52-rotated3-rotated1-rotated2-rotated1.jpg,"not radius, ulna, or humerus"
./raw_data/fracture_dataset/train/not fractured/52-rotated1-rotated2-rotated1-rotated1.jpg,outputs/removed_other_bones_quarantine/raw_data__fracture_dataset__train__not fractured__52-rotated1-rotated2-rotated1-rotated1.jpg,"not radius, ulna, or humerus"
./raw_data/fracture_dataset/train/not fractured/70-rotated3-rotated2-rotated1-rotated1 (1).jpg,outputs/removed_other_bones_quarantine/raw_data__fracture_dataset__train__not fractured__70-rotated3-rotated2-rotated1-rotated1 (1).jpg,"not radius, ulna, or humerus"
./raw_data/fracture_dataset/train/not fractured/16-rotated3-rotated1-rotated1-rotated1.jpg,outputs/removed_other_bones_quarantine/raw_data__fracture_dataset__train__not fractured__16-rotated3-rotated1-rotated1-rotated1.jpg,"not radius, ulna, or humerus"
./raw_data/fracture_dataset/train/not fractured/6-rotated1-rotated3-rotated3.jpg,outputs/removed_other_bones_quarantine/raw_data__fracture_dataset__train__not fractured__6-rotated1-rotated3-rotated3.jpg,"not radius, ulna, or humerus"
./raw_data/fracture_dataset/train/not fractured/4-rotated2-rotated3.jpg,outputs/removed_other_bones_quarantine/raw_data__fracture_dataset__train__not fractured__4-rotated2-rotated3.jpg,"not radius, ulna, or humerus"
./raw_data/fracture_dataset/train/not fractured/10-rotated3-rotated1-rotated2 (1).jpg,outputs/removed_other_bones_quarantine/raw_data__fracture_dataset__train__not fractured__10-rotated3-rotated1-rotated2 (1).jpg,"not radius, ulna, or humerus"
./raw_data/fracture_dataset/train/not fractured/38-rotated1-rotated2-rotated1-rotated1 (1).jpg,outputs/removed_other_bones_quarantine/raw_data__fracture_dataset__train__not fractured__38-rotated1-rotated2-rotated1-rotated1 (1).jpg,"not radius, ulna, or humerus"
./raw_data/fracture_dataset/train/not fractured/4-rotated3-rotated2-rotated1-rotated1.jpg,outputs/removed_other_bones_quarantine/raw_data__fracture_dataset__train__not fractured__4-rotated3-rotated2-rotated1-rotated1.jpg,"not radius, ulna, or humerus"
./raw_data/fracture_dataset/train/not fractured/27-rotated1-rotated1 (1).jpg,outputs/removed_other_bones_quarantine/raw_data__fracture_dataset__train__not fractured__27-rotated1-rotated1 (1).jpg,"not radius, ulna, or humerus"
./raw_data/fracture_dataset/train/not fractured/19-rotated1-rotated2-rotated3 (1).jpg,outputs/removed_other_bones_quarantine/raw_data__fracture_dataset__train__not fractured__19-rotated1-rotated2-rotated3 (1).jpg,"not radius, ulna, or humerus"
./raw_data/fracture_dataset/train/not fractured/67-rotated3-rotated3-rotated1-rotated1.jpg,outputs/removed_other_bones_quarantine/raw_data__fracture_dataset__train__not fractured__67-rotated3-rotated3-rotated1-rotated1.jpg,"not radius, ulna, or humerus"
./raw_data/fracture_dataset/train/not fractured/35-rotated1-rotated2-rotated1-rotated1.jpg,outputs/removed_other_bones_quarantine/raw_data__fracture_dataset__train__not fractured__35-rotated1-rotated2-rotated1-rotated1.jpg,"not radius, ulna, or humerus"
./raw_data/fracture_dataset/train/not fractured/40-rotated1-rotated3-rotated1 (1).jpg,outputs/removed_other_bones_quarantine/raw_data__fracture_dataset__train__not fractured__40-rotated1-rotated3-rotated1 (1).jpg,"not radius, ulna, or humerus"
./raw_data/fracture_dataset/train/not fractured/13-rotated3-rotated2-rotated1-rotated1.jpg,outputs/removed_other_bones_quarantine/raw_data__fracture_dataset__train__not fractured__13-rotated3-rotated2-rotated1-rotated1.jpg,"not radius, ulna, or humerus"
./raw_data/fracture_dataset/train/not fractured/27-rotated3-rotated3-rotated1.jpg,outputs/removed_other_bones_quarantine/raw_data__fracture_dataset__train__not fractured__27-rotated3-rotated3-rotated1.jpg,"not radius, ulna, or humerus"
./raw_data/fracture_dataset/train/not fractured/67-rotated3-rotated1-rotated3.jpg,outputs/removed_other_bones_quarantine/raw_data__fracture_dataset__train__not fractured__67-rotated3-rotated1-rotated3.jpg,"not radius, ulna, or humerus"
./raw_data/fracture_dataset/train/not fractured/26-rotated1-rotated3-rotated2-rotated1 (1).jpg,outputs/removed_other_bones_quarantine/raw_data__fracture_dataset__train__not fractured__26-rotated1-rotated3-rotated2-rotated1 (1).jpg,"not radius, ulna, or humerus"
./raw_data/fracture_dataset/train/not fractured/31-rotated1-rotated1-rotated3-rotated1.jpg,outputs/removed_other_bones_quarantine/raw_data__fracture_dataset__train__not fractured__31-rotated1-rotated1-rotated3-rotated1.jpg,"not radius, ulna, or humerus"
./raw_data/fracture_dataset/train/not fractured/63-rotated3-rotated3-rotated2.jpg,outputs/removed_other_bones_quarantine/raw_data__fracture_dataset__train__not fractured__63-rotated3-rotated3-rotated2.jpg,"not radius, ulna, or humerus"
./raw_data/fracture_dataset/train/not fractured/58-rotated1-rotated3 (1).jpg,outputs/removed_other_bones_quarantine/raw_data__fracture_dataset__train__not fractured__58-rotated1-rotated3 (1).jpg,"not radius, ulna, or humerus"
./raw_data/fracture_dataset/train/not fractured/50-rotated1-rotated2-rotated1.jpg,outputs/removed_other_bones_quarantine/raw_data__fracture_dataset__train__not fractured__50-rotated1-rotated2-rotated1.jpg,"not radius, ulna, or humerus"
./raw_data/fracture_dataset/train/not fractured/34-rotated3-rotated1 (1).jpg,outputs/removed_other_bones_quarantine/raw_data__fracture_dataset__train__not fractured__34-rotated3-rotated1 (1).jpg,"not radius, ulna, or humerus"
./raw_data/fracture_dataset/train/not fractured/48-rotated1-rotated2 (1).jpg,outputs/removed_other_bones_quarantine/raw_data__fracture_dataset__train__not fractured__48-rotated1-rotated2 (1).jpg,"not radius, ulna, or humerus"
./raw_data/fracture_dataset/train/not fractured/46-rotated2-rotated3-rotated1-rotated1 (1).jpg,outputs/removed_other_bones_quarantine/raw_data__fracture_dataset__train__not fractured__46-rotated2-rotated3-rotated1-rotated1 (1).jpg,"not radius, ulna, or humerus"
./raw_data/fracture_dataset/train/not fractured/65-rotated3-rotated1-rotated3.jpg,outputs/removed_other_bones_quarantine/raw_data__fracture_dataset__train__not fractured__65-rotated3-rotated1-rotated3.jpg,"not radius, ulna, or humerus"
./raw_data/fracture_dataset/train/not fractured/3-rotated2-rotated2-rotated3 (2).jpg,outputs/removed_other_bones_quarantine/raw_data__fracture_dataset__train__not fractured__3-rotated2-rotated2-rotated3 (2).jpg,"not radius, ulna, or humerus"
./raw_data/fracture_dataset/train/not fractured/22-rotated2-rotated2-rotated3-rotated1.jpg,outputs/removed_other_bones_quarantine/raw_data__fracture_dataset__train__not fractured__22-rotated2-rotated2-rotated3-rotated1.jpg,"not radius, ulna, or humerus"
./raw_data/fracture_dataset/train/not fractured/67-rotated2-rotated2-rotated2-rotated1 (1).jpg,outputs/removed_other_bones_quarantine/raw_data__fracture_dataset__train__not fractured__67-rotated2-rotated2-rotated2-rotated1 (1).jpg,"not radius, ulna, or humerus"
./raw_data/fracture_dataset/train/not fractured/1-rotated2-rotated2-rotated1 (2).jpg,outputs/removed_other_bones_quarantine/raw_data__fracture_dataset__train__not fractured__1-rotated2-rotated2-rotated1 (2).jpg,"not radius, ulna, or humerus"
./raw_data/fracture_dataset/train/not fractured/51-rotated1-rotated1-rotated3 (1).jpg,outputs/removed_other_bones_quarantine/raw_data__fracture_dataset__train__not fractured__51-rotated1-rotated1-rotated3 (1).jpg,"not radius, ulna, or humerus"
./raw_data/fracture_dataset/train/not fractured/43-rotated3-rotated2-rotated1 (1).jpg,outputs/removed_other_bones_quarantine/raw_data__fracture_dataset__train__not fractured__43-rotated3-rotated2-rotated1 (1).jpg,"not radius, ulna, or humerus"
./raw_data/fracture_dataset/train/not fractured/25-rotated2-rotated2-rotated3 (1).jpg,outputs/removed_other_bones_quarantine/raw_data__fracture_dataset__train__not fractured__25-rotated2-rotated2-rotated3 (1).jpg,"not radius, ulna, or humerus"
./raw_data/fracture_dataset/train/not fractured/21-rotated3-rotated2-rotated2 (1).jpg,outputs/removed_other_bones_quarantine/raw_data__fracture_dataset__train__not fractured__21-rotated3-rotated2-rotated2 (1).jpg,"not radius, ulna, or humerus"
./raw_data/fracture_dataset/train/not fractured/12-rotated1-rotated1-rotated3-rotated1 (1).jpg,outputs/removed_other_bones_quarantine/raw_data__fracture_dataset__train__not fractured__12-rotated1-rotated1-rotated3-rotated1 (1).jpg,"not radius, ulna, or humerus"
./raw_data/fracture_dataset/train/not fractured/2-rotated1-rotated3-rotated3 (1).jpg,outputs/removed_other_bones_quarantine/raw_data__fracture_dataset__train__not fractured__2-rotated1-rotated3-rotated3 (1).jpg,"not radius, ulna, or humerus"
./raw_data/fracture_dataset/train/not fractured/2-rotated3-rotated1-rotated2-rotated1 (1).jpg,outputs/removed_other_bones_quarantine/raw_data__fracture_dataset__train__not fractured__2-rotated3-rotated1-rotated2-rotated1 (1).jpg,"not radius, ulna, or humerus"
./raw_data/fracture_dataset/train/not fractured/61-rotated3-rotated3-rotated2.jpg,outputs/removed_other_bones_quarantine/raw_data__fracture_dataset__train__not fractured__61-rotated3-rotated3-rotated2.jpg,"not radius, ulna, or humerus"
./raw_data/fracture_dataset/train/not fractured/51-rotated2-rotated1-rotated2-rotated1.jpg,outputs/removed_other_bones_quarantine/raw_data__fracture_dataset__train__not fractured__51-rotated2-rotated1-rotated2-rotated1.jpg,"not radius, ulna, or humerus"
./raw_data/fracture_dataset/train/not fractured/48-rotated3-rotated2-rotated1-rotated1 (1).jpg,outputs/removed_other_bones_quarantine/raw_data__fracture_dataset__train__not fractured__48-rotated3-rotated2-rotated1-rotated1 (1).jpg,"not radius, ulna, or humerus"
./raw_data/fracture_dataset/train/not fractured/41-rotated1-rotated1-rotated1-rotated1.jpg,outputs/removed_other_bones_quarantine/raw_data__fracture_dataset__train__not fractured__41-rotated1-rotated1-rotated1-rotated1.jpg,"not radius, ulna, or humerus"
./raw_data/fracture_dataset/train/not fractured/15-rotated3-rotated3-rotated3.jpg,outputs/removed_other_bones_quarantine/raw_data__fracture_dataset__train__not fractured__15-rotated3-rotated3-rotated3.jpg,"not radius, ulna, or humerus"
./raw_data/fracture_dataset/train/not fractured/39-rotated2-rotated3.jpg,outputs/removed_other_bones_quarantine/raw_data__fracture_dataset__train__not fractured__39-rotated2-rotated3.jpg,"not radius, ulna, or humerus"
./raw_data/fracture_dataset/train/not fractured/50-rotated3-rotated1-rotated2-rotated1 (1).jpg,outputs/removed_other_bones_quarantine/raw_data__fracture_dataset__train__not fractured__50-rotated3-rotated1-rotated2-rotated1 (1).jpg,"not radius, ulna, or humerus"
./raw_data/fracture_dataset/train/not fractured/68-rotated3-rotated2-rotated1 (2).jpg,outputs/removed_other_bones_quarantine/raw_data__fracture_dataset__train__not fractured__68-rotated3-rotated2-rotated1 (2).jpg,"not radius, ulna, or humerus"
./raw_data/fracture_dataset/train/not fractured/6-rotated3-rotated3 (1).jpg,outputs/removed_other_bones_quarantine/raw_data__fracture_dataset__train__not fractured__6-rotated3-rotated3 (1).jpg,"not radius, ulna, or humerus"
./raw_data/fracture_dataset/train/not fractured/14-rotated1-rotated2-rotated1-rotated1.jpg,outputs/removed_other_bones_quarantine/raw_data__fracture_dataset__train__not fractured__14-rotated1-rotated2-rotated1-rotated1.jpg,"not radius, ulna, or humerus"
./raw_data/fracture_dataset/train/not fractured/21-rotated3-rotated2-rotated1-rotated1.jpg,outputs/removed_other_bones_quarantine/raw_data__fracture_dataset__train__not fractured__21-rotated3-rotated2-rotated1-rotated1.jpg,"not radius, ulna, or humerus"
./raw_data/fracture_dataset/train/not fractured/50-rotated2-rotated1-rotated1-rotated1.jpg,outputs/removed_other_bones_quarantine/raw_data__fracture_dataset__train__not fractured__50-rotated2-rotated1-rotated1-rotated1.jpg,"not radius, ulna, or humerus"
./raw_data/fracture_dataset/train/not fractured/58-rotated2-rotated1-rotated2 (1).jpg,outputs/removed_other_bones_quarantine/raw_data__fracture_dataset__train__not fractured__58-rotated2-rotated1-rotated2 (1).jpg,"not radius, ulna, or humerus"
./raw_data/fracture_dataset/train/not fractured/7-rotated1-rotated2-rotated2 (1).jpg,outputs/removed_other_bones_quarantine/raw_data__fracture_dataset__train__not fractured__7-rotated1-rotated2-rotated2 (1).jpg,"not radius, ulna, or humerus"
./raw_data/fracture_dataset/train/not fractured/48-rotated1-rotated1-rotated2-rotated1 (1).jpg,outputs/removed_other_bones_quarantine/raw_data__fracture_dataset__train__not fractured__48-rotated1-rotated1-rotated2-rotated1 (1).jpg,"not radius, ulna, or humerus"
./raw_data/fracture_dataset/train/not fractured/60-rotated2-rotated3-rotated3-rotated1 (1).jpg,outputs/removed_other_bones_quarantine/raw_data__fracture_dataset__train__not fractured__60-rotated2-rotated3-rotated3-rotated1 (1).jpg,"not radius, ulna, or humerus"
./raw_data/fracture_dataset/train/not fractured/14-rotated1-rotated2-rotated3 (1).jpg,outputs/removed_other_bones_quarantine/raw_data__fracture_dataset__train__not fractured__14-rotated1-rotated2-rotated3 (1).jpg,"not radius, ulna, or humerus"
./raw_data/fracture_dataset/train/not fractured/12-rotated2-rotated2-rotated1-rotated1 (1).jpg,outputs/removed_other_bones_quarantine/raw_data__fracture_dataset__train__not fractured__12-rotated2-rotated2-rotated1-rotated1 (1).jpg,"not radius, ulna, or humerus"
./raw_data/fracture_dataset/train/not fractured/3-rotated1-rotated3-rotated1-rotated1.jpg,outputs/removed_other_bones_quarantine/raw_data__fracture_dataset__train__not fractured__3-rotated1-rotated3-rotated1-rotated1.jpg,"not radius, ulna, or humerus"
./raw_data/fracture_dataset/train/not fractured/46-rotated1-rotated1-rotated1-rotated1.jpg,outputs/removed_other_bones_quarantine/raw_data__fracture_dataset__train__not fractured__46-rotated1-rotated1-rotated1-rotated1.jpg,"not radius, ulna, or humerus"
./raw_data/fracture_dataset/train/not fractured/12-rotated2-rotated3-rotated3-rotated1 (1).jpg,outputs/removed_other_bones_quarantine/raw_data__fracture_dataset__train__not fractured__12-rotated2-rotated3-rotated3-rotated1 (1).jpg,"not radius, ulna, or humerus"
./raw_data/fracture_dataset/train/not fractured/58-rotated1-rotated3-rotated2-rotated1.jpg,outputs/removed_other_bones_quarantine/raw_data__fracture_dataset__train__not fractured__58-rotated1-rotated3-rotated2-rotated1.jpg,"not radius, ulna, or humerus"
./raw_data/fracture_dataset/train/not fractured/63-rotated3-rotated1-rotated2.jpg,outputs/removed_other_bones_quarantine/raw_data__fracture_dataset__train__not fractured__63-rotated3-rotated1-rotated2.jpg,"not radius, ulna, or humerus"
./raw_data/fracture_dataset/train/not fractured/16 (1).jpg,outputs/removed_other_bones_quarantine/raw_data__fracture_dataset__train__not fractured__16 (1).jpg,"not radius, ulna, or humerus"
./raw_data/fracture_dataset/train/not fractured/1-rotated3-rotated1-rotated2 (1).jpg,outputs/removed_other_bones_quarantine/raw_data__fracture_dataset__train__not fractured__1-rotated3-rotated1-rotated2 (1).jpg,"not radius, ulna, or humerus"
./raw_data/fracture_dataset/train/not fractured/10.jpg,outputs/removed_other_bones_quarantine/raw_data__fracture_dataset__train__not fractured__10.jpg,"not radius, ulna, or humerus"
./raw_data/fracture_dataset/train/not fractured/59-rotated2-rotated1-rotated3.jpg,outputs/removed_other_bones_quarantine/raw_data__fracture_dataset__train__not fractured__59-rotated2-rotated1-rotated3.jpg,"not radius, ulna, or humerus"
./raw_data/fracture_dataset/train/not fractured/48-rotated2-rotated2-rotated3.jpg,outputs/removed_other_bones_quarantine/raw_data__fracture_dataset__train__not fractured__48-rotated2-rotated2-rotated3.jpg,"not radius, ulna, or humerus"
./raw_data/fracture_dataset/train/not fractured/54-rotated2-rotated2-rotated1.jpg,outputs/removed_other_bones_quarantine/raw_data__fracture_dataset__train__not fractured__54-rotated2-rotated2-rotated1.jpg,"not radius, ulna, or humerus"
./raw_data/fracture_dataset/train/not fractured/53-rotated1-rotated3-rotated2 (1).jpg,outputs/removed_other_bones_quarantine/raw_data__fracture_dataset__train__not fractured__53-rotated1-rotated3-rotated2 (1).jpg,"not radius, ulna, or humerus"
./raw_data/fracture_dataset/train/not fractured/19-rotated2-rotated1-rotated1 (1).jpg,outputs/removed_other_bones_quarantine/raw_data__fracture_dataset__train__not fractured__19-rotated2-rotated1-rotated1 (1).jpg,"not radius, ulna, or humerus"
./raw_data/fracture_dataset/train/not fractured/56-rotated1-rotated3-rotated3-rotated1 (1).jpg,outputs/removed_other_bones_quarantine/raw_data__fracture_dataset__train__not fractured__56-rotated1-rotated3-rotated3-rotated1 (1).jpg,"not radius, ulna, or humerus"
./raw_data/fracture_dataset/train/not fractured/2-rotated1-rotated2-rotated2 (1).jpg,outputs/removed_other_bones_quarantine/raw_data__fracture_dataset__train__not fractured__2-rotated1-rotated2-rotated2 (1).jpg,"not radius, ulna, or humerus"
./raw_data/fracture_dataset/train/not fractured/27-rotated2-rotated1-rotated2 (1).jpg,outputs/removed_other_bones_quarantine/raw_data__fracture_dataset__train__not fractured__27-rotated2-rotated1-rotated2 (1).jpg,"not radius, ulna, or humerus"
./raw_data/fracture_dataset/train/not fractured/65-rotated1-rotated2-rotated3-rotated1 (1).jpg,outputs/removed_other_bones_quarantine/raw_data__fracture_dataset__train__not fractured__65-rotated1-rotated2-rotated3-rotated1 (1).jpg,"not radius, ulna, or humerus"
./raw_data/fracture_dataset/train/not fractured/70-rotated1-rotated1-rotated2 (1).jpg,outputs/removed_other_bones_quarantine/raw_data__fracture_dataset__train__not fractured__70-rotated1-rotated1-rotated2 (1).jpg,"not radius, ulna, or humerus"
./raw_data/fracture_dataset/train/not fractured/62-rotated2-rotated3-rotated3.jpg,outputs/removed_other_bones_quarantine/raw_data__fracture_dataset__train__not fractured__62-rotated2-rotated3-rotated3.jpg,"not radius, ulna, or humerus"
./raw_data/fracture_dataset/train/not fractured/55-rotated1-rotated2-rotated1-rotated1.jpg,outputs/removed_other_bones_quarantine/raw_data__fracture_dataset__train__not fractured__55-rotated1-rotated2-rotated1-rotated1.jpg,"not radius, ulna, or humerus"
./raw_data/fracture_dataset/train/not fractured/26-rotated1-rotated3-rotated2 (1).jpg,outputs/removed_other_bones_quarantine/raw_data__fracture_dataset__train__not fractured__26-rotated1-rotated3-rotated2 (1).jpg,"not radius, ulna, or humerus"
./raw_data/fracture_dataset/train/not fractured/1-rotated2-rotated1-rotated3-rotated1.jpg,outputs/removed_other_bones_quarantine/raw_data__fracture_dataset__train__not fractured__1-rotated2-rotated1-rotated3-rotated1.jpg,"not radius, ulna, or humerus"
./raw_data/fracture_dataset/train/not fractured/5-rotated3-rotated2-rotated2 (1).jpg,outputs/removed_other_bones_quarantine/raw_data__fracture_dataset__train__not fractured__5-rotated3-rotated2-rotated2 (1).jpg,"not radius, ulna, or humerus"
./raw_data/fracture_dataset/train/not fractured/47-rotated3-rotated3-rotated2 (1).jpg,outputs/removed_other_bones_quarantine/raw_data__fracture_dataset__train__not fractured__47-rotated3-rotated3-rotated2 (1).jpg,"not radius, ulna, or humerus"
./raw_data/fracture_dataset/train/not fractured/48-rotated2-rotated2-rotated2 (1).jpg,outputs/removed_other_bones_quarantine/raw_data__fracture_dataset__train__not fractured__48-rotated2-rotated2-rotated2 (1).jpg,"not radius, ulna, or humerus"
./raw_data/fracture_dataset/train/not fractured/5-rotated2-rotated2-rotated3-rotated1 (1).jpg,outputs/removed_other_bones_quarantine/raw_data__fracture_dataset__train__not fractured__5-rotated2-rotated2-rotated3-rotated1 (1).jpg,"not radius, ulna, or humerus"
./raw_data/fracture_dataset/train/not fractured/36-rotated2-rotated1 (1).jpg,outputs/removed_other_bones_quarantine/raw_data__fracture_dataset__train__not fractured__36-rotated2-rotated1 (1).jpg,"not radius, ulna, or humerus"
./raw_data/fracture_dataset/train/not fractured/68-rotated2-rotated1-rotated3.jpg,outputs/removed_other_bones_quarantine/raw_data__fracture_dataset__train__not fractured__68-rotated2-rotated1-rotated3.jpg,"not radius, ulna, or humerus"
./raw_data/fracture_dataset/train/not fractured/32-rotated2-rotated2-rotated1 (1).jpg,outputs/removed_other_bones_quarantine/raw_data__fracture_dataset__train__not fractured__32-rotated2-rotated2-rotated1 (1).jpg,"not radius, ulna, or humerus"
./raw_data/fracture_dataset/train/not fractured/61-rotated2-rotated2-rotated2.jpg,outputs/removed_other_bones_quarantine/raw_data__fracture_dataset__train__not fractured__61-rotated2-rotated2-rotated2.jpg,"not radius, ulna, or humerus"
./raw_data/fracture_dataset/train/not fractured/7-rotated1-rotated3-rotated3-rotated1 (2).jpg,outputs/removed_other_bones_quarantine/raw_data__fracture_dataset__train__not fractured__7-rotated1-rotated3-rotated3-rotated1 (2).jpg,"not radius, ulna, or humerus"
./raw_data/fracture_dataset/train/not fractured/6-rotated1-rotated2-rotated1.jpg,outputs/removed_other_bones_quarantine/raw_data__fracture_dataset__train__not fractured__6-rotated1-rotated2-rotated1.jpg,"not radius, ulna, or humerus"
./raw_data/fracture_dataset/train/not fractured/36.jpg,outputs/removed_other_bones_quarantine/raw_data__fracture_dataset__train__not fractured__36.jpg,"not radius, ulna, or humerus"
./raw_data/fracture_dataset/train/not fractured/9-rotated2-rotated3 (1).jpg,outputs/removed_other_bones_quarantine/raw_data__fracture_dataset__train__not fractured__9-rotated2-rotated3 (1).jpg,"not radius, ulna, or humerus"
./raw_data/fracture_dataset/train/not fractured/36-rotated1-rotated2-rotated2-rotated1 (1).jpg,outputs/removed_other_bones_quarantine/raw_data__fracture_dataset__train__not fractured__36-rotated1-rotated2-rotated2-rotated1 (1).jpg,"not radius, ulna, or humerus"
./raw_data/fracture_dataset/train/not fractured/53-rotated3-rotated1-rotated3 (1).jpg,outputs/removed_other_bones_quarantine/raw_data__fracture_dataset__train__not fractured__53-rotated3-rotated1-rotated3 (1).jpg,"not radius, ulna, or humerus"
./raw_data/fracture_dataset/train/not fractured/58-rotated1-rotated2.jpg,outputs/removed_other_bones_quarantine/raw_data__fracture_dataset__train__not fractured__58-rotated1-rotated2.jpg,"not radius, ulna, or humerus"
./raw_data/fracture_dataset/train/not fractured/28-rotated3-rotated3-rotated2-rotated1.jpg,outputs/removed_other_bones_quarantine/raw_data__fracture_dataset__train__not fractured__28-rotated3-rotated3-rotated2-rotated1.jpg,"not radius, ulna, or humerus"
./raw_data/fracture_dataset/train/not fractured/29-rotated1-rotated3-rotated1 (1).jpg,outputs/removed_other_bones_quarantine/raw_data__fracture_dataset__train__not fractured__29-rotated1-rotated3-rotated1 (1).jpg,"not radius, ulna, or humerus"
./raw_data/fracture_dataset/train/not fractured/7.jpg,outputs/removed_other_bones_quarantine/raw_data__fracture_dataset__train__not fractured__7.jpg,"not radius, ulna, or humerus"
./raw_data/fracture_dataset/train/not fractured/43-rotated3-rotated2-rotated1-rotated1 (1).jpg,outputs/removed_other_bones_quarantine/raw_data__fracture_dataset__train__not fractured__43-rotated3-rotated2-rotated1-rotated1 (1).jpg,"not radius, ulna, or humerus"
./raw_data/fracture_dataset/train/not fractured/36-rotated3-rotated1-rotated2 (1).jpg,outputs/removed_other_bones_quarantine/raw_data__fracture_dataset__train__not fractured__36-rotated3-rotated1-rotated2 (1).jpg,"not radius, ulna, or humerus"
./raw_data/fracture_dataset/train/not fractured/5-rotated3-rotated2-rotated2-rotated1 (1).jpg,outputs/removed_other_bones_quarantine/raw_data__fracture_dataset__train__not fractured__5-rotated3-rotated2-rotated2-rotated1 (1).jpg,"not radius, ulna, or humerus"
./raw_data/fracture_dataset/train/not fractured/46-rotated3-rotated1-rotated3-rotated1.jpg,outputs/removed_other_bones_quarantine/raw_data__fracture_dataset__train__not fractured__46-rotated3-rotated1-rotated3-rotated1.jpg,"not radius, ulna, or humerus"
./raw_data/fracture_dataset/train/not fractured/51-rotated3-rotated2-rotated3-rotated1 (1).jpg,outputs/removed_other_bones_quarantine/raw_data__fracture_dataset__train__not fractured__51-rotated3-rotated2-rotated3-rotated1 (1).jpg,"not radius, ulna, or humerus"
./raw_data/fracture_dataset/train/not fractured/21-rotated1-rotated1-rotated2.jpg,outputs/removed_other_bones_quarantine/raw_data__fracture_dataset__train__not fractured__21-rotated1-rotated1-rotated2.jpg,"not radius, ulna, or humerus"
./raw_data/fracture_dataset/train/not fractured/18-rotated1-rotated1-rotated3 (1).jpg,outputs/removed_other_bones_quarantine/raw_data__fracture_dataset__train__not fractured__18-rotated1-rotated1-rotated3 (1).jpg,"not radius, ulna, or humerus"
./raw_data/fracture_dataset/train/not fractured/2-rotated2-rotated3-rotated1-rotated1 (1).jpg,outputs/removed_other_bones_quarantine/raw_data__fracture_dataset__train__not fractured__2-rotated2-rotated3-rotated1-rotated1 (1).jpg,"not radius, ulna, or humerus"
./raw_data/fracture_dataset/train/not fractured/45-rotated2-rotated2-rotated3-rotated1 (1).jpg,outputs/removed_other_bones_quarantine/raw_data__fracture_dataset__train__not fractured__45-rotated2-rotated2-rotated3-rotated1 (1).jpg,"not radius, ulna, or humerus"
./raw_data/fracture_dataset/train/not fractured/40-rotated2-rotated3-rotated1-rotated1.jpg,outputs/removed_other_bones_quarantine/raw_data__fracture_dataset__train__not fractured__40-rotated2-rotated3-rotated1-rotated1.jpg,"not radius, ulna, or humerus"
./raw_data/fracture_dataset/train/not fractured/23-rotated2-rotated1-rotated3.jpg,outputs/removed_other_bones_quarantine/raw_data__fracture_dataset__train__not fractured__23-rotated2-rotated1-rotated3.jpg,"not radius, ulna, or humerus"
./raw_data/fracture_dataset/train/not fractured/59-rotated3-rotated1-rotated1-rotated1 (1).jpg,outputs/removed_other_bones_quarantine/raw_data__fracture_dataset__train__not fractured__59-rotated3-rotated1-rotated1-rotated1 (1).jpg,"not radius, ulna, or humerus"
./raw_data/fracture_dataset/train/not fractured/46-rotated2-rotated2-rotated1 (1).jpg,outputs/removed_other_bones_quarantine/raw_data__fracture_dataset__train__not fractured__46-rotated2-rotated2-rotated1 (1).jpg,"not radius, ulna, or humerus"
./raw_data/fracture_dataset/train/not fractured/63-rotated2-rotated3-rotated1 (1).jpg,outputs/removed_other_bones_quarantine/raw_data__fracture_dataset__train__not fractured__63-rotated2-rotated3-rotated1 (1).jpg,"not radius, ulna, or humerus"
./raw_data/fracture_dataset/train/not fractured/61.jpg,outputs/removed_other_bones_quarantine/raw_data__fracture_dataset__train__not fractured__61.jpg,"not radius, ulna, or humerus"
./raw_data/fracture_dataset/train/not fractured/51-rotated3-rotated2-rotated3 (1).jpg,outputs/removed_other_bones_quarantine/raw_data__fracture_dataset__train__not fractured__51-rotated3-rotated2-rotated3 (1).jpg,"not radius, ulna, or humerus"
./raw_data/fracture_dataset/train/not fractured/61-rotated1-rotated2-rotated3.jpg,outputs/removed_other_bones_quarantine/raw_data__fracture_dataset__train__not fractured__61-rotated1-rotated2-rotated3.jpg,"not radius, ulna, or humerus"
./raw_data/fracture_dataset/train/not fractured/23-rotated1-rotated1-rotated2-rotated1 (1).jpg,outputs/removed_other_bones_quarantine/raw_data__fracture_dataset__train__not fractured__23-rotated1-rotated1-rotated2-rotated1 (1).jpg,"not radius, ulna, or humerus"
./raw_data/fracture_dataset/train/not fractured/53-rotated1-rotated1-rotated2-rotated1.jpg,outputs/removed_other_bones_quarantine/raw_data__fracture_dataset__train__not fractured__53-rotated1-rotated1-rotated2-rotated1.jpg,"not radius, ulna, or humerus"
./raw_data/fracture_dataset/train/not fractured/45-rotated2-rotated2-rotated1 (1).jpg,outputs/removed_other_bones_quarantine/raw_data__fracture_dataset__train__not fractured__45-rotated2-rotated2-rotated1 (1).jpg,"not radius, ulna, or humerus"
./raw_data/fracture_dataset/train/not fractured/22-rotated1-rotated2-rotated1 (1).jpg,outputs/removed_other_bones_quarantine/raw_data__fracture_dataset__train__not fractured__22-rotated1-rotated2-rotated1 (1).jpg,"not radius, ulna, or humerus"
./raw_data/fracture_dataset/train/not fractured/2-rotated3 (2).jpg,outputs/removed_other_bones_quarantine/raw_data__fracture_dataset__train__not fractured__2-rotated3 (2).jpg,"not radius, ulna, or humerus"
./raw_data/fracture_dataset/train/not fractured/22-rotated3-rotated3 (1).jpg,outputs/removed_other_bones_quarantine/raw_data__fracture_dataset__train__not fractured__22-rotated3-rotated3 (1).jpg,"not radius, ulna, or humerus"
./raw_data/fracture_dataset/train/not fractured/58-rotated3-rotated2-rotated3-rotated1.jpg,outputs/removed_other_bones_quarantine/raw_data__fracture_dataset__train__not fractured__58-rotated3-rotated2-rotated3-rotated1.jpg,"not radius, ulna, or humerus"
./raw_data/fracture_dataset/train/not fractured/2-rotated2 (2).jpg,outputs/removed_other_bones_quarantine/raw_data__fracture_dataset__train__not fractured__2-rotated2 (2).jpg,"not radius, ulna, or humerus"
./raw_data/fracture_dataset/train/not fractured/10-rotated1-rotated1-rotated1.jpg,outputs/removed_other_bones_quarantine/raw_data__fracture_dataset__train__not fractured__10-rotated1-rotated1-rotated1.jpg,"not radius, ulna, or humerus"
./raw_data/fracture_dataset/train/not fractured/25-rotated1-rotated2-rotated1 (1).jpg,outputs/removed_other_bones_quarantine/raw_data__fracture_dataset__train__not fractured__25-rotated1-rotated2-rotated1 (1).jpg,"not radius, ulna, or humerus"
./raw_data/fracture_dataset/train/not fractured/65-rotated3-rotated1-rotated1.jpg,outputs/removed_other_bones_quarantine/raw_data__fracture_dataset__train__not fractured__65-rotated3-rotated1-rotated1.jpg,"not radius, ulna, or humerus"
./raw_data/fracture_dataset/train/not fractured/9-rotated2-rotated3-rotated2-rotated1.jpg,outputs/removed_other_bones_quarantine/raw_data__fracture_dataset__train__not fractured__9-rotated2-rotated3-rotated2-rotated1.jpg,"not radius, ulna, or humerus"
./raw_data/fracture_dataset/train/not fractured/42-rotated1-rotated3-rotated2-rotated1 (1).jpg,outputs/removed_other_bones_quarantine/raw_data__fracture_dataset__train__not fractured__42-rotated1-rotated3-rotated2-rotated1 (1).jpg,"not radius, ulna, or humerus"
./raw_data/fracture_dataset/train/not fractured/28-rotated2-rotated1-rotated3-rotated1 (1).jpg,outputs/removed_other_bones_quarantine/raw_data__fracture_dataset__train__not fractured__28-rotated2-rotated1-rotated3-rotated1 (1).jpg,"not radius, ulna, or humerus"
./raw_data/fracture_dataset/train/not fractured/54-rotated2-rotated2-rotated1-rotated1.jpg,outputs/removed_other_bones_quarantine/raw_data__fracture_dataset__train__not fractured__54-rotated2-rotated2-rotated1-rotated1.jpg,"not radius, ulna, or humerus"
./raw_data/fracture_dataset/train/not fractured/3-rotated3-rotated2 (1).jpg,outputs/removed_other_bones_quarantine/raw_data__fracture_dataset__train__not fractured__3-rotated3-rotated2 (1).jpg,"not radius, ulna, or humerus"
./raw_data/fracture_dataset/train/not fractured/62-rotated1-rotated3-rotated2 (1).jpg,outputs/removed_other_bones_quarantine/raw_data__fracture_dataset__train__not fractured__62-rotated1-rotated3-rotated2 (1).jpg,"not radius, ulna, or humerus"
./raw_data/fracture_dataset/train/not fractured/16-rotated1-rotated3-rotated1.jpg,outputs/removed_other_bones_quarantine/raw_data__fracture_dataset__train__not fractured__16-rotated1-rotated3-rotated1.jpg,"not radius, ulna, or humerus"
./raw_data/fracture_dataset/train/not fractured/22-rotated1-rotated3.jpg,outputs/removed_other_bones_quarantine/raw_data__fracture_dataset__train__not fractured__22-rotated1-rotated3.jpg,"not radius, ulna, or humerus"
./raw_data/fracture_dataset/train/not fractured/47-rotated2 (1).jpg,outputs/removed_other_bones_quarantine/raw_data__fracture_dataset__train__not fractured__47-rotated2 (1).jpg,"not radius, ulna, or humerus"
./raw_data/fracture_dataset/train/not fractured/69-rotated1-rotated3-rotated1 (1).jpg,outputs/removed_other_bones_quarantine/raw_data__fracture_dataset__train__not fractured__69-rotated1-rotated3-rotated1 (1).jpg,"not radius, ulna, or humerus"
./raw_data/fracture_dataset/train/not fractured/39-rotated1-rotated3-rotated2-rotated1.jpg,outputs/removed_other_bones_quarantine/raw_data__fracture_dataset__train__not fractured__39-rotated1-rotated3-rotated2-rotated1.jpg,"not radius, ulna, or humerus"
./raw_data/fracture_dataset/train/not fractured/12-rotated3-rotated2-rotated2.jpg,outputs/removed_other_bones_quarantine/raw_data__fracture_dataset__train__not fractured__12-rotated3-rotated2-rotated2.jpg,"not radius, ulna, or humerus"
./raw_data/fracture_dataset/train/not fractured/14-rotated1-rotated2 (1).jpg,outputs/removed_other_bones_quarantine/raw_data__fracture_dataset__train__not fractured__14-rotated1-rotated2 (1).jpg,"not radius, ulna, or humerus"
./raw_data/fracture_dataset/train/not fractured/25-rotated1-rotated2-rotated2 (1).jpg,outputs/removed_other_bones_quarantine/raw_data__fracture_dataset__train__not fractured__25-rotated1-rotated2-rotated2 (1).jpg,"not radius, ulna, or humerus"
./raw_data/fracture_dataset/train/not fractured/53-rotated2-rotated2-rotated2 (1).jpg,outputs/removed_other_bones_quarantine/raw_data__fracture_dataset__train__not fractured__53-rotated2-rotated2-rotated2 (1).jpg,"not radius, ulna, or humerus"
./raw_data/fracture_dataset/train/not fractured/2-rotated2-rotated3-rotated1.jpg,outputs/removed_other_bones_quarantine/raw_data__fracture_dataset__train__not fractured__2-rotated2-rotated3-rotated1.jpg,"not radius, ulna, or humerus"
./raw_data/fracture_dataset/train/not fractured/42-rotated2-rotated2-rotated3 (1).jpg,outputs/removed_other_bones_quarantine/raw_data__fracture_dataset__train__not fractured__42-rotated2-rotated2-rotated3 (1).jpg,"not radius, ulna, or humerus"
./raw_data/fracture_dataset/train/not fractured/32-rotated1-rotated3-rotated2 (1).jpg,outputs/removed_other_bones_quarantine/raw_data__fracture_dataset__train__not fractured__32-rotated1-rotated3-rotated2 (1).jpg,"not radius, ulna, or humerus"
./raw_data/fracture_dataset/train/not fractured/23-rotated2-rotated2 (1).jpg,outputs/removed_other_bones_quarantine/raw_data__fracture_dataset__train__not fractured__23-rotated2-rotated2 (1).jpg,"not radius, ulna, or humerus"
./raw_data/fracture_dataset/train/not fractured/68-rotated1-rotated3-rotated2-rotated1.jpg,outputs/removed_other_bones_quarantine/raw_data__fracture_dataset__train__not fractured__68-rotated1-rotated3-rotated2-rotated1.jpg,"not radius, ulna, or humerus"
./raw_data/fracture_dataset/train/not fractured/20-rotated2-rotated2-rotated1-rotated1.jpg,outputs/removed_other_bones_quarantine/raw_data__fracture_dataset__train__not fractured__20-rotated2-rotated2-rotated1-rotated1.jpg,"not radius, ulna, or humerus"
./raw_data/fracture_dataset/train/not fractured/30-rotated3-rotated1-rotated3-rotated1.jpg,outputs/removed_other_bones_quarantine/raw_data__fracture_dataset__train__not fractured__30-rotated3-rotated1-rotated3-rotated1.jpg,"not radius, ulna, or humerus"
./raw_data/fracture_dataset/train/not fractured/69-rotated3-rotated2-rotated3-rotated1 (1).jpg,outputs/removed_other_bones_quarantine/raw_data__fracture_dataset__train__not fractured__69-rotated3-rotated2-rotated3-rotated1 (1).jpg,"not radius, ulna, or humerus"
./raw_data/fracture_dataset/train/not fractured/29-rotated3-rotated1-rotated1 (1).jpg,outputs/removed_other_bones_quarantine/raw_data__fracture_dataset__train__not fractured__29-rotated3-rotated1-rotated1 (1).jpg,"not radius, ulna, or humerus"
./raw_data/fracture_dataset/train/not fractured/49-rotated2-rotated1-rotated2-rotated1 (1).jpg,outputs/removed_other_bones_quarantine/raw_data__fracture_dataset__train__not fractured__49-rotated2-rotated1-rotated2-rotated1 (1).jpg,"not radius, ulna, or humerus"
./raw_data/fracture_dataset/train/not fractured/61-rotated1-rotated3-rotated2.jpg,outputs/removed_other_bones_quarantine/raw_data__fracture_dataset__train__not fractured__61-rotated1-rotated3-rotated2.jpg,"not radius, ulna, or humerus"
./raw_data/fracture_dataset/train/not fractured/19-rotated1-rotated2-rotated2-rotated1.jpg,outputs/removed_other_bones_quarantine/raw_data__fracture_dataset__train__not fractured__19-rotated1-rotated2-rotated2-rotated1.jpg,"not radius, ulna, or humerus"
./raw_data/fracture_dataset/train/not fractured/12-rotated3-rotated1.jpg,outputs/removed_other_bones_quarantine/raw_data__fracture_dataset__train__not fractured__12-rotated3-rotated1.jpg,"not radius, ulna, or humerus"
./raw_data/fracture_dataset/train/not fractured/18-rotated3-rotated3-rotated2-rotated1.jpg,outputs/removed_other_bones_quarantine/raw_data__fracture_dataset__train__not fractured__18-rotated3-rotated3-rotated2-rotated1.jpg,"not radius, ulna, or humerus"
./raw_data/fracture_dataset/train/not fractured/54-rotated2-rotated3-rotated1.jpg,outputs/removed_other_bones_quarantine/raw_data__fracture_dataset__train__not fractured__54-rotated2-rotated3-rotated1.jpg,"not radius, ulna, or humerus"
./raw_data/fracture_dataset/train/not fractured/50-rotated1-rotated3-rotated3.jpg,outputs/removed_other_bones_quarantine/raw_data__fracture_dataset__train__not fractured__50-rotated1-rotated3-rotated3.jpg,"not radius, ulna, or humerus"
./raw_data/fracture_dataset/train/not fractured/14-rotated3-rotated1-rotated2-rotated1 (1).jpg,outputs/removed_other_bones_quarantine/raw_data__fracture_dataset__train__not fractured__14-rotated3-rotated1-rotated2-rotated1 (1).jpg,"not radius, ulna, or humerus"
./raw_data/fracture_dataset/train/not fractured/52-rotated1-rotated2-rotated2-rotated1 (1).jpg,outputs/removed_other_bones_quarantine/raw_data__fracture_dataset__train__not fractured__52-rotated1-rotated2-rotated2-rotated1 (1).jpg,"not radius, ulna, or humerus"
./raw_data/fracture_dataset/train/not fractured/28-rotated1-rotated1-rotated3-rotated1 (1).jpg,outputs/removed_other_bones_quarantine/raw_data__fracture_dataset__train__not fractured__28-rotated1-rotated1-rotated3-rotated1 (1).jpg,"not radius, ulna, or humerus"
./raw_data/fracture_dataset/train/not fractured/13-rotated3-rotated1-rotated2.jpg,outputs/removed_other_bones_quarantine/raw_data__fracture_dataset__train__not fractured__13-rotated3-rotated1-rotated2.jpg,"not radius, ulna, or humerus"
./raw_data/fracture_dataset/train/not fractured/24-rotated1-rotated2-rotated3 (1).jpg,outputs/removed_other_bones_quarantine/raw_data__fracture_dataset__train__not fractured__24-rotated1-rotated2-rotated3 (1).jpg,"not radius, ulna, or humerus"
./raw_data/fracture_dataset/train/not fractured/42-rotated1-rotated1-rotated3-rotated1 (1).jpg,outputs/removed_other_bones_quarantine/raw_data__fracture_dataset__train__not fractured__42-rotated1-rotated1-rotated3-rotated1 (1).jpg,"not radius, ulna, or humerus"
./raw_data/fracture_dataset/train/not fractured/47-rotated1-rotated1-rotated3-rotated1.jpg,outputs/removed_other_bones_quarantine/raw_data__fracture_dataset__train__not fractured__47-rotated1-rotated1-rotated3-rotated1.jpg,"not radius, ulna, or humerus"
./raw_data/fracture_dataset/train/not fractured/43-rotated2-rotated2.jpg,outputs/removed_other_bones_quarantine/raw_data__fracture_dataset__train__not fractured__43-rotated2-rotated2.jpg,"not radius, ulna, or humerus"
./raw_data/fracture_dataset/train/not fractured/47-rotated3-rotated1-rotated1.jpg,outputs/removed_other_bones_quarantine/raw_data__fracture_dataset__train__not fractured__47-rotated3-rotated1-rotated1.jpg,"not radius, ulna, or humerus"
./raw_data/fracture_dataset/train/not fractured/47-rotated3-rotated1-rotated3.jpg,outputs/removed_other_bones_quarantine/raw_data__fracture_dataset__train__not fractured__47-rotated3-rotated1-rotated3.jpg,"not radius, ulna, or humerus"
./raw_data/fracture_dataset/train/not fractured/21-rotated3-rotated3-rotated2 (1).jpg,outputs/removed_other_bones_quarantine/raw_data__fracture_dataset__train__not fractured__21-rotated3-rotated3-rotated2 (1).jpg,"not radius, ulna, or humerus"
./raw_data/fracture_dataset/train/not fractured/3-rotated3-rotated2-rotated1 (2).jpg,outputs/removed_other_bones_quarantine/raw_data__fracture_dataset__train__not fractured__3-rotated3-rotated2-rotated1 (2).jpg,"not radius, ulna, or humerus"
./raw_data/fracture_dataset/train/not fractured/6-rotated2-rotated3-rotated1-rotated1.jpg,outputs/removed_other_bones_quarantine/raw_data__fracture_dataset__train__not fractured__6-rotated2-rotated3-rotated1-rotated1.jpg,"not radius, ulna, or humerus"
./raw_data/fracture_dataset/train/not fractured/23-rotated3-rotated2 (1).jpg,outputs/removed_other_bones_quarantine/raw_data__fracture_dataset__train__not fractured__23-rotated3-rotated2 (1).jpg,"not radius, ulna, or humerus"
./raw_data/fracture_dataset/train/not fractured/39-rotated2-rotated3-rotated3-rotated1 (1).jpg,outputs/removed_other_bones_quarantine/raw_data__fracture_dataset__train__not fractured__39-rotated2-rotated3-rotated3-rotated1 (1).jpg,"not radius, ulna, or humerus"
./raw_data/fracture_dataset/train/not fractured/2-rotated3-rotated1-rotated2 (2).jpg,outputs/removed_other_bones_quarantine/raw_data__fracture_dataset__train__not fractured__2-rotated3-rotated1-rotated2 (2).jpg,"not radius, ulna, or humerus"
./raw_data/fracture_dataset/train/not fractured/40-rotated3-rotated2.jpg,outputs/removed_other_bones_quarantine/raw_data__fracture_dataset__train__not fractured__40-rotated3-rotated2.jpg,"not radius, ulna, or humerus"
./raw_data/fracture_dataset/train/not fractured/4-rotated2-rotated3-rotated1 (1).jpg,outputs/removed_other_bones_quarantine/raw_data__fracture_dataset__train__not fractured__4-rotated2-rotated3-rotated1 (1).jpg,"not radius, ulna, or humerus"
./raw_data/fracture_dataset/train/not fractured/52-rotated2-rotated3-rotated2 (1).jpg,outputs/removed_other_bones_quarantine/raw_data__fracture_dataset__train__not fractured__52-rotated2-rotated3-rotated2 (1).jpg,"not radius, ulna, or humerus"
./raw_data/fracture_dataset/train/not fractured/17-rotated1-rotated1-rotated2-rotated1.jpg,outputs/removed_other_bones_quarantine/raw_data__fracture_dataset__train__not fractured__17-rotated1-rotated1-rotated2-rotated1.jpg,"not radius, ulna, or humerus"
./raw_data/fracture_dataset/train/not fractured/68.jpg,outputs/removed_other_bones_quarantine/raw_data__fracture_dataset__train__not fractured__68.jpg,"not radius, ulna, or humerus"
./raw_data/fracture_dataset/train/not fractured/17-rotated1-rotated2-rotated2 (1).jpg,outputs/removed_other_bones_quarantine/raw_data__fracture_dataset__train__not fractured__17-rotated1-rotated2-rotated2 (1).jpg,"not radius, ulna, or humerus"
./raw_data/fracture_dataset/train/not fractured/65-rotated2-rotated1-rotated2-rotated1.jpg,outputs/removed_other_bones_quarantine/raw_data__fracture_dataset__train__not fractured__65-rotated2-rotated1-rotated2-rotated1.jpg,"not radius, ulna, or humerus"
./raw_data/fracture_dataset/train/not fractured/8-rotated1-rotated2-rotated1 (1).jpg,outputs/removed_other_bones_quarantine/raw_data__fracture_dataset__train__not fractured__8-rotated1-rotated2-rotated1 (1).jpg,"not radius, ulna, or humerus"
./raw_data/fracture_dataset/train/not fractured/5-rotated3-rotated2-rotated1-rotated1.jpg,outputs/removed_other_bones_quarantine/raw_data__fracture_dataset__train__not fractured__5-rotated3-rotated2-rotated1-rotated1.jpg,"not radius, ulna, or humerus"
./raw_data/fracture_dataset/train/not fractured/9-rotated1-rotated2 (1).jpg,outputs/removed_other_bones_quarantine/raw_data__fracture_dataset__train__not fractured__9-rotated1-rotated2 (1).jpg,"not radius, ulna, or humerus"
./raw_data/fracture_dataset/train/not fractured/3-rotated1-rotated3-rotated1.jpg,outputs/removed_other_bones_quarantine/raw_data__fracture_dataset__train__not fractured__3-rotated1-rotated3-rotated1.jpg,"not radius, ulna, or humerus"
./raw_data/fracture_dataset/train/not fractured/7-rotated2-rotated1-rotated1-rotated1.jpg,outputs/removed_other_bones_quarantine/raw_data__fracture_dataset__train__not fractured__7-rotated2-rotated1-rotated1-rotated1.jpg,"not radius, ulna, or humerus"
./raw_data/fracture_dataset/train/not fractured/3-rotated2-rotated3-rotated3 (2).jpg,outputs/removed_other_bones_quarantine/raw_data__fracture_dataset__train__not fractured__3-rotated2-rotated3-rotated3 (2).jpg,"not radius, ulna, or humerus"
./raw_data/fracture_dataset/train/not fractured/69-rotated2-rotated1.jpg,outputs/removed_other_bones_quarantine/raw_data__fracture_dataset__train__not fractured__69-rotated2-rotated1.jpg,"not radius, ulna, or humerus"
./raw_data/fracture_dataset/train/not fractured/69-rotated3-rotated1-rotated3-rotated1 (1).jpg,outputs/removed_other_bones_quarantine/raw_data__fracture_dataset__train__not fractured__69-rotated3-rotated1-rotated3-rotated1 (1).jpg,"not radius, ulna, or humerus"
./raw_data/fracture_dataset/train/not fractured/58-rotated3-rotated1 (1).jpg,outputs/removed_other_bones_quarantine/raw_data__fracture_dataset__train__not fractured__58-rotated3-rotated1 (1).jpg,"not radius, ulna, or humerus"
./raw_data/fracture_dataset/train/not fractured/42-rotated2-rotated3-rotated2-rotated1.jpg,outputs/removed_other_bones_quarantine/raw_data__fracture_dataset__train__not fractured__42-rotated2-rotated3-rotated2-rotated1.jpg,"not radius, ulna, or humerus"
./raw_data/fracture_dataset/train/not fractured/45-rotated1-rotated3-rotated3.jpg,outputs/removed_other_bones_quarantine/raw_data__fracture_dataset__train__not fractured__45-rotated1-rotated3-rotated3.jpg,"not radius, ulna, or humerus"
./raw_data/fracture_dataset/train/not fractured/41-rotated1-rotated2-rotated1.jpg,outputs/removed_other_bones_quarantine/raw_data__fracture_dataset__train__not fractured__41-rotated1-rotated2-rotated1.jpg,"not radius, ulna, or humerus"
./raw_data/fracture_dataset/train/not fractured/57-rotated3-rotated3-rotated2-rotated1.jpg,outputs/removed_other_bones_quarantine/raw_data__fracture_dataset__train__not fractured__57-rotated3-rotated3-rotated2-rotated1.jpg,"not radius, ulna, or humerus"
./raw_data/fracture_dataset/train/not fractured/65-rotated1-rotated1-rotated3-rotated1.jpg,outputs/removed_other_bones_quarantine/raw_data__fracture_dataset__train__not fractured__65-rotated1-rotated1-rotated3-rotated1.jpg,"not radius, ulna, or humerus"
./raw_data/fracture_dataset/train/not fractured/1-rotated1-rotated1-rotated2-rotated1 (2).jpg,outputs/removed_other_bones_quarantine/raw_data__fracture_dataset__train__not fractured__1-rotated1-rotated1-rotated2-rotated1 (2).jpg,"not radius, ulna, or humerus"
./raw_data/fracture_dataset/train/not fractured/60-rotated2-rotated1-rotated3-rotated1.jpg,outputs/removed_other_bones_quarantine/raw_data__fracture_dataset__train__not fractured__60-rotated2-rotated1-rotated3-rotated1.jpg,"not radius, ulna, or humerus"
./raw_data/fracture_dataset/train/not fractured/20.jpg,outputs/removed_other_bones_quarantine/raw_data__fracture_dataset__train__not fractured__20.jpg,"not radius, ulna, or humerus"
./raw_data/fracture_dataset/train/not fractured/42-rotated1-rotated1-rotated2-rotated1.jpg,outputs/removed_other_bones_quarantine/raw_data__fracture_dataset__train__not fractured__42-rotated1-rotated1-rotated2-rotated1.jpg,"not radius, ulna, or humerus"
./raw_data/fracture_dataset/train/not fractured/9-rotated3-rotated3-rotated1-rotated1.jpg,outputs/removed_other_bones_quarantine/raw_data__fracture_dataset__train__not fractured__9-rotated3-rotated3-rotated1-rotated1.jpg,"not radius, ulna, or humerus"
./raw_data/fracture_dataset/train/not fractured/30-rotated1-rotated3.jpg,outputs/removed_other_bones_quarantine/raw_data__fracture_dataset__train__not fractured__30-rotated1-rotated3.jpg,"not radius, ulna, or humerus"
./raw_data/fracture_dataset/train/not fractured/58-rotated1-rotated2-rotated3-rotated1.jpg,outputs/removed_other_bones_quarantine/raw_data__fracture_dataset__train__not fractured__58-rotated1-rotated2-rotated3-rotated1.jpg,"not radius, ulna, or humerus"
./raw_data/fracture_dataset/train/not fractured/2-rotated3-rotated3.jpg,outputs/removed_other_bones_quarantine/raw_data__fracture_dataset__train__not fractured__2-rotated3-rotated3.jpg,"not radius, ulna, or humerus"
./raw_data/fracture_dataset/train/not fractured/12-rotated2-rotated3-rotated3 (1).jpg,outputs/removed_other_bones_quarantine/raw_data__fracture_dataset__train__not fractured__12-rotated2-rotated3-rotated3 (1).jpg,"not radius, ulna, or humerus"
./raw_data/fracture_dataset/train/not fractured/35-rotated3-rotated3-rotated1-rotated1 (1).jpg,outputs/removed_other_bones_quarantine/raw_data__fracture_dataset__train__not fractured__35-rotated3-rotated3-rotated1-rotated1 (1).jpg,"not radius, ulna, or humerus"
./raw_data/fracture_dataset/train/not fractured/14-rotated2-rotated2-rotated2 (1).jpg,outputs/removed_other_bones_quarantine/raw_data__fracture_dataset__train__not fractured__14-rotated2-rotated2-rotated2 (1).jpg,"not radius, ulna, or humerus"
./raw_data/fracture_dataset/train/not fractured/46-rotated2-rotated3-rotated3-rotated1 (1).jpg,outputs/removed_other_bones_quarantine/raw_data__fracture_dataset__train__not fractured__46-rotated2-rotated3-rotated3-rotated1 (1).jpg,"not radius, ulna, or humerus"
./raw_data/fracture_dataset/train/not fractured/68-rotated3-rotated2-rotated1-rotated1 (1).jpg,outputs/removed_other_bones_quarantine/raw_data__fracture_dataset__train__not fractured__68-rotated3-rotated2-rotated1-rotated1 (1).jpg,"not radius, ulna, or humerus"
./raw_data/fracture_dataset/train/not fractured/60-rotated3-rotated3-rotated2 (1).jpg,outputs/removed_other_bones_quarantine/raw_data__fracture_dataset__train__not fractured__60-rotated3-rotated3-rotated2 (1).jpg,"not radius, ulna, or humerus"
./raw_data/fracture_dataset/train/not fractured/10-rotated2-rotated2-rotated2 (1).jpg,outputs/removed_other_bones_quarantine/raw_data__fracture_dataset__train__not fractured__10-rotated2-rotated2-rotated2 (1).jpg,"not radius, ulna, or humerus"
./raw_data/fracture_dataset/train/not fractured/8-rotated2-rotated1-rotated3-rotated1 (2).jpg,outputs/removed_other_bones_quarantine/raw_data__fracture_dataset__train__not fractured__8-rotated2-rotated1-rotated3-rotated1 (2).jpg,"not radius, ulna, or humerus"
./raw_data/fracture_dataset/train/not fractured/9-rotated3-rotated1-rotated2.jpg,outputs/removed_other_bones_quarantine/raw_data__fracture_dataset__train__not fractured__9-rotated3-rotated1-rotated2.jpg,"not radius, ulna, or humerus"
./raw_data/fracture_dataset/train/not fractured/20-rotated2-rotated2-rotated1.jpg,outputs/removed_other_bones_quarantine/raw_data__fracture_dataset__train__not fractured__20-rotated2-rotated2-rotated1.jpg,"not radius, ulna, or humerus"
./raw_data/fracture_dataset/train/not fractured/41-rotated3-rotated2-rotated1-rotated1.jpg,outputs/removed_other_bones_quarantine/raw_data__fracture_dataset__train__not fractured__41-rotated3-rotated2-rotated1-rotated1.jpg,"not radius, ulna, or humerus"
./raw_data/fracture_dataset/train/not fractured/7-rotated3-rotated3-rotated1 (1).jpg,outputs/removed_other_bones_quarantine/raw_data__fracture_dataset__train__not fractured__7-rotated3-rotated3-rotated1 (1).jpg,"not radius, ulna, or humerus"
./raw_data/fracture_dataset/train/not fractured/32-rotated3-rotated3-rotated1-rotated1 (1).jpg,outputs/removed_other_bones_quarantine/raw_data__fracture_dataset__train__not fractured__32-rotated3-rotated3-rotated1-rotated1 (1).jpg,"not radius, ulna, or humerus"
./raw_data/fracture_dataset/train/not fractured/67-rotated3-rotated3-rotated1 (1).jpg,outputs/removed_other_bones_quarantine/raw_data__fracture_dataset__train__not fractured__67-rotated3-rotated3-rotated1 (1).jpg,"not radius, ulna, or humerus"
./raw_data/fracture_dataset/train/not fractured/44-rotated2-rotated3-rotated1.jpg,outputs/removed_other_bones_quarantine/raw_data__fracture_dataset__train__not fractured__44-rotated2-rotated3-rotated1.jpg,"not radius, ulna, or humerus"
./raw_data/fracture_dataset/train/not fractured/56-rotated3-rotated2-rotated1 (1).jpg,outputs/removed_other_bones_quarantine/raw_data__fracture_dataset__train__not fractured__56-rotated3-rotated2-rotated1 (1).jpg,"not radius, ulna, or humerus"
./raw_data/fracture_dataset/train/not fractured/45-rotated1-rotated3-rotated1 (1).jpg,outputs/removed_other_bones_quarantine/raw_data__fracture_dataset__train__not fractured__45-rotated1-rotated3-rotated1 (1).jpg,"not radius, ulna, or humerus"
./raw_data/fracture_dataset/train/not fractured/43-rotated1-rotated3-rotated2 (1).jpg,outputs/removed_other_bones_quarantine/raw_data__fracture_dataset__train__not fractured__43-rotated1-rotated3-rotated2 (1).jpg,"not radius, ulna, or humerus"
./raw_data/fracture_dataset/train/not fractured/1-rotated1-rotated1-rotated2 (1).jpg,outputs/removed_other_bones_quarantine/raw_data__fracture_dataset__train__not fractured__1-rotated1-rotated1-rotated2 (1).jpg,"not radius, ulna, or humerus"
./raw_data/fracture_dataset/train/not fractured/4-rotated1-rotated1-rotated3.jpg,outputs/removed_other_bones_quarantine/raw_data__fracture_dataset__train__not fractured__4-rotated1-rotated1-rotated3.jpg,"not radius, ulna, or humerus"
./raw_data/fracture_dataset/train/not fractured/19-rotated3-rotated3-rotated3-rotated1 (1).jpg,outputs/removed_other_bones_quarantine/raw_data__fracture_dataset__train__not fractured__19-rotated3-rotated3-rotated3-rotated1 (1).jpg,"not radius, ulna, or humerus"
./raw_data/fracture_dataset/train/not fractured/30-rotated1.jpg,outputs/removed_other_bones_quarantine/raw_data__fracture_dataset__train__not fractured__30-rotated1.jpg,"not radius, ulna, or humerus"
./raw_data/fracture_dataset/train/not fractured/40-rotated3-rotated2-rotated1.jpg,outputs/removed_other_bones_quarantine/raw_data__fracture_dataset__train__not fractured__40-rotated3-rotated2-rotated1.jpg,"not radius, ulna, or humerus"
./raw_data/fracture_dataset/train/not fractured/49-rotated3-rotated1-rotated3 (1).jpg,outputs/removed_other_bones_quarantine/raw_data__fracture_dataset__train__not fractured__49-rotated3-rotated1-rotated3 (1).jpg,"not radius, ulna, or humerus"
./raw_data/fracture_dataset/train/not fractured/9.jpg,outputs/removed_other_bones_quarantine/raw_data__fracture_dataset__train__not fractured__9.jpg,"not radius, ulna, or humerus"
./raw_data/fracture_dataset/train/not fractured/18-rotated3-rotated3-rotated3 (1).jpg,outputs/removed_other_bones_quarantine/raw_data__fracture_dataset__train__not fractured__18-rotated3-rotated3-rotated3 (1).jpg,"not radius, ulna, or humerus"
./raw_data/fracture_dataset/train/not fractured/45-rotated3-rotated2-rotated2-rotated1.jpg,outputs/removed_other_bones_quarantine/raw_data__fracture_dataset__train__not fractured__45-rotated3-rotated2-rotated2-rotated1.jpg,"not radius, ulna, or humerus"
./raw_data/fracture_dataset/train/not fractured/20-rotated2-rotated1-rotated2-rotated1 (1).jpg,outputs/removed_other_bones_quarantine/raw_data__fracture_dataset__train__not fractured__20-rotated2-rotated1-rotated2-rotated1 (1).jpg,"not radius, ulna, or humerus"
./raw_data/fracture_dataset/train/not fractured/46-rotated3-rotated3-rotated2-rotated1.jpg,outputs/removed_other_bones_quarantine/raw_data__fracture_dataset__train__not fractured__46-rotated3-rotated3-rotated2-rotated1.jpg,"not radius, ulna, or humerus"
./raw_data/fracture_dataset/train/not fractured/35-rotated3-rotated2-rotated2.jpg,outputs/removed_other_bones_quarantine/raw_data__fracture_dataset__train__not fractured__35-rotated3-rotated2-rotated2.jpg,"not radius, ulna, or humerus"
./raw_data/fracture_dataset/train/not fractured/55-rotated3-rotated3-rotated1-rotated1.jpg,outputs/removed_other_bones_quarantine/raw_data__fracture_dataset__train__not fractured__55-rotated3-rotated3-rotated1-rotated1.jpg,"not radius, ulna, or humerus"
./raw_data/fracture_dataset/train/not fractured/67-rotated3-rotated2-rotated1-rotated1 (1).jpg,outputs/removed_other_bones_quarantine/raw_data__fracture_dataset__train__not fractured__67-rotated3-rotated2-rotated1-rotated1 (1).jpg,"not radius, ulna, or humerus"
./raw_data/fracture_dataset/train/not fractured/12-rotated3-rotated3-rotated3-rotated1 (1).jpg,outputs/removed_other_bones_quarantine/raw_data__fracture_dataset__train__not fractured__12-rotated3-rotated3-rotated3-rotated1 (1).jpg,"not radius, ulna, or humerus"
./raw_data/fracture_dataset/train/not fractured/3-rotated3-rotated2-rotated2 (2).jpg,outputs/removed_other_bones_quarantine/raw_data__fracture_dataset__train__not fractured__3-rotated3-rotated2-rotated2 (2).jpg,"not radius, ulna, or humerus"
./raw_data/fracture_dataset/train/not fractured/2-rotated1-rotated2-rotated3.jpg,outputs/removed_other_bones_quarantine/raw_data__fracture_dataset__train__not fractured__2-rotated1-rotated2-rotated3.jpg,"not radius, ulna, or humerus"
./raw_data/fracture_dataset/train/not fractured/46-rotated1-rotated2-rotated3 (1).jpg,outputs/removed_other_bones_quarantine/raw_data__fracture_dataset__train__not fractured__46-rotated1-rotated2-rotated3 (1).jpg,"not radius, ulna, or humerus"
./raw_data/fracture_dataset/train/not fractured/69-rotated2 (1).jpg,outputs/removed_other_bones_quarantine/raw_data__fracture_dataset__train__not fractured__69-rotated2 (1).jpg,"not radius, ulna, or humerus"
./raw_data/fracture_dataset/train/not fractured/2-rotated2-rotated1-rotated1 (2).jpg,outputs/removed_other_bones_quarantine/raw_data__fracture_dataset__train__not fractured__2-rotated2-rotated1-rotated1 (2).jpg,"not radius, ulna, or humerus"
./raw_data/fracture_dataset/train/not fractured/16-rotated2-rotated3-rotated1 (1).jpg,outputs/removed_other_bones_quarantine/raw_data__fracture_dataset__train__not fractured__16-rotated2-rotated3-rotated1 (1).jpg,"not radius, ulna, or humerus"
./raw_data/fracture_dataset/train/not fractured/14-rotated2-rotated2.jpg,outputs/removed_other_bones_quarantine/raw_data__fracture_dataset__train__not fractured__14-rotated2-rotated2.jpg,"not radius, ulna, or humerus"
./raw_data/fracture_dataset/train/not fractured/23-rotated3-rotated1-rotated2 (1).jpg,outputs/removed_other_bones_quarantine/raw_data__fracture_dataset__train__not fractured__23-rotated3-rotated1-rotated2 (1).jpg,"not radius, ulna, or humerus"
./raw_data/fracture_dataset/train/not fractured/6-rotated3-rotated2-rotated2-rotated1 (1).jpg,outputs/removed_other_bones_quarantine/raw_data__fracture_dataset__train__not fractured__6-rotated3-rotated2-rotated2-rotated1 (1).jpg,"not radius, ulna, or humerus"
./raw_data/fracture_dataset/train/not fractured/3-rotated2-rotated2-rotated1-rotated1 (1).jpg,outputs/removed_other_bones_quarantine/raw_data__fracture_dataset__train__not fractured__3-rotated2-rotated2-rotated1-rotated1 (1).jpg,"not radius, ulna, or humerus"
./raw_data/fracture_dataset/train/not fractured/32-rotated3-rotated1-rotated3 (1).jpg,outputs/removed_other_bones_quarantine/raw_data__fracture_dataset__train__not fractured__32-rotated3-rotated1-rotated3 (1).jpg,"not radius, ulna, or humerus"
./raw_data/fracture_dataset/train/not fractured/4-rotated3-rotated2-rotated1 (1).jpg,outputs/removed_other_bones_quarantine/raw_data__fracture_dataset__train__not fractured__4-rotated3-rotated2-rotated1 (1).jpg,"not radius, ulna, or humerus"
./raw_data/fracture_dataset/train/not fractured/47-rotated2-rotated1 (1).jpg,outputs/removed_other_bones_quarantine/raw_data__fracture_dataset__train__not fractured__47-rotated2-rotated1 (1).jpg,"not radius, ulna, or humerus"
./raw_data/fracture_dataset/train/not fractured/24-rotated2-rotated2-rotated3 (1).jpg,outputs/removed_other_bones_quarantine/raw_data__fracture_dataset__train__not fractured__24-rotated2-rotated2-rotated3 (1).jpg,"not radius, ulna, or humerus"
./raw_data/fracture_dataset/train/not fractured/1-rotated2-rotated3-rotated1-rotated1 (1).jpg,outputs/removed_other_bones_quarantine/raw_data__fracture_dataset__train__not fractured__1-rotated2-rotated3-rotated1-rotated1 (1).jpg,"not radius, ulna, or humerus"
./raw_data/fracture_dataset/train/not fractured/29-rotated2-rotated3-rotated1-rotated1 (1).jpg,outputs/removed_other_bones_quarantine/raw_data__fracture_dataset__train__not fractured__29-rotated2-rotated3-rotated1-rotated1 (1).jpg,"not radius, ulna, or humerus"
./raw_data/fracture_dataset/train/not fractured/17-rotated3-rotated1.jpg,outputs/removed_other_bones_quarantine/raw_data__fracture_dataset__train__not fractured__17-rotated3-rotated1.jpg,"not radius, ulna, or humerus"
./raw_data/fracture_dataset/train/not fractured/1-rotated3-rotated2-rotated3-rotated1 (1).jpg,outputs/removed_other_bones_quarantine/raw_data__fracture_dataset__train__not fractured__1-rotated3-rotated2-rotated3-rotated1 (1).jpg,"not radius, ulna, or humerus"
./raw_data/fracture_dataset/train/not fractured/69-rotated1-rotated3-rotated3 (1).jpg,outputs/removed_other_bones_quarantine/raw_data__fracture_dataset__train__not fractured__69-rotated1-rotated3-rotated3 (1).jpg,"not radius, ulna, or humerus"
./raw_data/fracture_dataset/train/not fractured/55-rotated3-rotated1-rotated2.jpg,outputs/removed_other_bones_quarantine/raw_data__fracture_dataset__train__not fractured__55-rotated3-rotated1-rotated2.jpg,"not radius, ulna, or humerus"
./raw_data/fracture_dataset/train/not fractured/24-rotated1-rotated2-rotated2-rotated1 (1).jpg,outputs/removed_other_bones_quarantine/raw_data__fracture_dataset__train__not fractured__24-rotated1-rotated2-rotated2-rotated1 (1).jpg,"not radius, ulna, or humerus"
./raw_data/fracture_dataset/train/not fractured/12-rotated3-rotated2-rotated1-rotated1.jpg,outputs/removed_other_bones_quarantine/raw_data__fracture_dataset__train__not fractured__12-rotated3-rotated2-rotated1-rotated1.jpg,"not radius, ulna, or humerus"
./raw_data/fracture_dataset/train/not fractured/58-rotated2-rotated2-rotated3 (1).jpg,outputs/removed_other_bones_quarantine/raw_data__fracture_dataset__train__not fractured__58-rotated2-rotated2-rotated3 (1).jpg,"not radius, ulna, or humerus"
./raw_data/fracture_dataset/train/not fractured/49-rotated3-rotated3-rotated2-rotated1.jpg,outputs/removed_other_bones_quarantine/raw_data__fracture_dataset__train__not fractured__49-rotated3-rotated3-rotated2-rotated1.jpg,"not radius, ulna, or humerus"
./raw_data/fracture_dataset/train/not fractured/63-rotated1-rotated1.jpg,outputs/removed_other_bones_quarantine/raw_data__fracture_dataset__train__not fractured__63-rotated1-rotated1.jpg,"not radius, ulna, or humerus"
./raw_data/fracture_dataset/train/not fractured/17.jpg,outputs/removed_other_bones_quarantine/raw_data__fracture_dataset__train__not fractured__17.jpg,"not radius, ulna, or humerus"
./raw_data/fracture_dataset/train/not fractured/64-rotated3-rotated2-rotated3 (1).jpg,outputs/removed_other_bones_quarantine/raw_data__fracture_dataset__train__not fractured__64-rotated3-rotated2-rotated3 (1).jpg,"not radius, ulna, or humerus"
./raw_data/fracture_dataset/train/not fractured/58-rotated3-rotated2-rotated1 (1).jpg,outputs/removed_other_bones_quarantine/raw_data__fracture_dataset__train__not fractured__58-rotated3-rotated2-rotated1 (1).jpg,"not radius, ulna, or humerus"
./raw_data/fracture_dataset/train/not fractured/36-rotated1-rotated2-rotated2 (1).jpg,outputs/removed_other_bones_quarantine/raw_data__fracture_dataset__train__not fractured__36-rotated1-rotated2-rotated2 (1).jpg,"not radius, ulna, or humerus"
./raw_data/fracture_dataset/train/not fractured/54-rotated2-rotated2-rotated2 (1).jpg,outputs/removed_other_bones_quarantine/raw_data__fracture_dataset__train__not fractured__54-rotated2-rotated2-rotated2 (1).jpg,"not radius, ulna, or humerus"
./raw_data/fracture_dataset/train/not fractured/63-rotated3-rotated3-rotated3-rotated1.jpg,outputs/removed_other_bones_quarantine/raw_data__fracture_dataset__train__not fractured__63-rotated3-rotated3-rotated3-rotated1.jpg,"not radius, ulna, or humerus"
./raw_data/fracture_dataset/train/not fractured/32-rotated1-rotated3 (1).jpg,outputs/removed_other_bones_quarantine/raw_data__fracture_dataset__train__not fractured__32-rotated1-rotated3 (1).jpg,"not radius, ulna, or humerus"
./raw_data/fracture_dataset/train/not fractured/68-rotated1-rotated3-rotated2.jpg,outputs/removed_other_bones_quarantine/raw_data__fracture_dataset__train__not fractured__68-rotated1-rotated3-rotated2.jpg,"not radius, ulna, or humerus"
./raw_data/fracture_dataset/train/not fractured/66-rotated1-rotated3-rotated3-rotated1 (1).jpg,outputs/removed_other_bones_quarantine/raw_data__fracture_dataset__train__not fractured__66-rotated1-rotated3-rotated3-rotated1 (1).jpg,"not radius, ulna, or humerus"
./raw_data/fracture_dataset/train/not fractured/34-rotated3-rotated2-rotated3.jpg,outputs/removed_other_bones_quarantine/raw_data__fracture_dataset__train__not fractured__34-rotated3-rotated2-rotated3.jpg,"not radius, ulna, or humerus"
./raw_data/fracture_dataset/train/not fractured/6-rotated1-rotated1-rotated1-rotated1.jpg,outputs/removed_other_bones_quarantine/raw_data__fracture_dataset__train__not fractured__6-rotated1-rotated1-rotated1-rotated1.jpg,"not radius, ulna, or humerus"
./raw_data/fracture_dataset/train/not fractured/32 (1).jpg,outputs/removed_other_bones_quarantine/raw_data__fracture_dataset__train__not fractured__32 (1).jpg,"not radius, ulna, or humerus"
./raw_data/fracture_dataset/train/not fractured/45-rotated2-rotated2-rotated2-rotated1.jpg,outputs/removed_other_bones_quarantine/raw_data__fracture_dataset__train__not fractured__45-rotated2-rotated2-rotated2-rotated1.jpg,"not radius, ulna, or humerus"
./raw_data/fracture_dataset/train/not fractured/48-rotated1-rotated1-rotated1-rotated1 (1).jpg,outputs/removed_other_bones_quarantine/raw_data__fracture_dataset__train__not fractured__48-rotated1-rotated1-rotated1-rotated1 (1).jpg,"not radius, ulna, or humerus"
./raw_data/fracture_dataset/train/not fractured/40-rotated1-rotated1-rotated1 (1).jpg,outputs/removed_other_bones_quarantine/raw_data__fracture_dataset__train__not fractured__40-rotated1-rotated1-rotated1 (1).jpg,"not radius, ulna, or humerus"
./raw_data/fracture_dataset/train/not fractured/4-rotated2-rotated1-rotated1-rotated1 (2).jpg,outputs/removed_other_bones_quarantine/raw_data__fracture_dataset__train__not fractured__4-rotated2-rotated1-rotated1-rotated1 (2).jpg,"not radius, ulna, or humerus"
./raw_data/fracture_dataset/train/not fractured/62-rotated1-rotated3 (1).jpg,outputs/removed_other_bones_quarantine/raw_data__fracture_dataset__train__not fractured__62-rotated1-rotated3 (1).jpg,"not radius, ulna, or humerus"
./raw_data/fracture_dataset/train/not fractured/28-rotated2-rotated3-rotated3-rotated1 (1).jpg,outputs/removed_other_bones_quarantine/raw_data__fracture_dataset__train__not fractured__28-rotated2-rotated3-rotated3-rotated1 (1).jpg,"not radius, ulna, or humerus"
./raw_data/fracture_dataset/train/not fractured/24-rotated3-rotated2-rotated1-rotated1 (1).jpg,outputs/removed_other_bones_quarantine/raw_data__fracture_dataset__train__not fractured__24-rotated3-rotated2-rotated1-rotated1 (1).jpg,"not radius, ulna, or humerus"
./raw_data/fracture_dataset/train/not fractured/63-rotated2-rotated1-rotated3.jpg,outputs/removed_other_bones_quarantine/raw_data__fracture_dataset__train__not fractured__63-rotated2-rotated1-rotated3.jpg,"not radius, ulna, or humerus"
./raw_data/fracture_dataset/train/not fractured/35-rotated3-rotated3-rotated1.jpg,outputs/removed_other_bones_quarantine/raw_data__fracture_dataset__train__not fractured__35-rotated3-rotated3-rotated1.jpg,"not radius, ulna, or humerus"
./raw_data/fracture_dataset/train/not fractured/52-rotated2-rotated1-rotated2-rotated1 (1).jpg,outputs/removed_other_bones_quarantine/raw_data__fracture_dataset__train__not fractured__52-rotated2-rotated1-rotated2-rotated1 (1).jpg,"not radius, ulna, or humerus"
./raw_data/fracture_dataset/train/not fractured/42-rotated1-rotated3-rotated1-rotated1 (1).jpg,outputs/removed_other_bones_quarantine/raw_data__fracture_dataset__train__not fractured__42-rotated1-rotated3-rotated1-rotated1 (1).jpg,"not radius, ulna, or humerus"
./raw_data/fracture_dataset/train/not fractured/68-rotated3-rotated2-rotated2-rotated1.jpg,outputs/removed_other_bones_quarantine/raw_data__fracture_dataset__train__not fractured__68-rotated3-rotated2-rotated2-rotated1.jpg,"not radius, ulna, or humerus"
./raw_data/fracture_dataset/train/not fractured/3-rotated3-rotated2-rotated1-rotated1.jpg,outputs/removed_other_bones_quarantine/raw_data__fracture_dataset__train__not fractured__3-rotated3-rotated2-rotated1-rotated1.jpg,"not radius, ulna, or humerus"
./raw_data/fracture_dataset/train/not fractured/28-rotated1-rotated3-rotated2-rotated1 (1).jpg,outputs/removed_other_bones_quarantine/raw_data__fracture_dataset__train__not fractured__28-rotated1-rotated3-rotated2-rotated1 (1).jpg,"not radius, ulna, or humerus"
./raw_data/fracture_dataset/train/not fractured/46 (1).jpg,outputs/removed_other_bones_quarantine/raw_data__fracture_dataset__train__not fractured__46 (1).jpg,"not radius, ulna, or humerus"
./raw_data/fracture_dataset/train/not fractured/8-rotated3-rotated1-rotated2 (1).jpg,outputs/removed_other_bones_quarantine/raw_data__fracture_dataset__train__not fractured__8-rotated3-rotated1-rotated2 (1).jpg,"not radius, ulna, or humerus"
./raw_data/fracture_dataset/train/not fractured/4-rotated1-rotated3-rotated2-rotated1 (1).jpg,outputs/removed_other_bones_quarantine/raw_data__fracture_dataset__train__not fractured__4-rotated1-rotated3-rotated2-rotated1 (1).jpg,"not radius, ulna, or humerus"
./raw_data/fracture_dataset/train/not fractured/23-rotated2-rotated3-rotated3-rotated1 (1).jpg,outputs/removed_other_bones_quarantine/raw_data__fracture_dataset__train__not fractured__23-rotated2-rotated3-rotated3-rotated1 (1).jpg,"not radius, ulna, or humerus"
./raw_data/fracture_dataset/train/not fractured/37-rotated2-rotated1-rotated2-rotated1.jpg,outputs/removed_other_bones_quarantine/raw_data__fracture_dataset__train__not fractured__37-rotated2-rotated1-rotated2-rotated1.jpg,"not radius, ulna, or humerus"
./raw_data/fracture_dataset/train/not fractured/54-rotated1-rotated1-rotated2.jpg,outputs/removed_other_bones_quarantine/raw_data__fracture_dataset__train__not fractured__54-rotated1-rotated1-rotated2.jpg,"not radius, ulna, or humerus"
./raw_data/fracture_dataset/train/not fractured/3-rotated1-rotated3.jpg,outputs/removed_other_bones_quarantine/raw_data__fracture_dataset__train__not fractured__3-rotated1-rotated3.jpg,"not radius, ulna, or humerus"
./raw_data/fracture_dataset/train/not fractured/5-rotated3 (1).jpg,outputs/removed_other_bones_quarantine/raw_data__fracture_dataset__train__not fractured__5-rotated3 (1).jpg,"not radius, ulna, or humerus"
./raw_data/fracture_dataset/train/not fractured/15-rotated3-rotated3-rotated2 (1).jpg,outputs/removed_other_bones_quarantine/raw_data__fracture_dataset__train__not fractured__15-rotated3-rotated3-rotated2 (1).jpg,"not radius, ulna, or humerus"
./raw_data/fracture_dataset/train/not fractured/29-rotated1-rotated2-rotated3.jpg,outputs/removed_other_bones_quarantine/raw_data__fracture_dataset__train__not fractured__29-rotated1-rotated2-rotated3.jpg,"not radius, ulna, or humerus"
./raw_data/fracture_dataset/train/not fractured/44-rotated2-rotated1-rotated2.jpg,outputs/removed_other_bones_quarantine/raw_data__fracture_dataset__train__not fractured__44-rotated2-rotated1-rotated2.jpg,"not radius, ulna, or humerus"
./raw_data/fracture_dataset/train/not fractured/6-rotated1-rotated3-rotated2 (1).jpg,outputs/removed_other_bones_quarantine/raw_data__fracture_dataset__train__not fractured__6-rotated1-rotated3-rotated2 (1).jpg,"not radius, ulna, or humerus"
./raw_data/fracture_dataset/train/not fractured/33-rotated2-rotated1.jpg,outputs/removed_other_bones_quarantine/raw_data__fracture_dataset__train__not fractured__33-rotated2-rotated1.jpg,"not radius, ulna, or humerus"
./raw_data/fracture_dataset/train/not fractured/28-rotated3.jpg,outputs/removed_other_bones_quarantine/raw_data__fracture_dataset__train__not fractured__28-rotated3.jpg,"not radius, ulna, or humerus"
./raw_data/fracture_dataset/train/not fractured/37-rotated3-rotated2-rotated1-rotated1.jpg,outputs/removed_other_bones_quarantine/raw_data__fracture_dataset__train__not fractured__37-rotated3-rotated2-rotated1-rotated1.jpg,"not radius, ulna, or humerus"
./raw_data/fracture_dataset/train/not fractured/9-rotated2-rotated1-rotated3-rotated1.jpg,outputs/removed_other_bones_quarantine/raw_data__fracture_dataset__train__not fractured__9-rotated2-rotated1-rotated3-rotated1.jpg,"not radius, ulna, or humerus"
./raw_data/fracture_dataset/train/not fractured/31-rotated3-rotated2-rotated3-rotated1 (1).jpg,outputs/removed_other_bones_quarantine/raw_data__fracture_dataset__train__not fractured__31-rotated3-rotated2-rotated3-rotated1 (1).jpg,"not radius, ulna, or humerus"
./raw_data/fracture_dataset/train/not fractured/4-rotated1-rotated3-rotated1 (2).jpg,outputs/removed_other_bones_quarantine/raw_data__fracture_dataset__train__not fractured__4-rotated1-rotated3-rotated1 (2).jpg,"not radius, ulna, or humerus"
./raw_data/fracture_dataset/train/not fractured/4-rotated3-rotated3-rotated2.jpg,outputs/removed_other_bones_quarantine/raw_data__fracture_dataset__train__not fractured__4-rotated3-rotated3-rotated2.jpg,"not radius, ulna, or humerus"
./raw_data/fracture_dataset/train/not fractured/33-rotated1-rotated2-rotated3 (1).jpg,outputs/removed_other_bones_quarantine/raw_data__fracture_dataset__train__not fractured__33-rotated1-rotated2-rotated3 (1).jpg,"not radius, ulna, or humerus"
./raw_data/fracture_dataset/train/not fractured/48-rotated3 (1).jpg,outputs/removed_other_bones_quarantine/raw_data__fracture_dataset__train__not fractured__48-rotated3 (1).jpg,"not radius, ulna, or humerus"
./raw_data/fracture_dataset/train/not fractured/54-rotated1-rotated3.jpg,outputs/removed_other_bones_quarantine/raw_data__fracture_dataset__train__not fractured__54-rotated1-rotated3.jpg,"not radius, ulna, or humerus"
./raw_data/fracture_dataset/train/not fractured/38-rotated3-rotated3-rotated3.jpg,outputs/removed_other_bones_quarantine/raw_data__fracture_dataset__train__not fractured__38-rotated3-rotated3-rotated3.jpg,"not radius, ulna, or humerus"
./raw_data/fracture_dataset/train/not fractured/43-rotated1-rotated3-rotated2-rotated1 (1).jpg,outputs/removed_other_bones_quarantine/raw_data__fracture_dataset__train__not fractured__43-rotated1-rotated3-rotated2-rotated1 (1).jpg,"not radius, ulna, or humerus"
./raw_data/fracture_dataset/train/not fractured/67-rotated2-rotated1-rotated1.jpg,outputs/removed_other_bones_quarantine/raw_data__fracture_dataset__train__not fractured__67-rotated2-rotated1-rotated1.jpg,"not radius, ulna, or humerus"
./raw_data/fracture_dataset/train/not fractured/25-rotated2-rotated2-rotated3-rotated1 (1).jpg,outputs/removed_other_bones_quarantine/raw_data__fracture_dataset__train__not fractured__25-rotated2-rotated2-rotated3-rotated1 (1).jpg,"not radius, ulna, or humerus"
./raw_data/fracture_dataset/train/not fractured/63-rotated1-rotated3.jpg,outputs/removed_other_bones_quarantine/raw_data__fracture_dataset__train__not fractured__63-rotated1-rotated3.jpg,"not radius, ulna, or humerus"
./raw_data/fracture_dataset/train/not fractured/12-rotated1-rotated2 (1).jpg,outputs/removed_other_bones_quarantine/raw_data__fracture_dataset__train__not fractured__12-rotated1-rotated2 (1).jpg,"not radius, ulna, or humerus"
./raw_data/fracture_dataset/train/not fractured/51-rotated3-rotated2-rotated1-rotated1 (1).jpg,outputs/removed_other_bones_quarantine/raw_data__fracture_dataset__train__not fractured__51-rotated3-rotated2-rotated1-rotated1 (1).jpg,"not radius, ulna, or humerus"
./raw_data/fracture_dataset/train/not fractured/15-rotated1-rotated1-rotated1-rotated1 (1).jpg,outputs/removed_other_bones_quarantine/raw_data__fracture_dataset__train__not fractured__15-rotated1-rotated1-rotated1-rotated1 (1).jpg,"not radius, ulna, or humerus"
./raw_data/fracture_dataset/train/not fractured/52-rotated2-rotated2-rotated3.jpg,outputs/removed_other_bones_quarantine/raw_data__fracture_dataset__train__not fractured__52-rotated2-rotated2-rotated3.jpg,"not radius, ulna, or humerus"
./raw_data/fracture_dataset/train/not fractured/63-rotated3-rotated3-rotated3.jpg,outputs/removed_other_bones_quarantine/raw_data__fracture_dataset__train__not fractured__63-rotated3-rotated3-rotated3.jpg,"not radius, ulna, or humerus"
./raw_data/fracture_dataset/train/not fractured/67-rotated2-rotated2 (1).jpg,outputs/removed_other_bones_quarantine/raw_data__fracture_dataset__train__not fractured__67-rotated2-rotated2 (1).jpg,"not radius, ulna, or humerus"
./raw_data/fracture_dataset/train/not fractured/43-rotated1-rotated1.jpg,outputs/removed_other_bones_quarantine/raw_data__fracture_dataset__train__not fractured__43-rotated1-rotated1.jpg,"not radius, ulna, or humerus"
./raw_data/fracture_dataset/train/not fractured/51-rotated1-rotated3.jpg,outputs/removed_other_bones_quarantine/raw_data__fracture_dataset__train__not fractured__51-rotated1-rotated3.jpg,"not radius, ulna, or humerus"
./raw_data/fracture_dataset/train/not fractured/50-rotated1-rotated1-rotated2-rotated1.jpg,outputs/removed_other_bones_quarantine/raw_data__fracture_dataset__train__not fractured__50-rotated1-rotated1-rotated2-rotated1.jpg,"not radius, ulna, or humerus"
./raw_data/fracture_dataset/train/not fractured/27-rotated1-rotated2-rotated2.jpg,outputs/removed_other_bones_quarantine/raw_data__fracture_dataset__train__not fractured__27-rotated1-rotated2-rotated2.jpg,"not radius, ulna, or humerus"
./raw_data/fracture_dataset/train/not fractured/19-rotated3-rotated1-rotated2-rotated1 (1).jpg,outputs/removed_other_bones_quarantine/raw_data__fracture_dataset__train__not fractured__19-rotated3-rotated1-rotated2-rotated1 (1).jpg,"not radius, ulna, or humerus"
./raw_data/fracture_dataset/train/not fractured/47-rotated1-rotated1.jpg,outputs/removed_other_bones_quarantine/raw_data__fracture_dataset__train__not fractured__47-rotated1-rotated1.jpg,"not radius, ulna, or humerus"
./raw_data/fracture_dataset/train/not fractured/58-rotated3-rotated2-rotated3.jpg,outputs/removed_other_bones_quarantine/raw_data__fracture_dataset__train__not fractured__58-rotated3-rotated2-rotated3.jpg,"not radius, ulna, or humerus"
./raw_data/fracture_dataset/train/not fractured/44-rotated1-rotated1-rotated1-rotated1.jpg,outputs/removed_other_bones_quarantine/raw_data__fracture_dataset__train__not fractured__44-rotated1-rotated1-rotated1-rotated1.jpg,"not radius, ulna, or humerus"
./raw_data/fracture_dataset/train/not fractured/8-rotated3-rotated2-rotated2 (1).jpg,outputs/removed_other_bones_quarantine/raw_data__fracture_dataset__train__not fractured__8-rotated3-rotated2-rotated2 (1).jpg,"not radius, ulna, or humerus"
./raw_data/fracture_dataset/train/not fractured/57-rotated3 (1).jpg,outputs/removed_other_bones_quarantine/raw_data__fracture_dataset__train__not fractured__57-rotated3 (1).jpg,"not radius, ulna, or humerus"
./raw_data/fracture_dataset/train/not fractured/41-rotated3-rotated1-rotated2-rotated1.jpg,outputs/removed_other_bones_quarantine/raw_data__fracture_dataset__train__not fractured__41-rotated3-rotated1-rotated2-rotated1.jpg,"not radius, ulna, or humerus"
./raw_data/fracture_dataset/train/not fractured/12-rotated3-rotated1-rotated1.jpg,outputs/removed_other_bones_quarantine/raw_data__fracture_dataset__train__not fractured__12-rotated3-rotated1-rotated1.jpg,"not radius, ulna, or humerus"
./raw_data/fracture_dataset/train/not fractured/16-rotated1-rotated3-rotated1-rotated1 (1).jpg,outputs/removed_other_bones_quarantine/raw_data__fracture_dataset__train__not fractured__16-rotated1-rotated3-rotated1-rotated1 (1).jpg,"not radius, ulna, or humerus"
./raw_data/fracture_dataset/train/not fractured/53-rotated2-rotated2-rotated1-rotated1.jpg,outputs/removed_other_bones_quarantine/raw_data__fracture_dataset__train__not fractured__53-rotated2-rotated2-rotated1-rotated1.jpg,"not radius, ulna, or humerus"
./raw_data/fracture_dataset/train/not fractured/68-rotated3-rotated1-rotated3.jpg,outputs/removed_other_bones_quarantine/raw_data__fracture_dataset__train__not fractured__68-rotated3-rotated1-rotated3.jpg,"not radius, ulna, or humerus"
./raw_data/fracture_dataset/train/not fractured/44-rotated2-rotated1-rotated1-rotated1 (1).jpg,outputs/removed_other_bones_quarantine/raw_data__fracture_dataset__train__not fractured__44-rotated2-rotated1-rotated1-rotated1 (1).jpg,"not radius, ulna, or humerus"
./raw_data/fracture_dataset/train/not fractured/10-rotated3-rotated2-rotated2-rotated1 (1).jpg,outputs/removed_other_bones_quarantine/raw_data__fracture_dataset__train__not fractured__10-rotated3-rotated2-rotated2-rotated1 (1).jpg,"not radius, ulna, or humerus"
./raw_data/fracture_dataset/train/not fractured/2-rotated1-rotated3-rotated2-rotated1 (1).jpg,outputs/removed_other_bones_quarantine/raw_data__fracture_dataset__train__not fractured__2-rotated1-rotated3-rotated2-rotated1 (1).jpg,"not radius, ulna, or humerus"
./raw_data/fracture_dataset/train/not fractured/27-rotated1-rotated1-rotated1 (1).jpg,outputs/removed_other_bones_quarantine/raw_data__fracture_dataset__train__not fractured__27-rotated1-rotated1-rotated1 (1).jpg,"not radius, ulna, or humerus"
./raw_data/fracture_dataset/train/not fractured/55-rotated2-rotated1-rotated2-rotated1.jpg,outputs/removed_other_bones_quarantine/raw_data__fracture_dataset__train__not fractured__55-rotated2-rotated1-rotated2-rotated1.jpg,"not radius, ulna, or humerus"
./raw_data/fracture_dataset/train/not fractured/9-rotated2-rotated3-rotated3.jpg,outputs/removed_other_bones_quarantine/raw_data__fracture_dataset__train__not fractured__9-rotated2-rotated3-rotated3.jpg,"not radius, ulna, or humerus"
./raw_data/fracture_dataset/train/not fractured/53-rotated3-rotated1.jpg,outputs/removed_other_bones_quarantine/raw_data__fracture_dataset__train__not fractured__53-rotated3-rotated1.jpg,"not radius, ulna, or humerus"
./raw_data/fracture_dataset/train/not fractured/38-rotated1-rotated3-rotated1.jpg,outputs/removed_other_bones_quarantine/raw_data__fracture_dataset__train__not fractured__38-rotated1-rotated3-rotated1.jpg,"not radius, ulna, or humerus"
./raw_data/fracture_dataset/train/not fractured/70-rotated2-rotated3-rotated3.jpg,outputs/removed_other_bones_quarantine/raw_data__fracture_dataset__train__not fractured__70-rotated2-rotated3-rotated3.jpg,"not radius, ulna, or humerus"
./raw_data/fracture_dataset/train/not fractured/8-rotated3-rotated3-rotated3 (2).jpg,outputs/removed_other_bones_quarantine/raw_data__fracture_dataset__train__not fractured__8-rotated3-rotated3-rotated3 (2).jpg,"not radius, ulna, or humerus"
./raw_data/fracture_dataset/train/not fractured/59-rotated2-rotated2-rotated2.jpg,outputs/removed_other_bones_quarantine/raw_data__fracture_dataset__train__not fractured__59-rotated2-rotated2-rotated2.jpg,"not radius, ulna, or humerus"
./raw_data/fracture_dataset/train/not fractured/13-rotated3-rotated2-rotated1.jpg,outputs/removed_other_bones_quarantine/raw_data__fracture_dataset__train__not fractured__13-rotated3-rotated2-rotated1.jpg,"not radius, ulna, or humerus"
./raw_data/fracture_dataset/train/not fractured/5-rotated1-rotated1-rotated2-rotated1.jpg,outputs/removed_other_bones_quarantine/raw_data__fracture_dataset__train__not fractured__5-rotated1-rotated1-rotated2-rotated1.jpg,"not radius, ulna, or humerus"
./raw_data/fracture_dataset/train/not fractured/33-rotated3-rotated1-rotated2-rotated1 (1).jpg,outputs/removed_other_bones_quarantine/raw_data__fracture_dataset__train__not fractured__33-rotated3-rotated1-rotated2-rotated1 (1).jpg,"not radius, ulna, or humerus"
./raw_data/fracture_dataset/train/not fractured/43-rotated3-rotated1-rotated3-rotated1.jpg,outputs/removed_other_bones_quarantine/raw_data__fracture_dataset__train__not fractured__43-rotated3-rotated1-rotated3-rotated1.jpg,"not radius, ulna, or humerus"
./raw_data/fracture_dataset/train/not fractured/27-rotated1-rotated2-rotated1-rotated1 (1).jpg,outputs/removed_other_bones_quarantine/raw_data__fracture_dataset__train__not fractured__27-rotated1-rotated2-rotated1-rotated1 (1).jpg,"not radius, ulna, or humerus"
./raw_data/fracture_dataset/train/not fractured/31-rotated2-rotated1-rotated3-rotated1.jpg,outputs/removed_other_bones_quarantine/raw_data__fracture_dataset__train__not fractured__31-rotated2-rotated1-rotated3-rotated1.jpg,"not radius, ulna, or humerus"
./raw_data/fracture_dataset/train/not fractured/60-rotated1 (1).jpg,outputs/removed_other_bones_quarantine/raw_data__fracture_dataset__train__not fractured__60-rotated1 (1).jpg,"not radius, ulna, or humerus"
./raw_data/fracture_dataset/train/not fractured/54-rotated2-rotated3-rotated3-rotated1.jpg,outputs/removed_other_bones_quarantine/raw_data__fracture_dataset__train__not fractured__54-rotated2-rotated3-rotated3-rotated1.jpg,"not radius, ulna, or humerus"
./raw_data/fracture_dataset/train/not fractured/55-rotated3-rotated2-rotated3-rotated1 (1).jpg,outputs/removed_other_bones_quarantine/raw_data__fracture_dataset__train__not fractured__55-rotated3-rotated2-rotated3-rotated1 (1).jpg,"not radius, ulna, or humerus"
./raw_data/fracture_dataset/train/not fractured/31-rotated2-rotated1-rotated3.jpg,outputs/removed_other_bones_quarantine/raw_data__fracture_dataset__train__not fractured__31-rotated2-rotated1-rotated3.jpg,"not radius, ulna, or humerus"
./raw_data/fracture_dataset/train/not fractured/61-rotated3-rotated2-rotated3.jpg,outputs/removed_other_bones_quarantine/raw_data__fracture_dataset__train__not fractured__61-rotated3-rotated2-rotated3.jpg,"not radius, ulna, or humerus"
./raw_data/fracture_dataset/train/not fractured/26-rotated1-rotated3-rotated3-rotated1.jpg,outputs/removed_other_bones_quarantine/raw_data__fracture_dataset__train__not fractured__26-rotated1-rotated3-rotated3-rotated1.jpg,"not radius, ulna, or humerus"
./raw_data/fracture_dataset/train/not fractured/8-rotated3-rotated1-rotated1-rotated1 (1).jpg,outputs/removed_other_bones_quarantine/raw_data__fracture_dataset__train__not fractured__8-rotated3-rotated1-rotated1-rotated1 (1).jpg,"not radius, ulna, or humerus"
./raw_data/fracture_dataset/train/not fractured/30-rotated3-rotated1 (1).jpg,outputs/removed_other_bones_quarantine/raw_data__fracture_dataset__train__not fractured__30-rotated3-rotated1 (1).jpg,"not radius, ulna, or humerus"
./raw_data/fracture_dataset/train/not fractured/65-rotated3.jpg,outputs/removed_other_bones_quarantine/raw_data__fracture_dataset__train__not fractured__65-rotated3.jpg,"not radius, ulna, or humerus"
./raw_data/fracture_dataset/train/not fractured/3-rotated1-rotated1-rotated3.jpg,outputs/removed_other_bones_quarantine/raw_data__fracture_dataset__train__not fractured__3-rotated1-rotated1-rotated3.jpg,"not radius, ulna, or humerus"
./raw_data/fracture_dataset/train/not fractured/27-rotated2.jpg,outputs/removed_other_bones_quarantine/raw_data__fracture_dataset__train__not fractured__27-rotated2.jpg,"not radius, ulna, or humerus"
./raw_data/fracture_dataset/train/not fractured/10-rotated2-rotated3-rotated2 (1).jpg,outputs/removed_other_bones_quarantine/raw_data__fracture_dataset__train__not fractured__10-rotated2-rotated3-rotated2 (1).jpg,"not radius, ulna, or humerus"
./raw_data/fracture_dataset/train/not fractured/4-rotated2-rotated1-rotated3 (1).jpg,outputs/removed_other_bones_quarantine/raw_data__fracture_dataset__train__not fractured__4-rotated2-rotated1-rotated3 (1).jpg,"not radius, ulna, or humerus"
./raw_data/fracture_dataset/train/not fractured/27-rotated2-rotated1-rotated2-rotated1 (1).jpg,outputs/removed_other_bones_quarantine/raw_data__fracture_dataset__train__not fractured__27-rotated2-rotated1-rotated2-rotated1 (1).jpg,"not radius, ulna, or humerus"
./raw_data/fracture_dataset/train/not fractured/2-rotated1-rotated2-rotated2-rotated1 (2).jpg,outputs/removed_other_bones_quarantine/raw_data__fracture_dataset__train__not fractured__2-rotated1-rotated2-rotated2-rotated1 (2).jpg,"not radius, ulna, or humerus"
./raw_data/fracture_dataset/train/not fractured/13.jpg,outputs/removed_other_bones_quarantine/raw_data__fracture_dataset__train__not fractured__13.jpg,"not radius, ulna, or humerus"
./raw_data/fracture_dataset/train/not fractured/69-rotated3-rotated3 (1).jpg,outputs/removed_other_bones_quarantine/raw_data__fracture_dataset__train__not fractured__69-rotated3-rotated3 (1).jpg,"not radius, ulna, or humerus"
./raw_data/fracture_dataset/train/not fractured/20.png,outputs/removed_other_bones_quarantine/raw_data__fracture_dataset__train__not fractured__20.png,"not radius, ulna, or humerus"
./raw_data/fracture_dataset/train/not fractured/44-rotated1-rotated2 (1).jpg,outputs/removed_other_bones_quarantine/raw_data__fracture_dataset__train__not fractured__44-rotated1-rotated2 (1).jpg,"not radius, ulna, or humerus"
./raw_data/fracture_dataset/train/not fractured/65-rotated3-rotated1.jpg,outputs/removed_other_bones_quarantine/raw_data__fracture_dataset__train__not fractured__65-rotated3-rotated1.jpg,"not radius, ulna, or humerus"
./raw_data/fracture_dataset/train/not fractured/37-rotated3 (1).jpg,outputs/removed_other_bones_quarantine/raw_data__fracture_dataset__train__not fractured__37-rotated3 (1).jpg,"not radius, ulna, or humerus"
./raw_data/fracture_dataset/train/not fractured/22.png,outputs/removed_other_bones_quarantine/raw_data__fracture_dataset__train__not fractured__22.png,"not radius, ulna, or humerus"
./raw_data/fracture_dataset/train/not fractured/4-rotated2-rotated1-rotated2-rotated1 (1).jpg,outputs/removed_other_bones_quarantine/raw_data__fracture_dataset__train__not fractured__4-rotated2-rotated1-rotated2-rotated1 (1).jpg,"not radius, ulna, or humerus"
./raw_data/fracture_dataset/train/not fractured/35-rotated1-rotated3.jpg,outputs/removed_other_bones_quarantine/raw_data__fracture_dataset__train__not fractured__35-rotated1-rotated3.jpg,"not radius, ulna, or humerus"
./raw_data/fracture_dataset/train/not fractured/24-rotated1-rotated1-rotated1 (1).jpg,outputs/removed_other_bones_quarantine/raw_data__fracture_dataset__train__not fractured__24-rotated1-rotated1-rotated1 (1).jpg,"not radius, ulna, or humerus"
./raw_data/fracture_dataset/train/not fractured/46-rotated1-rotated3-rotated2 (1).jpg,outputs/removed_other_bones_quarantine/raw_data__fracture_dataset__train__not fractured__46-rotated1-rotated3-rotated2 (1).jpg,"not radius, ulna, or humerus"
./raw_data/fracture_dataset/train/not fractured/23.png,outputs/removed_other_bones_quarantine/raw_data__fracture_dataset__train__not fractured__23.png,"not radius, ulna, or humerus"
./raw_data/fracture_dataset/train/not fractured/33-rotated1-rotated2.jpg,outputs/removed_other_bones_quarantine/raw_data__fracture_dataset__train__not fractured__33-rotated1-rotated2.jpg,"not radius, ulna, or humerus"
./raw_data/fracture_dataset/train/not fractured/16-rotated1-rotated2-rotated3 (1).jpg,outputs/removed_other_bones_quarantine/raw_data__fracture_dataset__train__not fractured__16-rotated1-rotated2-rotated3 (1).jpg,"not radius, ulna, or humerus"
./raw_data/fracture_dataset/train/not fractured/24-rotated2-rotated2-rotated1.jpg,outputs/removed_other_bones_quarantine/raw_data__fracture_dataset__train__not fractured__24-rotated2-rotated2-rotated1.jpg,"not radius, ulna, or humerus"
./raw_data/fracture_dataset/train/not fractured/18-rotated1-rotated3-rotated3-rotated1.jpg,outputs/removed_other_bones_quarantine/raw_data__fracture_dataset__train__not fractured__18-rotated1-rotated3-rotated3-rotated1.jpg,"not radius, ulna, or humerus"
./raw_data/fracture_dataset/train/not fractured/7-rotated2-rotated3.jpg,outputs/removed_other_bones_quarantine/raw_data__fracture_dataset__train__not fractured__7-rotated2-rotated3.jpg,"not radius, ulna, or humerus"
./raw_data/fracture_dataset/train/not fractured/6-rotated1-rotated1-rotated1 (1).jpg,outputs/removed_other_bones_quarantine/raw_data__fracture_dataset__train__not fractured__6-rotated1-rotated1-rotated1 (1).jpg,"not radius, ulna, or humerus"
./raw_data/fracture_dataset/train/not fractured/60-rotated3-rotated3-rotated2-rotated1.jpg,outputs/removed_other_bones_quarantine/raw_data__fracture_dataset__train__not fractured__60-rotated3-rotated3-rotated2-rotated1.jpg,"not radius, ulna, or humerus"
./raw_data/fracture_dataset/train/not fractured/52-rotated3-rotated3-rotated3-rotated1 (1).jpg,outputs/removed_other_bones_quarantine/raw_data__fracture_dataset__train__not fractured__52-rotated3-rotated3-rotated3-rotated1 (1).jpg,"not radius, ulna, or humerus"
./raw_data/fracture_dataset/train/not fractured/70-rotated3.jpg,outputs/removed_other_bones_quarantine/raw_data__fracture_dataset__train__not fractured__70-rotated3.jpg,"not radius, ulna, or humerus"
./raw_data/fracture_dataset/train/not fractured/56-rotated3-rotated2-rotated1-rotated1.jpg,outputs/removed_other_bones_quarantine/raw_data__fracture_dataset__train__not fractured__56-rotated3-rotated2-rotated1-rotated1.jpg,"not radius, ulna, or humerus"
./raw_data/fracture_dataset/train/not fractured/60-rotated3-rotated1-rotated3.jpg,outputs/removed_other_bones_quarantine/raw_data__fracture_dataset__train__not fractured__60-rotated3-rotated1-rotated3.jpg,"not radius, ulna, or humerus"
./raw_data/fracture_dataset/train/not fractured/20-rotated1-rotated3-rotated3 (1).jpg,outputs/removed_other_bones_quarantine/raw_data__fracture_dataset__train__not fractured__20-rotated1-rotated3-rotated3 (1).jpg,"not radius, ulna, or humerus"
./raw_data/fracture_dataset/train/not fractured/20-rotated3-rotated3-rotated1 (1).jpg,outputs/removed_other_bones_quarantine/raw_data__fracture_dataset__train__not fractured__20-rotated3-rotated3-rotated1 (1).jpg,"not radius, ulna, or humerus"
./raw_data/fracture_dataset/train/not fractured/18-rotated3-rotated1-rotated3-rotated1 (1).jpg,outputs/removed_other_bones_quarantine/raw_data__fracture_dataset__train__not fractured__18-rotated3-rotated1-rotated3-rotated1 (1).jpg,"not radius, ulna, or humerus"
./raw_data/fracture_dataset/train/not fractured/66-rotated2-rotated3-rotated2.jpg,outputs/removed_other_bones_quarantine/raw_data__fracture_dataset__train__not fractured__66-rotated2-rotated3-rotated2.jpg,"not radius, ulna, or humerus"
./raw_data/fracture_dataset/train/not fractured/8-rotated1-rotated3 (1).jpg,outputs/removed_other_bones_quarantine/raw_data__fracture_dataset__train__not fractured__8-rotated1-rotated3 (1).jpg,"not radius, ulna, or humerus"
./raw_data/fracture_dataset/train/not fractured/2-rotated3-rotated2-rotated1.jpg,outputs/removed_other_bones_quarantine/raw_data__fracture_dataset__train__not fractured__2-rotated3-rotated2-rotated1.jpg,"not radius, ulna, or humerus"
./raw_data/fracture_dataset/train/not fractured/55-rotated1-rotated3-rotated1.jpg,outputs/removed_other_bones_quarantine/raw_data__fracture_dataset__train__not fractured__55-rotated1-rotated3-rotated1.jpg,"not radius, ulna, or humerus"
./raw_data/fracture_dataset/train/not fractured/53-rotated2 (1).jpg,outputs/removed_other_bones_quarantine/raw_data__fracture_dataset__train__not fractured__53-rotated2 (1).jpg,"not radius, ulna, or humerus"
./raw_data/fracture_dataset/train/not fractured/39-rotated3-rotated3-rotated1-rotated1.jpg,outputs/removed_other_bones_quarantine/raw_data__fracture_dataset__train__not fractured__39-rotated3-rotated3-rotated1-rotated1.jpg,"not radius, ulna, or humerus"
./raw_data/fracture_dataset/train/not fractured/31-rotated2-rotated2-rotated3-rotated1 (1).jpg,outputs/removed_other_bones_quarantine/raw_data__fracture_dataset__train__not fractured__31-rotated2-rotated2-rotated3-rotated1 (1).jpg,"not radius, ulna, or humerus"
./raw_data/fracture_dataset/train/not fractured/15-rotated2-rotated1.jpg,outputs/removed_other_bones_quarantine/raw_data__fracture_dataset__train__not fractured__15-rotated2-rotated1.jpg,"not radius, ulna, or humerus"
./raw_data/fracture_dataset/train/not fractured/16-rotated2-rotated3-rotated2-rotated1 (1).jpg,outputs/removed_other_bones_quarantine/raw_data__fracture_dataset__train__not fractured__16-rotated2-rotated3-rotated2-rotated1 (1).jpg,"not radius, ulna, or humerus"
./raw_data/fracture_dataset/train/not fractured/29-rotated1-rotated3-rotated3 (1).jpg,outputs/removed_other_bones_quarantine/raw_data__fracture_dataset__train__not fractured__29-rotated1-rotated3-rotated3 (1).jpg,"not radius, ulna, or humerus"
./raw_data/fracture_dataset/train/not fractured/59-rotated3-rotated2-rotated1 (1).jpg,outputs/removed_other_bones_quarantine/raw_data__fracture_dataset__train__not fractured__59-rotated3-rotated2-rotated1 (1).jpg,"not radius, ulna, or humerus"
./raw_data/fracture_dataset/train/not fractured/12-rotated2-rotated1-rotated1 (1).jpg,outputs/removed_other_bones_quarantine/raw_data__fracture_dataset__train__not fractured__12-rotated2-rotated1-rotated1 (1).jpg,"not radius, ulna, or humerus"
./raw_data/fracture_dataset/train/not fractured/44-rotated3-rotated2 (1).jpg,outputs/removed_other_bones_quarantine/raw_data__fracture_dataset__train__not fractured__44-rotated3-rotated2 (1).jpg,"not radius, ulna, or humerus"
./raw_data/fracture_dataset/train/not fractured/15-rotated1-rotated2-rotated3.jpg,outputs/removed_other_bones_quarantine/raw_data__fracture_dataset__train__not fractured__15-rotated1-rotated2-rotated3.jpg,"not radius, ulna, or humerus"
./raw_data/fracture_dataset/train/not fractured/27-rotated3-rotated1-rotated1-rotated1 (1).jpg,outputs/removed_other_bones_quarantine/raw_data__fracture_dataset__train__not fractured__27-rotated3-rotated1-rotated1-rotated1 (1).jpg,"not radius, ulna, or humerus"
./raw_data/fracture_dataset/train/not fractured/34-rotated3-rotated3-rotated1-rotated1.jpg,outputs/removed_other_bones_quarantine/raw_data__fracture_dataset__train__not fractured__34-rotated3-rotated3-rotated1-rotated1.jpg,"not radius, ulna, or humerus"
./raw_data/fracture_dataset/train/not fractured/44-rotated3-rotated3-rotated1-rotated1.jpg,outputs/removed_other_bones_quarantine/raw_data__fracture_dataset__train__not fractured__44-rotated3-rotated3-rotated1-rotated1.jpg,"not radius, ulna, or humerus"
./raw_data/fracture_dataset/train/not fractured/57-rotated1-rotated2-rotated3 (1).jpg,outputs/removed_other_bones_quarantine/raw_data__fracture_dataset__train__not fractured__57-rotated1-rotated2-rotated3 (1).jpg,"not radius, ulna, or humerus"
./raw_data/fracture_dataset/train/not fractured/51-rotated1-rotated3-rotated1-rotated1 (1).jpg,outputs/removed_other_bones_quarantine/raw_data__fracture_dataset__train__not fractured__51-rotated1-rotated3-rotated1-rotated1 (1).jpg,"not radius, ulna, or humerus"
./raw_data/fracture_dataset/train/not fractured/58-rotated2-rotated1-rotated1-rotated1.jpg,outputs/removed_other_bones_quarantine/raw_data__fracture_dataset__train__not fractured__58-rotated2-rotated1-rotated1-rotated1.jpg,"not radius, ulna, or humerus"
./raw_data/fracture_dataset/train/not fractured/1-rotated1-rotated2-rotated1-rotated1.jpg,outputs/removed_other_bones_quarantine/raw_data__fracture_dataset__train__not fractured__1-rotated1-rotated2-rotated1-rotated1.jpg,"not radius, ulna, or humerus"
./raw_data/fracture_dataset/train/not fractured/19-rotated1.jpg,outputs/removed_other_bones_quarantine/raw_data__fracture_dataset__train__not fractured__19-rotated1.jpg,"not radius, ulna, or humerus"
./raw_data/fracture_dataset/train/not fractured/39.jpg,outputs/removed_other_bones_quarantine/raw_data__fracture_dataset__train__not fractured__39.jpg,"not radius, ulna, or humerus"
./raw_data/fracture_dataset/train/not fractured/8-rotated2 (2).jpg,outputs/removed_other_bones_quarantine/raw_data__fracture_dataset__train__not fractured__8-rotated2 (2).jpg,"not radius, ulna, or humerus"
./raw_data/fracture_dataset/train/not fractured/2-rotated3-rotated1-rotated3 (2).jpg,outputs/removed_other_bones_quarantine/raw_data__fracture_dataset__train__not fractured__2-rotated3-rotated1-rotated3 (2).jpg,"not radius, ulna, or humerus"
./raw_data/fracture_dataset/train/not fractured/2-rotated1-rotated2-rotated1 (1).jpg,outputs/removed_other_bones_quarantine/raw_data__fracture_dataset__train__not fractured__2-rotated1-rotated2-rotated1 (1).jpg,"not radius, ulna, or humerus"
./raw_data/fracture_dataset/train/not fractured/54-rotated1-rotated1-rotated3.jpg,outputs/removed_other_bones_quarantine/raw_data__fracture_dataset__train__not fractured__54-rotated1-rotated1-rotated3.jpg,"not radius, ulna, or humerus"
./raw_data/fracture_dataset/train/not fractured/9-rotated1-rotated3-rotated2.jpg,outputs/removed_other_bones_quarantine/raw_data__fracture_dataset__train__not fractured__9-rotated1-rotated3-rotated2.jpg,"not radius, ulna, or humerus"
./raw_data/fracture_dataset/train/not fractured/60-rotated2-rotated3-rotated2 (1).jpg,outputs/removed_other_bones_quarantine/raw_data__fracture_dataset__train__not fractured__60-rotated2-rotated3-rotated2 (1).jpg,"not radius, ulna, or humerus"
./raw_data/fracture_dataset/train/not fractured/14-rotated1-rotated1-rotated3-rotated1.jpg,outputs/removed_other_bones_quarantine/raw_data__fracture_dataset__train__not fractured__14-rotated1-rotated1-rotated3-rotated1.jpg,"not radius, ulna, or humerus"
./raw_data/fracture_dataset/train/not fractured/55-rotated2-rotated1-rotated1-rotated1.jpg,outputs/removed_other_bones_quarantine/raw_data__fracture_dataset__train__not fractured__55-rotated2-rotated1-rotated1-rotated1.jpg,"not radius, ulna, or humerus"
./raw_data/fracture_dataset/train/not fractured/4-rotated1-rotated1-rotated2.jpg,outputs/removed_other_bones_quarantine/raw_data__fracture_dataset__train__not fractured__4-rotated1-rotated1-rotated2.jpg,"not radius, ulna, or humerus"
./raw_data/fracture_dataset/train/not fractured/33-rotated2-rotated3-rotated2.jpg,outputs/removed_other_bones_quarantine/raw_data__fracture_dataset__train__not fractured__33-rotated2-rotated3-rotated2.jpg,"not radius, ulna, or humerus"
./raw_data/fracture_dataset/train/not fractured/2-rotated2-rotated2-rotated2 (1).jpg,outputs/removed_other_bones_quarantine/raw_data__fracture_dataset__train__not fractured__2-rotated2-rotated2-rotated2 (1).jpg,"not radius, ulna, or humerus"
./raw_data/fracture_dataset/train/not fractured/7-rotated2 (1).jpg,outputs/removed_other_bones_quarantine/raw_data__fracture_dataset__train__not fractured__7-rotated2 (1).jpg,"not radius, ulna, or humerus"
./raw_data/fracture_dataset/train/not fractured/16-rotated3-rotated1-rotated3-rotated1 (1).jpg,outputs/removed_other_bones_quarantine/raw_data__fracture_dataset__train__not fractured__16-rotated3-rotated1-rotated3-rotated1 (1).jpg,"not radius, ulna, or humerus"
./raw_data/fracture_dataset/train/not fractured/1-rotated3-rotated1-rotated3-rotated1.jpg,outputs/removed_other_bones_quarantine/raw_data__fracture_dataset__train__not fractured__1-rotated3-rotated1-rotated3-rotated1.jpg,"not radius, ulna, or humerus"
./raw_data/fracture_dataset/train/not fractured/7-rotated2-rotated3-rotated2-rotated1 (2).jpg,outputs/removed_other_bones_quarantine/raw_data__fracture_dataset__train__not fractured__7-rotated2-rotated3-rotated2-rotated1 (2).jpg,"not radius, ulna, or humerus"
./raw_data/fracture_dataset/train/not fractured/16-rotated2-rotated2-rotated3-rotated1 (1).jpg,outputs/removed_other_bones_quarantine/raw_data__fracture_dataset__train__not fractured__16-rotated2-rotated2-rotated3-rotated1 (1).jpg,"not radius, ulna, or humerus"
./raw_data/fracture_dataset/train/not fractured/24-rotated2-rotated1-rotated1-rotated1 (1).jpg,outputs/removed_other_bones_quarantine/raw_data__fracture_dataset__train__not fractured__24-rotated2-rotated1-rotated1-rotated1 (1).jpg,"not radius, ulna, or humerus"
./raw_data/fracture_dataset/train/not fractured/10-rotated2-rotated2-rotated3-rotated1 (1).jpg,outputs/removed_other_bones_quarantine/raw_data__fracture_dataset__train__not fractured__10-rotated2-rotated2-rotated3-rotated1 (1).jpg,"not radius, ulna, or humerus"
./raw_data/fracture_dataset/train/not fractured/21-rotated2-rotated2-rotated3-rotated1 (1).jpg,outputs/removed_other_bones_quarantine/raw_data__fracture_dataset__train__not fractured__21-rotated2-rotated2-rotated3-rotated1 (1).jpg,"not radius, ulna, or humerus"
./raw_data/fracture_dataset/train/not fractured/65-rotated3-rotated3-rotated3-rotated1 (1).jpg,outputs/removed_other_bones_quarantine/raw_data__fracture_dataset__train__not fractured__65-rotated3-rotated3-rotated3-rotated1 (1).jpg,"not radius, ulna, or humerus"
./raw_data/fracture_dataset/train/not fractured/44-rotated2-rotated1-rotated2-rotated1.jpg,outputs/removed_other_bones_quarantine/raw_data__fracture_dataset__train__not fractured__44-rotated2-rotated1-rotated2-rotated1.jpg,"not radius, ulna, or humerus"
./raw_data/fracture_dataset/train/not fractured/70-rotated2-rotated2.jpg,outputs/removed_other_bones_quarantine/raw_data__fracture_dataset__train__not fractured__70-rotated2-rotated2.jpg,"not radius, ulna, or humerus"
./raw_data/fracture_dataset/train/not fractured/24-rotated2-rotated3.jpg,outputs/removed_other_bones_quarantine/raw_data__fracture_dataset__train__not fractured__24-rotated2-rotated3.jpg,"not radius, ulna, or humerus"
./raw_data/fracture_dataset/train/not fractured/8-rotated2-rotated2-rotated3 (1).jpg,outputs/removed_other_bones_quarantine/raw_data__fracture_dataset__train__not fractured__8-rotated2-rotated2-rotated3 (1).jpg,"not radius, ulna, or humerus"
./raw_data/fracture_dataset/train/not fractured/31-rotated2-rotated2-rotated1-rotated1 (1).jpg,outputs/removed_other_bones_quarantine/raw_data__fracture_dataset__train__not fractured__31-rotated2-rotated2-rotated1-rotated1 (1).jpg,"not radius, ulna, or humerus"
./raw_data/fracture_dataset/train/not fractured/50-rotated1-rotated1-rotated3 (1).jpg,outputs/removed_other_bones_quarantine/raw_data__fracture_dataset__train__not fractured__50-rotated1-rotated1-rotated3 (1).jpg,"not radius, ulna, or humerus"
./raw_data/fracture_dataset/train/not fractured/20-rotated3-rotated1-rotated1.jpg,outputs/removed_other_bones_quarantine/raw_data__fracture_dataset__train__not fractured__20-rotated3-rotated1-rotated1.jpg,"not radius, ulna, or humerus"
./raw_data/fracture_dataset/train/not fractured/58-rotated3-rotated1-rotated1 (1).jpg,outputs/removed_other_bones_quarantine/raw_data__fracture_dataset__train__not fractured__58-rotated3-rotated1-rotated1 (1).jpg,"not radius, ulna, or humerus"
./raw_data/fracture_dataset/train/not fractured/35-rotated1-rotated3-rotated2 (1).jpg,outputs/removed_other_bones_quarantine/raw_data__fracture_dataset__train__not fractured__35-rotated1-rotated3-rotated2 (1).jpg,"not radius, ulna, or humerus"
./raw_data/fracture_dataset/train/not fractured/67-rotated1-rotated3-rotated1-rotated1.jpg,outputs/removed_other_bones_quarantine/raw_data__fracture_dataset__train__not fractured__67-rotated1-rotated3-rotated1-rotated1.jpg,"not radius, ulna, or humerus"
./raw_data/fracture_dataset/train/not fractured/17-rotated1-rotated3-rotated1-rotated1.jpg,outputs/removed_other_bones_quarantine/raw_data__fracture_dataset__train__not fractured__17-rotated1-rotated3-rotated1-rotated1.jpg,"not radius, ulna, or humerus"
./raw_data/fracture_dataset/train/not fractured/64-rotated3-rotated2-rotated2 (1).jpg,outputs/removed_other_bones_quarantine/raw_data__fracture_dataset__train__not fractured__64-rotated3-rotated2-rotated2 (1).jpg,"not radius, ulna, or humerus"
./raw_data/fracture_dataset/train/not fractured/65-rotated2-rotated2-rotated1.jpg,outputs/removed_other_bones_quarantine/raw_data__fracture_dataset__train__not fractured__65-rotated2-rotated2-rotated1.jpg,"not radius, ulna, or humerus"
./raw_data/fracture_dataset/train/not fractured/70-rotated2-rotated2-rotated2-rotated1.jpg,outputs/removed_other_bones_quarantine/raw_data__fracture_dataset__train__not fractured__70-rotated2-rotated2-rotated2-rotated1.jpg,"not radius, ulna, or humerus"
./raw_data/fracture_dataset/train/not fractured/48-rotated3-rotated2-rotated3.jpg,outputs/removed_other_bones_quarantine/raw_data__fracture_dataset__train__not fractured__48-rotated3-rotated2-rotated3.jpg,"not radius, ulna, or humerus"
./raw_data/fracture_dataset/train/not fractured/19-rotated2-rotated2-rotated2.jpg,outputs/removed_other_bones_quarantine/raw_data__fracture_dataset__train__not fractured__19-rotated2-rotated2-rotated2.jpg,"not radius, ulna, or humerus"
./raw_data/fracture_dataset/train/not fractured/57-rotated1-rotated1-rotated2 (1).jpg,outputs/removed_other_bones_quarantine/raw_data__fracture_dataset__train__not fractured__57-rotated1-rotated1-rotated2 (1).jpg,"not radius, ulna, or humerus"
./raw_data/fracture_dataset/train/not fractured/61-rotated3-rotated3-rotated3 (1).jpg,outputs/removed_other_bones_quarantine/raw_data__fracture_dataset__train__not fractured__61-rotated3-rotated3-rotated3 (1).jpg,"not radius, ulna, or humerus"
./raw_data/fracture_dataset/train/not fractured/41-rotated3-rotated3-rotated3.jpg,outputs/removed_other_bones_quarantine/raw_data__fracture_dataset__train__not fractured__41-rotated3-rotated3-rotated3.jpg,"not radius, ulna, or humerus"
./raw_data/fracture_dataset/train/not fractured/66-rotated1-rotated2-rotated1.jpg,outputs/removed_other_bones_quarantine/raw_data__fracture_dataset__train__not fractured__66-rotated1-rotated2-rotated1.jpg,"not radius, ulna, or humerus"
./raw_data/fracture_dataset/train/not fractured/18-rotated2-rotated3-rotated1 (1).jpg,outputs/removed_other_bones_quarantine/raw_data__fracture_dataset__train__not fractured__18-rotated2-rotated3-rotated1 (1).jpg,"not radius, ulna, or humerus"
./raw_data/fracture_dataset/train/not fractured/20-rotated1-rotated3-rotated1-rotated1 (1).jpg,outputs/removed_other_bones_quarantine/raw_data__fracture_dataset__train__not fractured__20-rotated1-rotated3-rotated1-rotated1 (1).jpg,"not radius, ulna, or humerus"
./raw_data/fracture_dataset/train/not fractured/19.png,outputs/removed_other_bones_quarantine/raw_data__fracture_dataset__train__not fractured__19.png,"not radius, ulna, or humerus"
./raw_data/fracture_dataset/train/not fractured/51-rotated3-rotated1.jpg,outputs/removed_other_bones_quarantine/raw_data__fracture_dataset__train__not fractured__51-rotated3-rotated1.jpg,"not radius, ulna, or humerus"
./raw_data/fracture_dataset/train/not fractured/64-rotated2-rotated2-rotated3 (1).jpg,outputs/removed_other_bones_quarantine/raw_data__fracture_dataset__train__not fractured__64-rotated2-rotated2-rotated3 (1).jpg,"not radius, ulna, or humerus"
./raw_data/fracture_dataset/train/not fractured/4-rotated2-rotated3-rotated3 (1).jpg,outputs/removed_other_bones_quarantine/raw_data__fracture_dataset__train__not fractured__4-rotated2-rotated3-rotated3 (1).jpg,"not radius, ulna, or humerus"
./raw_data/fracture_dataset/train/not fractured/19-rotated1-rotated3-rotated3-rotated1 (1).jpg,outputs/removed_other_bones_quarantine/raw_data__fracture_dataset__train__not fractured__19-rotated1-rotated3-rotated3-rotated1 (1).jpg,"not radius, ulna, or humerus"
./raw_data/fracture_dataset/train/not fractured/6-rotated3-rotated1-rotated3-rotated1 (1).jpg,outputs/removed_other_bones_quarantine/raw_data__fracture_dataset__train__not fractured__6-rotated3-rotated1-rotated3-rotated1 (1).jpg,"not radius, ulna, or humerus"
./raw_data/fracture_dataset/train/not fractured/33-rotated3-rotated1-rotated3-rotated1 (1).jpg,outputs/removed_other_bones_quarantine/raw_data__fracture_dataset__train__not fractured__33-rotated3-rotated1-rotated3-rotated1 (1).jpg,"not radius, ulna, or humerus"
./raw_data/fracture_dataset/train/not fractured/16-rotated3-rotated2.jpg,outputs/removed_other_bones_quarantine/raw_data__fracture_dataset__train__not fractured__16-rotated3-rotated2.jpg,"not radius, ulna, or humerus"
./raw_data/fracture_dataset/train/not fractured/4-rotated1-rotated2-rotated1-rotated1 (2).jpg,outputs/removed_other_bones_quarantine/raw_data__fracture_dataset__train__not fractured__4-rotated1-rotated2-rotated1-rotated1 (2).jpg,"not radius, ulna, or humerus"
./raw_data/fracture_dataset/train/not fractured/64-rotated2-rotated2-rotated2-rotated1 (1).jpg,outputs/removed_other_bones_quarantine/raw_data__fracture_dataset__train__not fractured__64-rotated2-rotated2-rotated2-rotated1 (1).jpg,"not radius, ulna, or humerus"
./raw_data/fracture_dataset/train/not fractured/30-rotated2-rotated2-rotated2-rotated1.jpg,outputs/removed_other_bones_quarantine/raw_data__fracture_dataset__train__not fractured__30-rotated2-rotated2-rotated2-rotated1.jpg,"not radius, ulna, or humerus"
./raw_data/fracture_dataset/train/not fractured/67-rotated1-rotated1-rotated3 (1).jpg,outputs/removed_other_bones_quarantine/raw_data__fracture_dataset__train__not fractured__67-rotated1-rotated1-rotated3 (1).jpg,"not radius, ulna, or humerus"
./raw_data/fracture_dataset/train/not fractured/1-rotated3-rotated1 (1).jpg,outputs/removed_other_bones_quarantine/raw_data__fracture_dataset__train__not fractured__1-rotated3-rotated1 (1).jpg,"not radius, ulna, or humerus"
./raw_data/fracture_dataset/train/not fractured/38-rotated2-rotated3-rotated3-rotated1.jpg,outputs/removed_other_bones_quarantine/raw_data__fracture_dataset__train__not fractured__38-rotated2-rotated3-rotated3-rotated1.jpg,"not radius, ulna, or humerus"
./raw_data/fracture_dataset/train/not fractured/24-rotated3-rotated2-rotated1 (1).jpg,outputs/removed_other_bones_quarantine/raw_data__fracture_dataset__train__not fractured__24-rotated3-rotated2-rotated1 (1).jpg,"not radius, ulna, or humerus"
./raw_data/fracture_dataset/train/not fractured/30-rotated2-rotated2-rotated2 (1).jpg,outputs/removed_other_bones_quarantine/raw_data__fracture_dataset__train__not fractured__30-rotated2-rotated2-rotated2 (1).jpg,"not radius, ulna, or humerus"
./raw_data/fracture_dataset/train/not fractured/50-rotated1-rotated2-rotated3 (1).jpg,outputs/removed_other_bones_quarantine/raw_data__fracture_dataset__train__not fractured__50-rotated1-rotated2-rotated3 (1).jpg,"not radius, ulna, or humerus"
./raw_data/fracture_dataset/train/not fractured/16-rotated3-rotated3-rotated1-rotated1.jpg,outputs/removed_other_bones_quarantine/raw_data__fracture_dataset__train__not fractured__16-rotated3-rotated3-rotated1-rotated1.jpg,"not radius, ulna, or humerus"
./raw_data/fracture_dataset/train/not fractured/43-rotated1-rotated1-rotated1.jpg,outputs/removed_other_bones_quarantine/raw_data__fracture_dataset__train__not fractured__43-rotated1-rotated1-rotated1.jpg,"not radius, ulna, or humerus"
./raw_data/fracture_dataset/train/not fractured/68-rotated3.jpg,outputs/removed_other_bones_quarantine/raw_data__fracture_dataset__train__not fractured__68-rotated3.jpg,"not radius, ulna, or humerus"
./raw_data/fracture_dataset/train/not fractured/27-rotated2-rotated2-rotated2-rotated1 (1).jpg,outputs/removed_other_bones_quarantine/raw_data__fracture_dataset__train__not fractured__27-rotated2-rotated2-rotated2-rotated1 (1).jpg,"not radius, ulna, or humerus"
./raw_data/fracture_dataset/train/not fractured/54-rotated2-rotated1-rotated1-rotated1.jpg,outputs/removed_other_bones_quarantine/raw_data__fracture_dataset__train__not fractured__54-rotated2-rotated1-rotated1-rotated1.jpg,"not radius, ulna, or humerus"
./raw_data/fracture_dataset/train/not fractured/57-rotated3-rotated1-rotated3.jpg,outputs/removed_other_bones_quarantine/raw_data__fracture_dataset__train__not fractured__57-rotated3-rotated1-rotated3.jpg,"not radius, ulna, or humerus"
./raw_data/fracture_dataset/train/not fractured/IMG0003781.jpg,outputs/removed_other_bones_quarantine/raw_data__fracture_dataset__train__not fractured__IMG0003781.jpg,"not radius, ulna, or humerus"
./raw_data/fracture_dataset/train/not fractured/19-rotated3-rotated1-rotated3.jpg,outputs/removed_other_bones_quarantine/raw_data__fracture_dataset__train__not fractured__19-rotated3-rotated1-rotated3.jpg,"not radius, ulna, or humerus"
./raw_data/fracture_dataset/train/not fractured/41-rotated2-rotated2-rotated2-rotated1.jpg,outputs/removed_other_bones_quarantine/raw_data__fracture_dataset__train__not fractured__41-rotated2-rotated2-rotated2-rotated1.jpg,"not radius, ulna, or humerus"
./raw_data/fracture_dataset/train/not fractured/2-rotated2-rotated3-rotated2 (2).jpg,outputs/removed_other_bones_quarantine/raw_data__fracture_dataset__train__not fractured__2-rotated2-rotated3-rotated2 (2).jpg,"not radius, ulna, or humerus"
./raw_data/fracture_dataset/train/not fractured/15-rotated1-rotated2-rotated2-rotated1 (1).jpg,outputs/removed_other_bones_quarantine/raw_data__fracture_dataset__train__not fractured__15-rotated1-rotated2-rotated2-rotated1 (1).jpg,"not radius, ulna, or humerus"
./raw_data/fracture_dataset/train/not fractured/40-rotated3-rotated3-rotated2-rotated1 (1).jpg,outputs/removed_other_bones_quarantine/raw_data__fracture_dataset__train__not fractured__40-rotated3-rotated3-rotated2-rotated1 (1).jpg,"not radius, ulna, or humerus"
./raw_data/fracture_dataset/train/not fractured/43-rotated1-rotated3-rotated3 (1).jpg,outputs/removed_other_bones_quarantine/raw_data__fracture_dataset__train__not fractured__43-rotated1-rotated3-rotated3 (1).jpg,"not radius, ulna, or humerus"
./raw_data/fracture_dataset/train/not fractured/25-rotated2-rotated2-rotated1 (1).jpg,outputs/removed_other_bones_quarantine/raw_data__fracture_dataset__train__not fractured__25-rotated2-rotated2-rotated1 (1).jpg,"not radius, ulna, or humerus"
./raw_data/fracture_dataset/train/not fractured/51-rotated2-rotated3-rotated1 (1).jpg,outputs/removed_other_bones_quarantine/raw_data__fracture_dataset__train__not fractured__51-rotated2-rotated3-rotated1 (1).jpg,"not radius, ulna, or humerus"
./raw_data/fracture_dataset/train/not fractured/58-rotated1-rotated1-rotated1-rotated1.jpg,outputs/removed_other_bones_quarantine/raw_data__fracture_dataset__train__not fractured__58-rotated1-rotated1-rotated1-rotated1.jpg,"not radius, ulna, or humerus"
./raw_data/fracture_dataset/train/not fractured/60-rotated3-rotated3-rotated3-rotated1.jpg,outputs/removed_other_bones_quarantine/raw_data__fracture_dataset__train__not fractured__60-rotated3-rotated3-rotated3-rotated1.jpg,"not radius, ulna, or humerus"
./raw_data/fracture_dataset/train/not fractured/43-rotated3-rotated3-rotated3-rotated1 (1).jpg,outputs/removed_other_bones_quarantine/raw_data__fracture_dataset__train__not fractured__43-rotated3-rotated3-rotated3-rotated1 (1).jpg,"not radius, ulna, or humerus"
./raw_data/fracture_dataset/train/not fractured/58-rotated3-rotated3-rotated3-rotated1 (1).jpg,outputs/removed_other_bones_quarantine/raw_data__fracture_dataset__train__not fractured__58-rotated3-rotated3-rotated3-rotated1 (1).jpg,"not radius, ulna, or humerus"
./raw_data/fracture_dataset/train/not fractured/13-rotated1-rotated3-rotated1-rotated1.jpg,outputs/removed_other_bones_quarantine/raw_data__fracture_dataset__train__not fractured__13-rotated1-rotated3-rotated1-rotated1.jpg,"not radius, ulna, or humerus"
./raw_data/fracture_dataset/train/not fractured/9-rotated3-rotated2-rotated2 (1).jpg,outputs/removed_other_bones_quarantine/raw_data__fracture_dataset__train__not fractured__9-rotated3-rotated2-rotated2 (1).jpg,"not radius, ulna, or humerus"
./raw_data/fracture_dataset/train/not fractured/41-rotated1-rotated1-rotated2 (1).jpg,outputs/removed_other_bones_quarantine/raw_data__fracture_dataset__train__not fractured__41-rotated1-rotated1-rotated2 (1).jpg,"not radius, ulna, or humerus"
./raw_data/fracture_dataset/train/not fractured/50-rotated2-rotated2-rotated2-rotated1.jpg,outputs/removed_other_bones_quarantine/raw_data__fracture_dataset__train__not fractured__50-rotated2-rotated2-rotated2-rotated1.jpg,"not radius, ulna, or humerus"
./raw_data/fracture_dataset/train/not fractured/21-rotated3-rotated2-rotated2-rotated1.jpg,outputs/removed_other_bones_quarantine/raw_data__fracture_dataset__train__not fractured__21-rotated3-rotated2-rotated2-rotated1.jpg,"not radius, ulna, or humerus"
./raw_data/fracture_dataset/train/not fractured/42.jpg,outputs/removed_other_bones_quarantine/raw_data__fracture_dataset__train__not fractured__42.jpg,"not radius, ulna, or humerus"
./raw_data/fracture_dataset/train/not fractured/66-rotated2-rotated1 (1).jpg,outputs/removed_other_bones_quarantine/raw_data__fracture_dataset__train__not fractured__66-rotated2-rotated1 (1).jpg,"not radius, ulna, or humerus"
./raw_data/fracture_dataset/train/not fractured/36-rotated1-rotated3-rotated3.jpg,outputs/removed_other_bones_quarantine/raw_data__fracture_dataset__train__not fractured__36-rotated1-rotated3-rotated3.jpg,"not radius, ulna, or humerus"
./raw_data/fracture_dataset/train/not fractured/50-rotated2-rotated2-rotated3-rotated1 (1).jpg,outputs/removed_other_bones_quarantine/raw_data__fracture_dataset__train__not fractured__50-rotated2-rotated2-rotated3-rotated1 (1).jpg,"not radius, ulna, or humerus"
./raw_data/fracture_dataset/train/not fractured/62-rotated1-rotated3-rotated1-rotated1 (1).jpg,outputs/removed_other_bones_quarantine/raw_data__fracture_dataset__train__not fractured__62-rotated1-rotated3-rotated1-rotated1 (1).jpg,"not radius, ulna, or humerus"
./raw_data/fracture_dataset/train/not fractured/48-rotated2-rotated3-rotated2.jpg,outputs/removed_other_bones_quarantine/raw_data__fracture_dataset__train__not fractured__48-rotated2-rotated3-rotated2.jpg,"not radius, ulna, or humerus"
./raw_data/fracture_dataset/train/not fractured/37-rotated3-rotated2-rotated3 (1).jpg,outputs/removed_other_bones_quarantine/raw_data__fracture_dataset__train__not fractured__37-rotated3-rotated2-rotated3 (1).jpg,"not radius, ulna, or humerus"
./raw_data/fracture_dataset/train/not fractured/48-rotated2-rotated3-rotated3-rotated1 (1).jpg,outputs/removed_other_bones_quarantine/raw_data__fracture_dataset__train__not fractured__48-rotated2-rotated3-rotated3-rotated1 (1).jpg,"not radius, ulna, or humerus"
./raw_data/fracture_dataset/train/not fractured/7-rotated3-rotated2 (2).jpg,outputs/removed_other_bones_quarantine/raw_data__fracture_dataset__train__not fractured__7-rotated3-rotated2 (2).jpg,"not radius, ulna, or humerus"
./raw_data/fracture_dataset/train/not fractured/25-rotated3 (1).jpg,outputs/removed_other_bones_quarantine/raw_data__fracture_dataset__train__not fractured__25-rotated3 (1).jpg,"not radius, ulna, or humerus"
./raw_data/fracture_dataset/train/not fractured/9-rotated2-rotated3-rotated1.jpg,outputs/removed_other_bones_quarantine/raw_data__fracture_dataset__train__not fractured__9-rotated2-rotated3-rotated1.jpg,"not radius, ulna, or humerus"
./raw_data/fracture_dataset/train/not fractured/63-rotated2-rotated1.jpg,outputs/removed_other_bones_quarantine/raw_data__fracture_dataset__train__not fractured__63-rotated2-rotated1.jpg,"not radius, ulna, or humerus"
./raw_data/fracture_dataset/train/not fractured/54-rotated1-rotated1-rotated2-rotated1 (1).jpg,outputs/removed_other_bones_quarantine/raw_data__fracture_dataset__train__not fractured__54-rotated1-rotated1-rotated2-rotated1 (1).jpg,"not radius, ulna, or humerus"
./raw_data/fracture_dataset/train/not fractured/17-rotated3-rotated1-rotated2 (1).jpg,outputs/removed_other_bones_quarantine/raw_data__fracture_dataset__train__not fractured__17-rotated3-rotated1-rotated2 (1).jpg,"not radius, ulna, or humerus"
./raw_data/fracture_dataset/train/not fractured/9-rotated2-rotated1-rotated2 (1).jpg,outputs/removed_other_bones_quarantine/raw_data__fracture_dataset__train__not fractured__9-rotated2-rotated1-rotated2 (1).jpg,"not radius, ulna, or humerus"
./raw_data/fracture_dataset/train/not fractured/3-rotated2-rotated2-rotated3-rotated1.jpg,outputs/removed_other_bones_quarantine/raw_data__fracture_dataset__train__not fractured__3-rotated2-rotated2-rotated3-rotated1.jpg,"not radius, ulna, or humerus"
./raw_data/fracture_dataset/train/not fractured/68-rotated1-rotated2-rotated3-rotated1.jpg,outputs/removed_other_bones_quarantine/raw_data__fracture_dataset__train__not fractured__68-rotated1-rotated2-rotated3-rotated1.jpg,"not radius, ulna, or humerus"
./raw_data/fracture_dataset/train/not fractured/68-rotated3-rotated2-rotated2.jpg,outputs/removed_other_bones_quarantine/raw_data__fracture_dataset__train__not fractured__68-rotated3-rotated2-rotated2.jpg,"not radius, ulna, or humerus"
./raw_data/fracture_dataset/train/not fractured/17-rotated3-rotated2-rotated1-rotated1 (1).jpg,outputs/removed_other_bones_quarantine/raw_data__fracture_dataset__train__not fractured__17-rotated3-rotated2-rotated1-rotated1 (1).jpg,"not radius, ulna, or humerus"
./raw_data/fracture_dataset/train/not fractured/3-rotated3-rotated3-rotated2 (2).jpg,outputs/removed_other_bones_quarantine/raw_data__fracture_dataset__train__not fractured__3-rotated3-rotated3-rotated2 (2).jpg,"not radius, ulna, or humerus"
./raw_data/fracture_dataset/train/not fractured/68-rotated1-rotated1-rotated3-rotated1 (1).jpg,outputs/removed_other_bones_quarantine/raw_data__fracture_dataset__train__not fractured__68-rotated1-rotated1-rotated3-rotated1 (1).jpg,"not radius, ulna, or humerus"
./raw_data/fracture_dataset/train/not fractured/10-rotated1-rotated3-rotated3-rotated1.jpg,outputs/removed_other_bones_quarantine/raw_data__fracture_dataset__train__not fractured__10-rotated1-rotated3-rotated3-rotated1.jpg,"not radius, ulna, or humerus"
./raw_data/fracture_dataset/train/not fractured/55-rotated1.jpg,outputs/removed_other_bones_quarantine/raw_data__fracture_dataset__train__not fractured__55-rotated1.jpg,"not radius, ulna, or humerus"
./raw_data/fracture_dataset/train/not fractured/68-rotated2-rotated3 (2).jpg,outputs/removed_other_bones_quarantine/raw_data__fracture_dataset__train__not fractured__68-rotated2-rotated3 (2).jpg,"not radius, ulna, or humerus"
./raw_data/fracture_dataset/train/not fractured/29-rotated2-rotated3-rotated3-rotated1.jpg,outputs/removed_other_bones_quarantine/raw_data__fracture_dataset__train__not fractured__29-rotated2-rotated3-rotated3-rotated1.jpg,"not radius, ulna, or humerus"
./raw_data/fracture_dataset/train/not fractured/7-rotated3-rotated2-rotated3 (2).jpg,outputs/removed_other_bones_quarantine/raw_data__fracture_dataset__train__not fractured__7-rotated3-rotated2-rotated3 (2).jpg,"not radius, ulna, or humerus"
./raw_data/fracture_dataset/train/not fractured/41-rotated2-rotated1-rotated2 (1).jpg,outputs/removed_other_bones_quarantine/raw_data__fracture_dataset__train__not fractured__41-rotated2-rotated1-rotated2 (1).jpg,"not radius, ulna, or humerus"
./raw_data/fracture_dataset/train/not fractured/70-rotated2-rotated2-rotated3.jpg,outputs/removed_other_bones_quarantine/raw_data__fracture_dataset__train__not fractured__70-rotated2-rotated2-rotated3.jpg,"not radius, ulna, or humerus"
./raw_data/fracture_dataset/train/not fractured/3-rotated3-rotated1-rotated1 (1).jpg,outputs/removed_other_bones_quarantine/raw_data__fracture_dataset__train__not fractured__3-rotated3-rotated1-rotated1 (1).jpg,"not radius, ulna, or humerus"
./raw_data/fracture_dataset/train/not fractured/44-rotated2-rotated2-rotated2-rotated1.jpg,outputs/removed_other_bones_quarantine/raw_data__fracture_dataset__train__not fractured__44-rotated2-rotated2-rotated2-rotated1.jpg,"not radius, ulna, or humerus"
./raw_data/fracture_dataset/train/not fractured/30-rotated3-rotated2 (1).jpg,outputs/removed_other_bones_quarantine/raw_data__fracture_dataset__train__not fractured__30-rotated3-rotated2 (1).jpg,"not radius, ulna, or humerus"
./raw_data/fracture_dataset/train/not fractured/9-rotated2-rotated1-rotated1 (1).jpg,outputs/removed_other_bones_quarantine/raw_data__fracture_dataset__train__not fractured__9-rotated2-rotated1-rotated1 (1).jpg,"not radius, ulna, or humerus"
./raw_data/fracture_dataset/train/not fractured/8-rotated1-rotated3-rotated2 (1).jpg,outputs/removed_other_bones_quarantine/raw_data__fracture_dataset__train__not fractured__8-rotated1-rotated3-rotated2 (1).jpg,"not radius, ulna, or humerus"
./raw_data/fracture_dataset/train/not fractured/63-rotated3-rotated1-rotated3 (1).jpg,outputs/removed_other_bones_quarantine/raw_data__fracture_dataset__train__not fractured__63-rotated3-rotated1-rotated3 (1).jpg,"not radius, ulna, or humerus"
./raw_data/fracture_dataset/train/not fractured/16-rotated3-rotated2-rotated2 (1).jpg,outputs/removed_other_bones_quarantine/raw_data__fracture_dataset__train__not fractured__16-rotated3-rotated2-rotated2 (1).jpg,"not radius, ulna, or humerus"
./raw_data/fracture_dataset/train/not fractured/22-rotated3-rotated2-rotated3-rotated1.jpg,outputs/removed_other_bones_quarantine/raw_data__fracture_dataset__train__not fractured__22-rotated3-rotated2-rotated3-rotated1.jpg,"not radius, ulna, or humerus"
./raw_data/fracture_dataset/train/not fractured/3-rotated2 (1).jpg,outputs/removed_other_bones_quarantine/raw_data__fracture_dataset__train__not fractured__3-rotated2 (1).jpg,"not radius, ulna, or humerus"
./raw_data/fracture_dataset/train/not fractured/17-rotated1-rotated1-rotated3.jpg,outputs/removed_other_bones_quarantine/raw_data__fracture_dataset__train__not fractured__17-rotated1-rotated1-rotated3.jpg,"not radius, ulna, or humerus"
./raw_data/fracture_dataset/train/not fractured/13-rotated1-rotated1-rotated3.jpg,outputs/removed_other_bones_quarantine/raw_data__fracture_dataset__train__not fractured__13-rotated1-rotated1-rotated3.jpg,"not radius, ulna, or humerus"
./raw_data/fracture_dataset/train/not fractured/26-rotated2-rotated3-rotated3.jpg,outputs/removed_other_bones_quarantine/raw_data__fracture_dataset__train__not fractured__26-rotated2-rotated3-rotated3.jpg,"not radius, ulna, or humerus"
./raw_data/fracture_dataset/train/not fractured/62-rotated2-rotated1-rotated2-rotated1.jpg,outputs/removed_other_bones_quarantine/raw_data__fracture_dataset__train__not fractured__62-rotated2-rotated1-rotated2-rotated1.jpg,"not radius, ulna, or humerus"
./raw_data/fracture_dataset/train/not fractured/3-rotated1-rotated2-rotated3 (2).jpg,outputs/removed_other_bones_quarantine/raw_data__fracture_dataset__train__not fractured__3-rotated1-rotated2-rotated3 (2).jpg,"not radius, ulna, or humerus"
./raw_data/fracture_dataset/train/not fractured/18-rotated2-rotated2-rotated1-rotated1 (1).jpg,outputs/removed_other_bones_quarantine/raw_data__fracture_dataset__train__not fractured__18-rotated2-rotated2-rotated1-rotated1 (1).jpg,"not radius, ulna, or humerus"
./raw_data/fracture_dataset/train/not fractured/41-rotated1-rotated2-rotated3 (1).jpg,outputs/removed_other_bones_quarantine/raw_data__fracture_dataset__train__not fractured__41-rotated1-rotated2-rotated3 (1).jpg,"not radius, ulna, or humerus"
./raw_data/fracture_dataset/train/not fractured/60-rotated2-rotated2.jpg,outputs/removed_other_bones_quarantine/raw_data__fracture_dataset__train__not fractured__60-rotated2-rotated2.jpg,"not radius, ulna, or humerus"
./raw_data/fracture_dataset/train/not fractured/10-rotated3-rotated1-rotated2-rotated1 (1).jpg,outputs/removed_other_bones_quarantine/raw_data__fracture_dataset__train__not fractured__10-rotated3-rotated1-rotated2-rotated1 (1).jpg,"not radius, ulna, or humerus"
./raw_data/fracture_dataset/train/not fractured/1-rotated3-rotated1-rotated2-rotated1.jpg,outputs/removed_other_bones_quarantine/raw_data__fracture_dataset__train__not fractured__1-rotated3-rotated1-rotated2-rotated1.jpg,"not radius, ulna, or humerus"
./raw_data/fracture_dataset/train/not fractured/5-rotated2-rotated1-rotated3-rotated1 (1).jpg,outputs/removed_other_bones_quarantine/raw_data__fracture_dataset__train__not fractured__5-rotated2-rotated1-rotated3-rotated1 (1).jpg,"not radius, ulna, or humerus"
./raw_data/fracture_dataset/train/not fractured/5-rotated2-rotated3.jpg,outputs/removed_other_bones_quarantine/raw_data__fracture_dataset__train__not fractured__5-rotated2-rotated3.jpg,"not radius, ulna, or humerus"
./raw_data/fracture_dataset/train/not fractured/4-rotated3-rotated3.jpg,outputs/removed_other_bones_quarantine/raw_data__fracture_dataset__train__not fractured__4-rotated3-rotated3.jpg,"not radius, ulna, or humerus"
./raw_data/fracture_dataset/train/not fractured/67-rotated2-rotated2-rotated1 (1).jpg,outputs/removed_other_bones_quarantine/raw_data__fracture_dataset__train__not fractured__67-rotated2-rotated2-rotated1 (1).jpg,"not radius, ulna, or humerus"
./raw_data/fracture_dataset/train/not fractured/1-rotated3-rotated2-rotated2.jpg,outputs/removed_other_bones_quarantine/raw_data__fracture_dataset__train__not fractured__1-rotated3-rotated2-rotated2.jpg,"not radius, ulna, or humerus"
./raw_data/fracture_dataset/train/not fractured/44-rotated2-rotated2-rotated2 (1).jpg,outputs/removed_other_bones_quarantine/raw_data__fracture_dataset__train__not fractured__44-rotated2-rotated2-rotated2 (1).jpg,"not radius, ulna, or humerus"
./raw_data/fracture_dataset/train/not fractured/15-rotated3-rotated3-rotated2-rotated1.jpg,outputs/removed_other_bones_quarantine/raw_data__fracture_dataset__train__not fractured__15-rotated3-rotated3-rotated2-rotated1.jpg,"not radius, ulna, or humerus"
./raw_data/fracture_dataset/train/not fractured/21-rotated2-rotated1-rotated2-rotated1 (1).jpg,outputs/removed_other_bones_quarantine/raw_data__fracture_dataset__train__not fractured__21-rotated2-rotated1-rotated2-rotated1 (1).jpg,"not radius, ulna, or humerus"
./raw_data/fracture_dataset/train/not fractured/26-rotated3-rotated2-rotated1-rotated1.jpg,outputs/removed_other_bones_quarantine/raw_data__fracture_dataset__train__not fractured__26-rotated3-rotated2-rotated1-rotated1.jpg,"not radius, ulna, or humerus"
./raw_data/fracture_dataset/train/not fractured/16-rotated3-rotated3-rotated3-rotated1 (1).jpg,outputs/removed_other_bones_quarantine/raw_data__fracture_dataset__train__not fractured__16-rotated3-rotated3-rotated3-rotated1 (1).jpg,"not radius, ulna, or humerus"
./raw_data/fracture_dataset/train/not fractured/44-rotated3-rotated3-rotated3-rotated1 (1).jpg,outputs/removed_other_bones_quarantine/raw_data__fracture_dataset__train__not fractured__44-rotated3-rotated3-rotated3-rotated1 (1).jpg,"not radius, ulna, or humerus"
./raw_data/fracture_dataset/train/not fractured/2-rotated2-rotated2-rotated1-rotated1 (2).jpg,outputs/removed_other_bones_quarantine/raw_data__fracture_dataset__train__not fractured__2-rotated2-rotated2-rotated1-rotated1 (2).jpg,"not radius, ulna, or humerus"
./raw_data/fracture_dataset/train/not fractured/52-rotated2.jpg,outputs/removed_other_bones_quarantine/raw_data__fracture_dataset__train__not fractured__52-rotated2.jpg,"not radius, ulna, or humerus"
./raw_data/fracture_dataset/train/not fractured/64-rotated3-rotated1-rotated1-rotated1.jpg,outputs/removed_other_bones_quarantine/raw_data__fracture_dataset__train__not fractured__64-rotated3-rotated1-rotated1-rotated1.jpg,"not radius, ulna, or humerus"
./raw_data/fracture_dataset/train/not fractured/3-rotated2-rotated1-rotated2-rotated1.jpg,outputs/removed_other_bones_quarantine/raw_data__fracture_dataset__train__not fractured__3-rotated2-rotated1-rotated2-rotated1.jpg,"not radius, ulna, or humerus"
./raw_data/fracture_dataset/train/not fractured/59-rotated3-rotated2-rotated3-rotated1 (1).jpg,outputs/removed_other_bones_quarantine/raw_data__fracture_dataset__train__not fractured__59-rotated3-rotated2-rotated3-rotated1 (1).jpg,"not radius, ulna, or humerus"
./raw_data/fracture_dataset/train/not fractured/68-rotated2-rotated1-rotated3-rotated1 (1).jpg,outputs/removed_other_bones_quarantine/raw_data__fracture_dataset__train__not fractured__68-rotated2-rotated1-rotated3-rotated1 (1).jpg,"not radius, ulna, or humerus"
./raw_data/fracture_dataset/train/not fractured/15-rotated2-rotated2-rotated2.jpg,outputs/removed_other_bones_quarantine/raw_data__fracture_dataset__train__not fractured__15-rotated2-rotated2-rotated2.jpg,"not radius, ulna, or humerus"
./raw_data/fracture_dataset/train/not fractured/53.jpg,outputs/removed_other_bones_quarantine/raw_data__fracture_dataset__train__not fractured__53.jpg,"not radius, ulna, or humerus"
./raw_data/fracture_dataset/train/not fractured/38-rotated1-rotated1-rotated2-rotated1.jpg,outputs/removed_other_bones_quarantine/raw_data__fracture_dataset__train__not fractured__38-rotated1-rotated1-rotated2-rotated1.jpg,"not radius, ulna, or humerus"
./raw_data/fracture_dataset/train/not fractured/1-rotated3-rotated3-rotated1-rotated1 (2).jpg,outputs/removed_other_bones_quarantine/raw_data__fracture_dataset__train__not fractured__1-rotated3-rotated3-rotated1-rotated1 (2).jpg,"not radius, ulna, or humerus"
./raw_data/fracture_dataset/train/not fractured/33-rotated1-rotated1 (1).jpg,outputs/removed_other_bones_quarantine/raw_data__fracture_dataset__train__not fractured__33-rotated1-rotated1 (1).jpg,"not radius, ulna, or humerus"
./raw_data/fracture_dataset/train/not fractured/9-rotated1-rotated3-rotated1-rotated1 (1).jpg,outputs/removed_other_bones_quarantine/raw_data__fracture_dataset__train__not fractured__9-rotated1-rotated3-rotated1-rotated1 (1).jpg,"not radius, ulna, or humerus"
./raw_data/fracture_dataset/train/not fractured/48-rotated1-rotated3-rotated1.jpg,outputs/removed_other_bones_quarantine/raw_data__fracture_dataset__train__not fractured__48-rotated1-rotated3-rotated1.jpg,"not radius, ulna, or humerus"
./raw_data/fracture_dataset/train/not fractured/41-rotated2-rotated1-rotated2-rotated1.jpg,outputs/removed_other_bones_quarantine/raw_data__fracture_dataset__train__not fractured__41-rotated2-rotated1-rotated2-rotated1.jpg,"not radius, ulna, or humerus"
./raw_data/fracture_dataset/train/not fractured/67-rotated3-rotated1 (1).jpg,outputs/removed_other_bones_quarantine/raw_data__fracture_dataset__train__not fractured__67-rotated3-rotated1 (1).jpg,"not radius, ulna, or humerus"
./raw_data/fracture_dataset/train/not fractured/40-rotated2-rotated2-rotated1 (1).jpg,outputs/removed_other_bones_quarantine/raw_data__fracture_dataset__train__not fractured__40-rotated2-rotated2-rotated1 (1).jpg,"not radius, ulna, or humerus"
./raw_data/fracture_dataset/train/not fractured/37-rotated3-rotated1 (1).jpg,outputs/removed_other_bones_quarantine/raw_data__fracture_dataset__train__not fractured__37-rotated3-rotated1 (1).jpg,"not radius, ulna, or humerus"
./raw_data/fracture_dataset/train/not fractured/16.png,outputs/removed_other_bones_quarantine/raw_data__fracture_dataset__train__not fractured__16.png,"not radius, ulna, or humerus"
./raw_data/fracture_dataset/train/not fractured/70-rotated1-rotated2-rotated1.jpg,outputs/removed_other_bones_quarantine/raw_data__fracture_dataset__train__not fractured__70-rotated1-rotated2-rotated1.jpg,"not radius, ulna, or humerus"
./raw_data/fracture_dataset/train/not fractured/58-rotated2-rotated3 (1).jpg,outputs/removed_other_bones_quarantine/raw_data__fracture_dataset__train__not fractured__58-rotated2-rotated3 (1).jpg,"not radius, ulna, or humerus"
./raw_data/fracture_dataset/train/not fractured/38-rotated2-rotated3 (1).jpg,outputs/removed_other_bones_quarantine/raw_data__fracture_dataset__train__not fractured__38-rotated2-rotated3 (1).jpg,"not radius, ulna, or humerus"
./raw_data/fracture_dataset/train/not fractured/34-rotated2-rotated2-rotated2-rotated1.jpg,outputs/removed_other_bones_quarantine/raw_data__fracture_dataset__train__not fractured__34-rotated2-rotated2-rotated2-rotated1.jpg,"not radius, ulna, or humerus"
./raw_data/fracture_dataset/train/not fractured/10-rotated1-rotated1 (1).jpg,outputs/removed_other_bones_quarantine/raw_data__fracture_dataset__train__not fractured__10-rotated1-rotated1 (1).jpg,"not radius, ulna, or humerus"
./raw_data/fracture_dataset/train/not fractured/1-rotated1-rotated1-rotated3 (2).jpg,outputs/removed_other_bones_quarantine/raw_data__fracture_dataset__train__not fractured__1-rotated1-rotated1-rotated3 (2).jpg,"not radius, ulna, or humerus"
./raw_data/fracture_dataset/train/not fractured/49-rotated2-rotated1-rotated3.jpg,outputs/removed_other_bones_quarantine/raw_data__fracture_dataset__train__not fractured__49-rotated2-rotated1-rotated3.jpg,"not radius, ulna, or humerus"
./raw_data/fracture_dataset/train/not fractured/1-rotated3-rotated3-rotated1 (1).jpg,outputs/removed_other_bones_quarantine/raw_data__fracture_dataset__train__not fractured__1-rotated3-rotated3-rotated1 (1).jpg,"not radius, ulna, or humerus"
./raw_data/fracture_dataset/train/not fractured/47-rotated1-rotated2-rotated1-rotated1.jpg,outputs/removed_other_bones_quarantine/raw_data__fracture_dataset__train__not fractured__47-rotated1-rotated2-rotated1-rotated1.jpg,"not radius, ulna, or humerus"
./raw_data/fracture_dataset/train/not fractured/3-rotated2-rotated2-rotated2 (2).jpg,outputs/removed_other_bones_quarantine/raw_data__fracture_dataset__train__not fractured__3-rotated2-rotated2-rotated2 (2).jpg,"not radius, ulna, or humerus"
./raw_data/fracture_dataset/train/not fractured/28-rotated2-rotated2-rotated2-rotated1 (1).jpg,outputs/removed_other_bones_quarantine/raw_data__fracture_dataset__train__not fractured__28-rotated2-rotated2-rotated2-rotated1 (1).jpg,"not radius, ulna, or humerus"
./raw_data/fracture_dataset/train/not fractured/32-rotated2-rotated3-rotated1.jpg,outputs/removed_other_bones_quarantine/raw_data__fracture_dataset__train__not fractured__32-rotated2-rotated3-rotated1.jpg,"not radius, ulna, or humerus"
./raw_data/fracture_dataset/train/not fractured/68-rotated1-rotated3-rotated1 (1).jpg,outputs/removed_other_bones_quarantine/raw_data__fracture_dataset__train__not fractured__68-rotated1-rotated3-rotated1 (1).jpg,"not radius, ulna, or humerus"
./raw_data/fracture_dataset/train/not fractured/35-rotated3-rotated2-rotated2-rotated1 (1).jpg,outputs/removed_other_bones_quarantine/raw_data__fracture_dataset__train__not fractured__35-rotated3-rotated2-rotated2-rotated1 (1).jpg,"not radius, ulna, or humerus"
./raw_data/fracture_dataset/train/not fractured/15-rotated2-rotated1-rotated3 (1).jpg,outputs/removed_other_bones_quarantine/raw_data__fracture_dataset__train__not fractured__15-rotated2-rotated1-rotated3 (1).jpg,"not radius, ulna, or humerus"
./raw_data/fracture_dataset/train/not fractured/17-rotated2-rotated3-rotated1.jpg,outputs/removed_other_bones_quarantine/raw_data__fracture_dataset__train__not fractured__17-rotated2-rotated3-rotated1.jpg,"not radius, ulna, or humerus"
./raw_data/fracture_dataset/train/not fractured/6-rotated3 (1).jpg,outputs/removed_other_bones_quarantine/raw_data__fracture_dataset__train__not fractured__6-rotated3 (1).jpg,"not radius, ulna, or humerus"
./raw_data/fracture_dataset/train/not fractured/65-rotated2-rotated3-rotated2 (1).jpg,outputs/removed_other_bones_quarantine/raw_data__fracture_dataset__train__not fractured__65-rotated2-rotated3-rotated2 (1).jpg,"not radius, ulna, or humerus"
./raw_data/fracture_dataset/train/not fractured/62-rotated3-rotated1 (1).jpg,outputs/removed_other_bones_quarantine/raw_data__fracture_dataset__train__not fractured__62-rotated3-rotated1 (1).jpg,"not radius, ulna, or humerus"
./raw_data/fracture_dataset/train/not fractured/67-rotated2-rotated2-rotated1-rotated1.jpg,outputs/removed_other_bones_quarantine/raw_data__fracture_dataset__train__not fractured__67-rotated2-rotated2-rotated1-rotated1.jpg,"not radius, ulna, or humerus"
./raw_data/fracture_dataset/train/not fractured/69-rotated2-rotated2-rotated1-rotated1.jpg,outputs/removed_other_bones_quarantine/raw_data__fracture_dataset__train__not fractured__69-rotated2-rotated2-rotated1-rotated1.jpg,"not radius, ulna, or humerus"
./raw_data/fracture_dataset/train/not fractured/58-rotated2-rotated2-rotated3-rotated1.jpg,outputs/removed_other_bones_quarantine/raw_data__fracture_dataset__train__not fractured__58-rotated2-rotated2-rotated3-rotated1.jpg,"not radius, ulna, or humerus"
./raw_data/fracture_dataset/train/not fractured/70-rotated2-rotated1-rotated3-rotated1 (1).jpg,outputs/removed_other_bones_quarantine/raw_data__fracture_dataset__train__not fractured__70-rotated2-rotated1-rotated3-rotated1 (1).jpg,"not radius, ulna, or humerus"
./raw_data/fracture_dataset/train/not fractured/69-rotated1.jpg,outputs/removed_other_bones_quarantine/raw_data__fracture_dataset__train__not fractured__69-rotated1.jpg,"not radius, ulna, or humerus"
./raw_data/fracture_dataset/train/not fractured/12-rotated1-rotated2-rotated3 (1).jpg,outputs/removed_other_bones_quarantine/raw_data__fracture_dataset__train__not fractured__12-rotated1-rotated2-rotated3 (1).jpg,"not radius, ulna, or humerus"
./raw_data/fracture_dataset/train/not fractured/21-rotated1-rotated3-rotated1 (1).jpg,outputs/removed_other_bones_quarantine/raw_data__fracture_dataset__train__not fractured__21-rotated1-rotated3-rotated1 (1).jpg,"not radius, ulna, or humerus"
./raw_data/fracture_dataset/train/not fractured/33-rotated2-rotated1-rotated3 (1).jpg,outputs/removed_other_bones_quarantine/raw_data__fracture_dataset__train__not fractured__33-rotated2-rotated1-rotated3 (1).jpg,"not radius, ulna, or humerus"
./raw_data/fracture_dataset/train/not fractured/7-rotated2-rotated2-rotated2 (1).jpg,outputs/removed_other_bones_quarantine/raw_data__fracture_dataset__train__not fractured__7-rotated2-rotated2-rotated2 (1).jpg,"not radius, ulna, or humerus"
./raw_data/fracture_dataset/train/not fractured/8-rotated2-rotated2-rotated3-rotated1 (2).jpg,outputs/removed_other_bones_quarantine/raw_data__fracture_dataset__train__not fractured__8-rotated2-rotated2-rotated3-rotated1 (2).jpg,"not radius, ulna, or humerus"
./raw_data/fracture_dataset/train/not fractured/44-rotated1-rotated2-rotated2.jpg,outputs/removed_other_bones_quarantine/raw_data__fracture_dataset__train__not fractured__44-rotated1-rotated2-rotated2.jpg,"not radius, ulna, or humerus"
./raw_data/fracture_dataset/train/not fractured/39-rotated3-rotated3-rotated2 (1).jpg,outputs/removed_other_bones_quarantine/raw_data__fracture_dataset__train__not fractured__39-rotated3-rotated3-rotated2 (1).jpg,"not radius, ulna, or humerus"
./raw_data/fracture_dataset/train/not fractured/25-rotated3-rotated3-rotated3 (1).jpg,outputs/removed_other_bones_quarantine/raw_data__fracture_dataset__train__not fractured__25-rotated3-rotated3-rotated3 (1).jpg,"not radius, ulna, or humerus"
./raw_data/fracture_dataset/train/not fractured/65-rotated1-rotated3-rotated3.jpg,outputs/removed_other_bones_quarantine/raw_data__fracture_dataset__train__not fractured__65-rotated1-rotated3-rotated3.jpg,"not radius, ulna, or humerus"
./raw_data/fracture_dataset/train/not fractured/6-rotated3-rotated3-rotated2-rotated1 (1).jpg,outputs/removed_other_bones_quarantine/raw_data__fracture_dataset__train__not fractured__6-rotated3-rotated3-rotated2-rotated1 (1).jpg,"not radius, ulna, or humerus"
./raw_data/fracture_dataset/train/not fractured/34-rotated2-rotated2-rotated3.jpg,outputs/removed_other_bones_quarantine/raw_data__fracture_dataset__train__not fractured__34-rotated2-rotated2-rotated3.jpg,"not radius, ulna, or humerus"
./raw_data/fracture_dataset/train/not fractured/63-rotated1-rotated1-rotated1.jpg,outputs/removed_other_bones_quarantine/raw_data__fracture_dataset__train__not fractured__63-rotated1-rotated1-rotated1.jpg,"not radius, ulna, or humerus"
./raw_data/fracture_dataset/train/not fractured/15-rotated2-rotated3-rotated1-rotated1 (1).jpg,outputs/removed_other_bones_quarantine/raw_data__fracture_dataset__train__not fractured__15-rotated2-rotated3-rotated1-rotated1 (1).jpg,"not radius, ulna, or humerus"
./raw_data/fracture_dataset/train/not fractured/16-rotated1-rotated2-rotated2-rotated1 (1).jpg,outputs/removed_other_bones_quarantine/raw_data__fracture_dataset__train__not fractured__16-rotated1-rotated2-rotated2-rotated1 (1).jpg,"not radius, ulna, or humerus"
./raw_data/fracture_dataset/train/not fractured/14-rotated3-rotated1-rotated3-rotated1 (1).jpg,outputs/removed_other_bones_quarantine/raw_data__fracture_dataset__train__not fractured__14-rotated3-rotated1-rotated3-rotated1 (1).jpg,"not radius, ulna, or humerus"
./raw_data/fracture_dataset/train/not fractured/17-rotated2-rotated1-rotated3-rotated1.jpg,outputs/removed_other_bones_quarantine/raw_data__fracture_dataset__train__not fractured__17-rotated2-rotated1-rotated3-rotated1.jpg,"not radius, ulna, or humerus"
./raw_data/fracture_dataset/train/not fractured/48-rotated1-rotated2-rotated1 (1).jpg,outputs/removed_other_bones_quarantine/raw_data__fracture_dataset__train__not fractured__48-rotated1-rotated2-rotated1 (1).jpg,"not radius, ulna, or humerus"
./raw_data/fracture_dataset/train/not fractured/49-rotated2.jpg,outputs/removed_other_bones_quarantine/raw_data__fracture_dataset__train__not fractured__49-rotated2.jpg,"not radius, ulna, or humerus"
./raw_data/fracture_dataset/train/not fractured/69-rotated3-rotated1-rotated3 (1).jpg,outputs/removed_other_bones_quarantine/raw_data__fracture_dataset__train__not fractured__69-rotated3-rotated1-rotated3 (1).jpg,"not radius, ulna, or humerus"
./raw_data/fracture_dataset/train/not fractured/27-rotated2-rotated1.jpg,outputs/removed_other_bones_quarantine/raw_data__fracture_dataset__train__not fractured__27-rotated2-rotated1.jpg,"not radius, ulna, or humerus"
./raw_data/fracture_dataset/train/not fractured/67-rotated1-rotated1-rotated2-rotated1 (1).jpg,outputs/removed_other_bones_quarantine/raw_data__fracture_dataset__train__not fractured__67-rotated1-rotated1-rotated2-rotated1 (1).jpg,"not radius, ulna, or humerus"
./raw_data/fracture_dataset/train/not fractured/16-rotated3-rotated1.jpg,outputs/removed_other_bones_quarantine/raw_data__fracture_dataset__train__not fractured__16-rotated3-rotated1.jpg,"not radius, ulna, or humerus"
./raw_data/fracture_dataset/train/not fractured/8-rotated1-rotated3-rotated3-rotated1 (1).jpg,outputs/removed_other_bones_quarantine/raw_data__fracture_dataset__train__not fractured__8-rotated1-rotated3-rotated3-rotated1 (1).jpg,"not radius, ulna, or humerus"
./raw_data/fracture_dataset/train/not fractured/14-rotated3-rotated3-rotated2-rotated1 (1).jpg,outputs/removed_other_bones_quarantine/raw_data__fracture_dataset__train__not fractured__14-rotated3-rotated3-rotated2-rotated1 (1).jpg,"not radius, ulna, or humerus"
./raw_data/fracture_dataset/train/not fractured/7-rotated1.jpg,outputs/removed_other_bones_quarantine/raw_data__fracture_dataset__train__not fractured__7-rotated1.jpg,"not radius, ulna, or humerus"
./raw_data/fracture_dataset/train/not fractured/21-rotated2-rotated1-rotated1-rotated1.jpg,outputs/removed_other_bones_quarantine/raw_data__fracture_dataset__train__not fractured__21-rotated2-rotated1-rotated1-rotated1.jpg,"not radius, ulna, or humerus"
./raw_data/fracture_dataset/train/not fractured/25-rotated1-rotated3-rotated3-rotated1.jpg,outputs/removed_other_bones_quarantine/raw_data__fracture_dataset__train__not fractured__25-rotated1-rotated3-rotated3-rotated1.jpg,"not radius, ulna, or humerus"
./raw_data/fracture_dataset/train/not fractured/31-rotated3-rotated3-rotated2.jpg,outputs/removed_other_bones_quarantine/raw_data__fracture_dataset__train__not fractured__31-rotated3-rotated3-rotated2.jpg,"not radius, ulna, or humerus"
./raw_data/fracture_dataset/train/not fractured/14-rotated2-rotated1-rotated1 (1).jpg,outputs/removed_other_bones_quarantine/raw_data__fracture_dataset__train__not fractured__14-rotated2-rotated1-rotated1 (1).jpg,"not radius, ulna, or humerus"
./raw_data/fracture_dataset/train/not fractured/65-rotated1-rotated3-rotated1 (1).jpg,outputs/removed_other_bones_quarantine/raw_data__fracture_dataset__train__not fractured__65-rotated1-rotated3-rotated1 (1).jpg,"not radius, ulna, or humerus"
./raw_data/fracture_dataset/train/not fractured/45-rotated1-rotated3-rotated1-rotated1.jpg,outputs/removed_other_bones_quarantine/raw_data__fracture_dataset__train__not fractured__45-rotated1-rotated3-rotated1-rotated1.jpg,"not radius, ulna, or humerus"
./raw_data/fracture_dataset/train/not fractured/47-rotated2-rotated2-rotated1-rotated1.jpg,outputs/removed_other_bones_quarantine/raw_data__fracture_dataset__train__not fractured__47-rotated2-rotated2-rotated1-rotated1.jpg,"not radius, ulna, or humerus"
./raw_data/fracture_dataset/train/not fractured/66-rotated3-rotated1-rotated2-rotated1.jpg,outputs/removed_other_bones_quarantine/raw_data__fracture_dataset__train__not fractured__66-rotated3-rotated1-rotated2-rotated1.jpg,"not radius, ulna, or humerus"
./raw_data/fracture_dataset/train/not fractured/21-rotated1-rotated1-rotated1.jpg,outputs/removed_other_bones_quarantine/raw_data__fracture_dataset__train__not fractured__21-rotated1-rotated1-rotated1.jpg,"not radius, ulna, or humerus"
./raw_data/fracture_dataset/train/not fractured/10-rotated2-rotated3.jpg,outputs/removed_other_bones_quarantine/raw_data__fracture_dataset__train__not fractured__10-rotated2-rotated3.jpg,"not radius, ulna, or humerus"
./raw_data/fracture_dataset/train/not fractured/46-rotated1-rotated3-rotated1-rotated1 (1).jpg,outputs/removed_other_bones_quarantine/raw_data__fracture_dataset__train__not fractured__46-rotated1-rotated3-rotated1-rotated1 (1).jpg,"not radius, ulna, or humerus"
./raw_data/fracture_dataset/train/not fractured/9-rotated1-rotated1-rotated1.jpg,outputs/removed_other_bones_quarantine/raw_data__fracture_dataset__train__not fractured__9-rotated1-rotated1-rotated1.jpg,"not radius, ulna, or humerus"
./raw_data/fracture_dataset/train/not fractured/15-rotated2-rotated3-rotated2.jpg,outputs/removed_other_bones_quarantine/raw_data__fracture_dataset__train__not fractured__15-rotated2-rotated3-rotated2.jpg,"not radius, ulna, or humerus"
./raw_data/fracture_dataset/train/not fractured/16-rotated1-rotated3.jpg,outputs/removed_other_bones_quarantine/raw_data__fracture_dataset__train__not fractured__16-rotated1-rotated3.jpg,"not radius, ulna, or humerus"
./raw_data/fracture_dataset/train/not fractured/65-rotated3-rotated2-rotated1-rotated1 (1).jpg,outputs/removed_other_bones_quarantine/raw_data__fracture_dataset__train__not fractured__65-rotated3-rotated2-rotated1-rotated1 (1).jpg,"not radius, ulna, or humerus"
./raw_data/fracture_dataset/train/not fractured/15-rotated3-rotated1.jpg,outputs/removed_other_bones_quarantine/raw_data__fracture_dataset__train__not fractured__15-rotated3-rotated1.jpg,"not radius, ulna, or humerus"
./raw_data/fracture_dataset/train/not fractured/61-rotated2-rotated2-rotated3.jpg,outputs/removed_other_bones_quarantine/raw_data__fracture_dataset__train__not fractured__61-rotated2-rotated2-rotated3.jpg,"not radius, ulna, or humerus"
./raw_data/fracture_dataset/train/not fractured/51-rotated1-rotated3-rotated2.jpg,outputs/removed_other_bones_quarantine/raw_data__fracture_dataset__train__not fractured__51-rotated1-rotated3-rotated2.jpg,"not radius, ulna, or humerus"
./raw_data/fracture_dataset/train/not fractured/68-rotated1-rotated1-rotated1-rotated1.jpg,outputs/removed_other_bones_quarantine/raw_data__fracture_dataset__train__not fractured__68-rotated1-rotated1-rotated1-rotated1.jpg,"not radius, ulna, or humerus"
./raw_data/fracture_dataset/train/not fractured/37-rotated1-rotated3-rotated3.jpg,outputs/removed_other_bones_quarantine/raw_data__fracture_dataset__train__not fractured__37-rotated1-rotated3-rotated3.jpg,"not radius, ulna, or humerus"
./raw_data/fracture_dataset/train/not fractured/38-rotated1-rotated2-rotated3-rotated1.jpg,outputs/removed_other_bones_quarantine/raw_data__fracture_dataset__train__not fractured__38-rotated1-rotated2-rotated3-rotated1.jpg,"not radius, ulna, or humerus"
./raw_data/fracture_dataset/train/not fractured/29-rotated2-rotated1-rotated2.jpg,outputs/removed_other_bones_quarantine/raw_data__fracture_dataset__train__not fractured__29-rotated2-rotated1-rotated2.jpg,"not radius, ulna, or humerus"
./raw_data/fracture_dataset/train/not fractured/15-rotated1-rotated3-rotated2-rotated1.jpg,outputs/removed_other_bones_quarantine/raw_data__fracture_dataset__train__not fractured__15-rotated1-rotated3-rotated2-rotated1.jpg,"not radius, ulna, or humerus"
./raw_data/fracture_dataset/train/not fractured/10-rotated3-rotated3-rotated2.jpg,outputs/removed_other_bones_quarantine/raw_data__fracture_dataset__train__not fractured__10-rotated3-rotated3-rotated2.jpg,"not radius, ulna, or humerus"
./raw_data/fracture_dataset/train/not fractured/19-rotated2-rotated3-rotated2.jpg,outputs/removed_other_bones_quarantine/raw_data__fracture_dataset__train__not fractured__19-rotated2-rotated3-rotated2.jpg,"not radius, ulna, or humerus"
./raw_data/fracture_dataset/train/not fractured/45-rotated1-rotated3-rotated2-rotated1 (1).jpg,outputs/removed_other_bones_quarantine/raw_data__fracture_dataset__train__not fractured__45-rotated1-rotated3-rotated2-rotated1 (1).jpg,"not radius, ulna, or humerus"
./raw_data/fracture_dataset/train/not fractured/62-rotated2-rotated3-rotated1-rotated1.jpg,outputs/removed_other_bones_quarantine/raw_data__fracture_dataset__train__not fractured__62-rotated2-rotated3-rotated1-rotated1.jpg,"not radius, ulna, or humerus"
./raw_data/fracture_dataset/train/not fractured/16-rotated2-rotated3.jpg,outputs/removed_other_bones_quarantine/raw_data__fracture_dataset__train__not fractured__16-rotated2-rotated3.jpg,"not radius, ulna, or humerus"
./raw_data/fracture_dataset/train/not fractured/47-rotated1-rotated2-rotated2.jpg,outputs/removed_other_bones_quarantine/raw_data__fracture_dataset__train__not fractured__47-rotated1-rotated2-rotated2.jpg,"not radius, ulna, or humerus"
./raw_data/fracture_dataset/train/not fractured/60-rotated3-rotated2 (1).jpg,outputs/removed_other_bones_quarantine/raw_data__fracture_dataset__train__not fractured__60-rotated3-rotated2 (1).jpg,"not radius, ulna, or humerus"
./raw_data/fracture_dataset/train/not fractured/70-rotated2-rotated3-rotated2-rotated1 (1).jpg,outputs/removed_other_bones_quarantine/raw_data__fracture_dataset__train__not fractured__70-rotated2-rotated3-rotated2-rotated1 (1).jpg,"not radius, ulna, or humerus"
./raw_data/fracture_dataset/train/not fractured/1-rotated1-rotated3-rotated1.jpg,outputs/removed_other_bones_quarantine/raw_data__fracture_dataset__train__not fractured__1-rotated1-rotated3-rotated1.jpg,"not radius, ulna, or humerus"
./raw_data/fracture_dataset/train/not fractured/30.jpg,outputs/removed_other_bones_quarantine/raw_data__fracture_dataset__train__not fractured__30.jpg,"not radius, ulna, or humerus"
./raw_data/fracture_dataset/train/not fractured/49-rotated1-rotated1.jpg,outputs/removed_other_bones_quarantine/raw_data__fracture_dataset__train__not fractured__49-rotated1-rotated1.jpg,"not radius, ulna, or humerus"
./raw_data/fracture_dataset/train/not fractured/34-rotated1-rotated1-rotated3-rotated1.jpg,outputs/removed_other_bones_quarantine/raw_data__fracture_dataset__train__not fractured__34-rotated1-rotated1-rotated3-rotated1.jpg,"not radius, ulna, or humerus"
./raw_data/fracture_dataset/train/not fractured/63-rotated1.jpg,outputs/removed_other_bones_quarantine/raw_data__fracture_dataset__train__not fractured__63-rotated1.jpg,"not radius, ulna, or humerus"
./raw_data/fracture_dataset/train/not fractured/43-rotated3 (1).jpg,outputs/removed_other_bones_quarantine/raw_data__fracture_dataset__train__not fractured__43-rotated3 (1).jpg,"not radius, ulna, or humerus"
./raw_data/fracture_dataset/train/not fractured/8-rotated3-rotated2-rotated1-rotated1.jpg,outputs/removed_other_bones_quarantine/raw_data__fracture_dataset__train__not fractured__8-rotated3-rotated2-rotated1-rotated1.jpg,"not radius, ulna, or humerus"
./raw_data/fracture_dataset/train/not fractured/14-rotated2-rotated2-rotated2-rotated1.jpg,outputs/removed_other_bones_quarantine/raw_data__fracture_dataset__train__not fractured__14-rotated2-rotated2-rotated2-rotated1.jpg,"not radius, ulna, or humerus"
./raw_data/fracture_dataset/train/not fractured/66-rotated2-rotated1-rotated2-rotated1.jpg,outputs/removed_other_bones_quarantine/raw_data__fracture_dataset__train__not fractured__66-rotated2-rotated1-rotated2-rotated1.jpg,"not radius, ulna, or humerus"
./raw_data/fracture_dataset/train/not fractured/18-rotated3-rotated1-rotated3 (1).jpg,outputs/removed_other_bones_quarantine/raw_data__fracture_dataset__train__not fractured__18-rotated3-rotated1-rotated3 (1).jpg,"not radius, ulna, or humerus"
./raw_data/fracture_dataset/train/not fractured/13-rotated2-rotated1-rotated3.jpg,outputs/removed_other_bones_quarantine/raw_data__fracture_dataset__train__not fractured__13-rotated2-rotated1-rotated3.jpg,"not radius, ulna, or humerus"
./raw_data/fracture_dataset/train/not fractured/46-rotated1-rotated1-rotated3-rotated1 (1).jpg,outputs/removed_other_bones_quarantine/raw_data__fracture_dataset__train__not fractured__46-rotated1-rotated1-rotated3-rotated1 (1).jpg,"not radius, ulna, or humerus"
./raw_data/fracture_dataset/train/not fractured/43-rotated2-rotated3-rotated2-rotated1.jpg,outputs/removed_other_bones_quarantine/raw_data__fracture_dataset__train__not fractured__43-rotated2-rotated3-rotated2-rotated1.jpg,"not radius, ulna, or humerus"
./raw_data/fracture_dataset/train/not fractured/44-rotated3-rotated1.jpg,outputs/removed_other_bones_quarantine/raw_data__fracture_dataset__train__not fractured__44-rotated3-rotated1.jpg,"not radius, ulna, or humerus"
./raw_data/fracture_dataset/train/not fractured/63-rotated3-rotated3-rotated1-rotated1.jpg,outputs/removed_other_bones_quarantine/raw_data__fracture_dataset__train__not fractured__63-rotated3-rotated3-rotated1-rotated1.jpg,"not radius, ulna, or humerus"
./raw_data/fracture_dataset/train/not fractured/22-rotated1-rotated2-rotated2-rotated1 (1).jpg,outputs/removed_other_bones_quarantine/raw_data__fracture_dataset__train__not fractured__22-rotated1-rotated2-rotated2-rotated1 (1).jpg,"not radius, ulna, or humerus"
./raw_data/fracture_dataset/train/not fractured/46-rotated2-rotated3-rotated3 (1).jpg,outputs/removed_other_bones_quarantine/raw_data__fracture_dataset__train__not fractured__46-rotated2-rotated3-rotated3 (1).jpg,"not radius, ulna, or humerus"
./raw_data/fracture_dataset/train/not fractured/1-rotated1-rotated3-rotated3-rotated1 (2).jpg,outputs/removed_other_bones_quarantine/raw_data__fracture_dataset__train__not fractured__1-rotated1-rotated3-rotated3-rotated1 (2).jpg,"not radius, ulna, or humerus"
./raw_data/fracture_dataset/train/not fractured/42-rotated1-rotated3-rotated3 (1).jpg,outputs/removed_other_bones_quarantine/raw_data__fracture_dataset__train__not fractured__42-rotated1-rotated3-rotated3 (1).jpg,"not radius, ulna, or humerus"
./raw_data/fracture_dataset/train/not fractured/5-rotated1-rotated3-rotated3.jpg,outputs/removed_other_bones_quarantine/raw_data__fracture_dataset__train__not fractured__5-rotated1-rotated3-rotated3.jpg,"not radius, ulna, or humerus"
./raw_data/fracture_dataset/train/not fractured/4-rotated3-rotated3-rotated1.jpg,outputs/removed_other_bones_quarantine/raw_data__fracture_dataset__train__not fractured__4-rotated3-rotated3-rotated1.jpg,"not radius, ulna, or humerus"
./raw_data/fracture_dataset/train/not fractured/20-rotated3-rotated2-rotated1 (1).jpg,outputs/removed_other_bones_quarantine/raw_data__fracture_dataset__train__not fractured__20-rotated3-rotated2-rotated1 (1).jpg,"not radius, ulna, or humerus"
./raw_data/fracture_dataset/train/not fractured/42-rotated3-rotated1 (1).jpg,outputs/removed_other_bones_quarantine/raw_data__fracture_dataset__train__not fractured__42-rotated3-rotated1 (1).jpg,"not radius, ulna, or humerus"
./raw_data/fracture_dataset/train/not fractured/49-rotated1-rotated2-rotated2-rotated1 (1).jpg,outputs/removed_other_bones_quarantine/raw_data__fracture_dataset__train__not fractured__49-rotated1-rotated2-rotated2-rotated1 (1).jpg,"not radius, ulna, or humerus"
./raw_data/fracture_dataset/train/not fractured/5-rotated1-rotated1-rotated3-rotated1.jpg,outputs/removed_other_bones_quarantine/raw_data__fracture_dataset__train__not fractured__5-rotated1-rotated1-rotated3-rotated1.jpg,"not radius, ulna, or humerus"
./raw_data/fracture_dataset/train/not fractured/25-rotated3-rotated1-rotated1 (1).jpg,outputs/removed_other_bones_quarantine/raw_data__fracture_dataset__train__not fractured__25-rotated3-rotated1-rotated1 (1).jpg,"not radius, ulna, or humerus"
./raw_data/fracture_dataset/train/not fractured/42-rotated3-rotated1-rotated2 (1).jpg,outputs/removed_other_bones_quarantine/raw_data__fracture_dataset__train__not fractured__42-rotated3-rotated1-rotated2 (1).jpg,"not radius, ulna, or humerus"
./raw_data/fracture_dataset/train/not fractured/67-rotated3.jpg,outputs/removed_other_bones_quarantine/raw_data__fracture_dataset__train__not fractured__67-rotated3.jpg,"not radius, ulna, or humerus"
./raw_data/fracture_dataset/train/not fractured/47-rotated3-rotated3-rotated1.jpg,outputs/removed_other_bones_quarantine/raw_data__fracture_dataset__train__not fractured__47-rotated3-rotated3-rotated1.jpg,"not radius, ulna, or humerus"
./raw_data/fracture_dataset/train/not fractured/59-rotated2-rotated1-rotated3-rotated1 (1).jpg,outputs/removed_other_bones_quarantine/raw_data__fracture_dataset__train__not fractured__59-rotated2-rotated1-rotated3-rotated1 (1).jpg,"not radius, ulna, or humerus"
./raw_data/fracture_dataset/train/not fractured/42-rotated1-rotated3-rotated2.jpg,outputs/removed_other_bones_quarantine/raw_data__fracture_dataset__train__not fractured__42-rotated1-rotated3-rotated2.jpg,"not radius, ulna, or humerus"
./raw_data/fracture_dataset/train/not fractured/14-rotated1-rotated3-rotated3.jpg,outputs/removed_other_bones_quarantine/raw_data__fracture_dataset__train__not fractured__14-rotated1-rotated3-rotated3.jpg,"not radius, ulna, or humerus"
./raw_data/fracture_dataset/train/not fractured/3-rotated1-rotated1-rotated2-rotated1 (2).jpg,outputs/removed_other_bones_quarantine/raw_data__fracture_dataset__train__not fractured__3-rotated1-rotated1-rotated2-rotated1 (2).jpg,"not radius, ulna, or humerus"
./raw_data/fracture_dataset/train/not fractured/9-rotated2-rotated1 (1).jpg,outputs/removed_other_bones_quarantine/raw_data__fracture_dataset__train__not fractured__9-rotated2-rotated1 (1).jpg,"not radius, ulna, or humerus"
./raw_data/fracture_dataset/train/not fractured/40-rotated2-rotated1-rotated1-rotated1.jpg,outputs/removed_other_bones_quarantine/raw_data__fracture_dataset__train__not fractured__40-rotated2-rotated1-rotated1-rotated1.jpg,"not radius, ulna, or humerus"
./raw_data/fracture_dataset/train/not fractured/38-rotated2-rotated3-rotated1.jpg,outputs/removed_other_bones_quarantine/raw_data__fracture_dataset__train__not fractured__38-rotated2-rotated3-rotated1.jpg,"not radius, ulna, or humerus"
./raw_data/fracture_dataset/train/not fractured/50-rotated3-rotated3 (1).jpg,outputs/removed_other_bones_quarantine/raw_data__fracture_dataset__train__not fractured__50-rotated3-rotated3 (1).jpg,"not radius, ulna, or humerus"
./raw_data/fracture_dataset/train/not fractured/65-rotated2-rotated1-rotated3 (1).jpg,outputs/removed_other_bones_quarantine/raw_data__fracture_dataset__train__not fractured__65-rotated2-rotated1-rotated3 (1).jpg,"not radius, ulna, or humerus"
./raw_data/fracture_dataset/train/not fractured/62-rotated3-rotated2 (1).jpg,outputs/removed_other_bones_quarantine/raw_data__fracture_dataset__train__not fractured__62-rotated3-rotated2 (1).jpg,"not radius, ulna, or humerus"
./raw_data/fracture_dataset/train/not fractured/65-rotated1-rotated3.jpg,outputs/removed_other_bones_quarantine/raw_data__fracture_dataset__train__not fractured__65-rotated1-rotated3.jpg,"not radius, ulna, or humerus"
./raw_data/fracture_dataset/train/not fractured/45-rotated3-rotated2-rotated1-rotated1.jpg,outputs/removed_other_bones_quarantine/raw_data__fracture_dataset__train__not fractured__45-rotated3-rotated2-rotated1-rotated1.jpg,"not radius, ulna, or humerus"
./raw_data/fracture_dataset/train/not fractured/68-rotated1-rotated1-rotated2.jpg,outputs/removed_other_bones_quarantine/raw_data__fracture_dataset__train__not fractured__68-rotated1-rotated1-rotated2.jpg,"not radius, ulna, or humerus"
./raw_data/fracture_dataset/train/not fractured/2-rotated1-rotated1-rotated2 (2).jpg,outputs/removed_other_bones_quarantine/raw_data__fracture_dataset__train__not fractured__2-rotated1-rotated1-rotated2 (2).jpg,"not radius, ulna, or humerus"
./raw_data/fracture_dataset/train/not fractured/49-rotated2-rotated3-rotated2.jpg,outputs/removed_other_bones_quarantine/raw_data__fracture_dataset__train__not fractured__49-rotated2-rotated3-rotated2.jpg,"not radius, ulna, or humerus"
./raw_data/fracture_dataset/train/not fractured/55-rotated3-rotated1-rotated1.jpg,outputs/removed_other_bones_quarantine/raw_data__fracture_dataset__train__not fractured__55-rotated3-rotated1-rotated1.jpg,"not radius, ulna, or humerus"
./raw_data/fracture_dataset/train/not fractured/39-rotated2-rotated3-rotated3 (1).jpg,outputs/removed_other_bones_quarantine/raw_data__fracture_dataset__train__not fractured__39-rotated2-rotated3-rotated3 (1).jpg,"not radius, ulna, or humerus"
./raw_data/fracture_dataset/train/not fractured/57-rotated3-rotated3-rotated3-rotated1 (1).jpg,outputs/removed_other_bones_quarantine/raw_data__fracture_dataset__train__not fractured__57-rotated3-rotated3-rotated3-rotated1 (1).jpg,"not radius, ulna, or humerus"
./raw_data/fracture_dataset/train/not fractured/36-rotated3-rotated1-rotated2-rotated1 (1).jpg,outputs/removed_other_bones_quarantine/raw_data__fracture_dataset__train__not fractured__36-rotated3-rotated1-rotated2-rotated1 (1).jpg,"not radius, ulna, or humerus"
./raw_data/fracture_dataset/train/not fractured/4-rotated1-rotated1-rotated3-rotated1 (1).jpg,outputs/removed_other_bones_quarantine/raw_data__fracture_dataset__train__not fractured__4-rotated1-rotated1-rotated3-rotated1 (1).jpg,"not radius, ulna, or humerus"
./raw_data/fracture_dataset/train/not fractured/49-rotated1-rotated2-rotated2 (1).jpg,outputs/removed_other_bones_quarantine/raw_data__fracture_dataset__train__not fractured__49-rotated1-rotated2-rotated2 (1).jpg,"not radius, ulna, or humerus"
./raw_data/fracture_dataset/train/not fractured/3-rotated1-rotated3-rotated3-rotated1 (1).jpg,outputs/removed_other_bones_quarantine/raw_data__fracture_dataset__train__not fractured__3-rotated1-rotated3-rotated3-rotated1 (1).jpg,"not radius, ulna, or humerus"
./raw_data/fracture_dataset/train/not fractured/27-rotated2-rotated2 (1).jpg,outputs/removed_other_bones_quarantine/raw_data__fracture_dataset__train__not fractured__27-rotated2-rotated2 (1).jpg,"not radius, ulna, or humerus"
./raw_data/fracture_dataset/train/not fractured/1 (1).jpg,outputs/removed_other_bones_quarantine/raw_data__fracture_dataset__train__not fractured__1 (1).jpg,"not radius, ulna, or humerus"
./raw_data/fracture_dataset/train/not fractured/17-rotated3-rotated3-rotated2.jpg,outputs/removed_other_bones_quarantine/raw_data__fracture_dataset__train__not fractured__17-rotated3-rotated3-rotated2.jpg,"not radius, ulna, or humerus"
./raw_data/fracture_dataset/train/not fractured/16-rotated3-rotated1-rotated1.jpg,outputs/removed_other_bones_quarantine/raw_data__fracture_dataset__train__not fractured__16-rotated3-rotated1-rotated1.jpg,"not radius, ulna, or humerus"
./raw_data/fracture_dataset/train/not fractured/2-rotated2-rotated3-rotated2-rotated1 (1).jpg,outputs/removed_other_bones_quarantine/raw_data__fracture_dataset__train__not fractured__2-rotated2-rotated3-rotated2-rotated1 (1).jpg,"not radius, ulna, or humerus"
./raw_data/fracture_dataset/train/not fractured/45-rotated3-rotated2-rotated3 (1).jpg,outputs/removed_other_bones_quarantine/raw_data__fracture_dataset__train__not fractured__45-rotated3-rotated2-rotated3 (1).jpg,"not radius, ulna, or humerus"
./raw_data/fracture_dataset/train/not fractured/22-rotated3-rotated1-rotated1 (1).jpg,outputs/removed_other_bones_quarantine/raw_data__fracture_dataset__train__not fractured__22-rotated3-rotated1-rotated1 (1).jpg,"not radius, ulna, or humerus"
./raw_data/fracture_dataset/train/not fractured/18-rotated2-rotated3-rotated3.jpg,outputs/removed_other_bones_quarantine/raw_data__fracture_dataset__train__not fractured__18-rotated2-rotated3-rotated3.jpg,"not radius, ulna, or humerus"
./raw_data/fracture_dataset/train/not fractured/60-rotated1-rotated1-rotated2-rotated1 (1).jpg,outputs/removed_other_bones_quarantine/raw_data__fracture_dataset__train__not fractured__60-rotated1-rotated1-rotated2-rotated1 (1).jpg,"not radius, ulna, or humerus"
./raw_data/fracture_dataset/train/not fractured/6-rotated2-rotated3-rotated1 (1).jpg,outputs/removed_other_bones_quarantine/raw_data__fracture_dataset__train__not fractured__6-rotated2-rotated3-rotated1 (1).jpg,"not radius, ulna, or humerus"
./raw_data/fracture_dataset/train/not fractured/5-rotated1-rotated3 (1).jpg,outputs/removed_other_bones_quarantine/raw_data__fracture_dataset__train__not fractured__5-rotated1-rotated3 (1).jpg,"not radius, ulna, or humerus"
./raw_data/fracture_dataset/train/not fractured/3-rotated3-rotated1-rotated1-rotated1.jpg,outputs/removed_other_bones_quarantine/raw_data__fracture_dataset__train__not fractured__3-rotated3-rotated1-rotated1-rotated1.jpg,"not radius, ulna, or humerus"
./raw_data/fracture_dataset/train/not fractured/51-rotated1-rotated1-rotated1-rotated1 (1).jpg,outputs/removed_other_bones_quarantine/raw_data__fracture_dataset__train__not fractured__51-rotated1-rotated1-rotated1-rotated1 (1).jpg,"not radius, ulna, or humerus"
./raw_data/fracture_dataset/train/not fractured/50-rotated3-rotated2-rotated2.jpg,outputs/removed_other_bones_quarantine/raw_data__fracture_dataset__train__not fractured__50-rotated3-rotated2-rotated2.jpg,"not radius, ulna, or humerus"
./raw_data/fracture_dataset/train/not fractured/37-rotated1-rotated2-rotated3-rotated1.jpg,outputs/removed_other_bones_quarantine/raw_data__fracture_dataset__train__not fractured__37-rotated1-rotated2-rotated3-rotated1.jpg,"not radius, ulna, or humerus"
./raw_data/fracture_dataset/train/not fractured/59-rotated1-rotated3-rotated2-rotated1.jpg,outputs/removed_other_bones_quarantine/raw_data__fracture_dataset__train__not fractured__59-rotated1-rotated3-rotated2-rotated1.jpg,"not radius, ulna, or humerus"
./raw_data/fracture_dataset/train/not fractured/69-rotated1-rotated2 (1).jpg,outputs/removed_other_bones_quarantine/raw_data__fracture_dataset__train__not fractured__69-rotated1-rotated2 (1).jpg,"not radius, ulna, or humerus"
./raw_data/fracture_dataset/train/not fractured/54-rotated3-rotated2-rotated1-rotated1 (1).jpg,outputs/removed_other_bones_quarantine/raw_data__fracture_dataset__train__not fractured__54-rotated3-rotated2-rotated1-rotated1 (1).jpg,"not radius, ulna, or humerus"
./raw_data/fracture_dataset/train/not fractured/54-rotated3-rotated2-rotated2 (1).jpg,outputs/removed_other_bones_quarantine/raw_data__fracture_dataset__train__not fractured__54-rotated3-rotated2-rotated2 (1).jpg,"not radius, ulna, or humerus"
./raw_data/fracture_dataset/train/not fractured/66-rotated1-rotated1-rotated1.jpg,outputs/removed_other_bones_quarantine/raw_data__fracture_dataset__train__not fractured__66-rotated1-rotated1-rotated1.jpg,"not radius, ulna, or humerus"
./raw_data/fracture_dataset/train/not fractured/9-rotated2-rotated1-rotated1-rotated1.jpg,outputs/removed_other_bones_quarantine/raw_data__fracture_dataset__train__not fractured__9-rotated2-rotated1-rotated1-rotated1.jpg,"not radius, ulna, or humerus"
./raw_data/fracture_dataset/train/not fractured/16-rotated2-rotated1-rotated2 (1).jpg,outputs/removed_other_bones_quarantine/raw_data__fracture_dataset__train__not fractured__16-rotated2-rotated1-rotated2 (1).jpg,"not radius, ulna, or humerus"
./raw_data/fracture_dataset/train/not fractured/43-rotated2-rotated3-rotated2 (1).jpg,outputs/removed_other_bones_quarantine/raw_data__fracture_dataset__train__not fractured__43-rotated2-rotated3-rotated2 (1).jpg,"not radius, ulna, or humerus"
./raw_data/fracture_dataset/train/not fractured/60-rotated2-rotated2-rotated1 (1).jpg,outputs/removed_other_bones_quarantine/raw_data__fracture_dataset__train__not fractured__60-rotated2-rotated2-rotated1 (1).jpg,"not radius, ulna, or humerus"
./raw_data/fracture_dataset/train/not fractured/57-rotated1-rotated1-rotated1.jpg,outputs/removed_other_bones_quarantine/raw_data__fracture_dataset__train__not fractured__57-rotated1-rotated1-rotated1.jpg,"not radius, ulna, or humerus"
./raw_data/fracture_dataset/train/not fractured/69-rotated3-rotated1-rotated2-rotated1 (1).jpg,outputs/removed_other_bones_quarantine/raw_data__fracture_dataset__train__not fractured__69-rotated3-rotated1-rotated2-rotated1 (1).jpg,"not radius, ulna, or humerus"
./raw_data/fracture_dataset/train/not fractured/30-rotated2-rotated1-rotated2 (1).jpg,outputs/removed_other_bones_quarantine/raw_data__fracture_dataset__train__not fractured__30-rotated2-rotated1-rotated2 (1).jpg,"not radius, ulna, or humerus"
./raw_data/fracture_dataset/train/not fractured/32-rotated3-rotated3-rotated3-rotated1 (1).jpg,outputs/removed_other_bones_quarantine/raw_data__fracture_dataset__train__not fractured__32-rotated3-rotated3-rotated3-rotated1 (1).jpg,"not radius, ulna, or humerus"
./raw_data/fracture_dataset/train/not fractured/5-rotated3-rotated1-rotated1 (1).jpg,outputs/removed_other_bones_quarantine/raw_data__fracture_dataset__train__not fractured__5-rotated3-rotated1-rotated1 (1).jpg,"not radius, ulna, or humerus"
./raw_data/fracture_dataset/train/not fractured/62-rotated2-rotated2-rotated1 (1).jpg,outputs/removed_other_bones_quarantine/raw_data__fracture_dataset__train__not fractured__62-rotated2-rotated2-rotated1 (1).jpg,"not radius, ulna, or humerus"
./raw_data/fracture_dataset/train/not fractured/5-rotated1-rotated3-rotated2-rotated1 (1).jpg,outputs/removed_other_bones_quarantine/raw_data__fracture_dataset__train__not fractured__5-rotated1-rotated3-rotated2-rotated1 (1).jpg,"not radius, ulna, or humerus"
./raw_data/fracture_dataset/train/not fractured/36-rotated2-rotated3-rotated3-rotated1 (1).jpg,outputs/removed_other_bones_quarantine/raw_data__fracture_dataset__train__not fractured__36-rotated2-rotated3-rotated3-rotated1 (1).jpg,"not radius, ulna, or humerus"
./raw_data/fracture_dataset/train/not fractured/17-rotated2-rotated1-rotated3 (1).jpg,outputs/removed_other_bones_quarantine/raw_data__fracture_dataset__train__not fractured__17-rotated2-rotated1-rotated3 (1).jpg,"not radius, ulna, or humerus"
./raw_data/fracture_dataset/train/not fractured/50 (1).jpg,outputs/removed_other_bones_quarantine/raw_data__fracture_dataset__train__not fractured__50 (1).jpg,"not radius, ulna, or humerus"
./raw_data/fracture_dataset/train/not fractured/10-rotated1-rotated2-rotated1 (1).jpg,outputs/removed_other_bones_quarantine/raw_data__fracture_dataset__train__not fractured__10-rotated1-rotated2-rotated1 (1).jpg,"not radius, ulna, or humerus"
./raw_data/fracture_dataset/train/not fractured/64-rotated1-rotated2-rotated3.jpg,outputs/removed_other_bones_quarantine/raw_data__fracture_dataset__train__not fractured__64-rotated1-rotated2-rotated3.jpg,"not radius, ulna, or humerus"
./raw_data/fracture_dataset/train/not fractured/57-rotated2-rotated2-rotated1.jpg,outputs/removed_other_bones_quarantine/raw_data__fracture_dataset__train__not fractured__57-rotated2-rotated2-rotated1.jpg,"not radius, ulna, or humerus"
./raw_data/fracture_dataset/train/not fractured/51-rotated2-rotated1-rotated3 (1).jpg,outputs/removed_other_bones_quarantine/raw_data__fracture_dataset__train__not fractured__51-rotated2-rotated1-rotated3 (1).jpg,"not radius, ulna, or humerus"
./raw_data/fracture_dataset/train/not fractured/67-rotated1-rotated2-rotated2-rotated1 (1).jpg,outputs/removed_other_bones_quarantine/raw_data__fracture_dataset__train__not fractured__67-rotated1-rotated2-rotated2-rotated1 (1).jpg,"not radius, ulna, or humerus"
./raw_data/fracture_dataset/train/not fractured/13-rotated1-rotated3 (1).jpg,outputs/removed_other_bones_quarantine/raw_data__fracture_dataset__train__not fractured__13-rotated1-rotated3 (1).jpg,"not radius, ulna, or humerus"
./raw_data/fracture_dataset/train/not fractured/17-rotated3-rotated1-rotated3 (1).jpg,outputs/removed_other_bones_quarantine/raw_data__fracture_dataset__train__not fractured__17-rotated3-rotated1-rotated3 (1).jpg,"not radius, ulna, or humerus"
./raw_data/fracture_dataset/train/not fractured/20-rotated1-rotated2.jpg,outputs/removed_other_bones_quarantine/raw_data__fracture_dataset__train__not fractured__20-rotated1-rotated2.jpg,"not radius, ulna, or humerus"
./raw_data/fracture_dataset/train/not fractured/5-rotated2-rotated1-rotated1-rotated1.jpg,outputs/removed_other_bones_quarantine/raw_data__fracture_dataset__train__not fractured__5-rotated2-rotated1-rotated1-rotated1.jpg,"not radius, ulna, or humerus"
./raw_data/fracture_dataset/train/not fractured/10-rotated1-rotated2-rotated2-rotated1.jpg,outputs/removed_other_bones_quarantine/raw_data__fracture_dataset__train__not fractured__10-rotated1-rotated2-rotated2-rotated1.jpg,"not radius, ulna, or humerus"
./raw_data/fracture_dataset/train/not fractured/36-rotated3 (1).jpg,outputs/removed_other_bones_quarantine/raw_data__fracture_dataset__train__not fractured__36-rotated3 (1).jpg,"not radius, ulna, or humerus"
./raw_data/fracture_dataset/train/not fractured/30-rotated1-rotated2-rotated1.jpg,outputs/removed_other_bones_quarantine/raw_data__fracture_dataset__train__not fractured__30-rotated1-rotated2-rotated1.jpg,"not radius, ulna, or humerus"
./raw_data/fracture_dataset/train/not fractured/43-rotated2-rotated3-rotated1.jpg,outputs/removed_other_bones_quarantine/raw_data__fracture_dataset__train__not fractured__43-rotated2-rotated3-rotated1.jpg,"not radius, ulna, or humerus"
./raw_data/fracture_dataset/train/not fractured/25-rotated3-rotated2-rotated2-rotated1.jpg,outputs/removed_other_bones_quarantine/raw_data__fracture_dataset__train__not fractured__25-rotated3-rotated2-rotated2-rotated1.jpg,"not radius, ulna, or humerus"
./raw_data/fracture_dataset/train/not fractured/67-rotated1-rotated1-rotated3-rotated1.jpg,outputs/removed_other_bones_quarantine/raw_data__fracture_dataset__train__not fractured__67-rotated1-rotated1-rotated3-rotated1.jpg,"not radius, ulna, or humerus"
./raw_data/fracture_dataset/train/not fractured/34-rotated2-rotated1-rotated3.jpg,outputs/removed_other_bones_quarantine/raw_data__fracture_dataset__train__not fractured__34-rotated2-rotated1-rotated3.jpg,"not radius, ulna, or humerus"
./raw_data/fracture_dataset/train/not fractured/24-rotated2-rotated1-rotated1 (1).jpg,outputs/removed_other_bones_quarantine/raw_data__fracture_dataset__train__not fractured__24-rotated2-rotated1-rotated1 (1).jpg,"not radius, ulna, or humerus"
./raw_data/fracture_dataset/train/not fractured/42-rotated3-rotated3-rotated1 (1).jpg,outputs/removed_other_bones_quarantine/raw_data__fracture_dataset__train__not fractured__42-rotated3-rotated3-rotated1 (1).jpg,"not radius, ulna, or humerus"
./raw_data/fracture_dataset/train/not fractured/39-rotated2-rotated1 (1).jpg,outputs/removed_other_bones_quarantine/raw_data__fracture_dataset__train__not fractured__39-rotated2-rotated1 (1).jpg,"not radius, ulna, or humerus"
./raw_data/fracture_dataset/train/not fractured/64-rotated1-rotated2-rotated2-rotated1.jpg,outputs/removed_other_bones_quarantine/raw_data__fracture_dataset__train__not fractured__64-rotated1-rotated2-rotated2-rotated1.jpg,"not radius, ulna, or humerus"
./raw_data/fracture_dataset/train/not fractured/10-rotated3-rotated3 (1).jpg,outputs/removed_other_bones_quarantine/raw_data__fracture_dataset__train__not fractured__10-rotated3-rotated3 (1).jpg,"not radius, ulna, or humerus"
./raw_data/fracture_dataset/train/not fractured/6-rotated1-rotated3-rotated2-rotated1.jpg,outputs/removed_other_bones_quarantine/raw_data__fracture_dataset__train__not fractured__6-rotated1-rotated3-rotated2-rotated1.jpg,"not radius, ulna, or humerus"
./raw_data/fracture_dataset/train/not fractured/61-rotated3-rotated2.jpg,outputs/removed_other_bones_quarantine/raw_data__fracture_dataset__train__not fractured__61-rotated3-rotated2.jpg,"not radius, ulna, or humerus"
./raw_data/fracture_dataset/train/not fractured/40-rotated3-rotated3.jpg,outputs/removed_other_bones_quarantine/raw_data__fracture_dataset__train__not fractured__40-rotated3-rotated3.jpg,"not radius, ulna, or humerus"
./raw_data/fracture_dataset/train/not fractured/40-rotated1-rotated2-rotated1 (1).jpg,outputs/removed_other_bones_quarantine/raw_data__fracture_dataset__train__not fractured__40-rotated1-rotated2-rotated1 (1).jpg,"not radius, ulna, or humerus"
./raw_data/fracture_dataset/train/not fractured/40-rotated2-rotated3-rotated3 (1).jpg,outputs/removed_other_bones_quarantine/raw_data__fracture_dataset__train__not fractured__40-rotated2-rotated3-rotated3 (1).jpg,"not radius, ulna, or humerus"
./raw_data/fracture_dataset/train/not fractured/44-rotated1-rotated3-rotated3-rotated1.jpg,outputs/removed_other_bones_quarantine/raw_data__fracture_dataset__train__not fractured__44-rotated1-rotated3-rotated3-rotated1.jpg,"not radius, ulna, or humerus"
./raw_data/fracture_dataset/train/not fractured/55-rotated3-rotated1-rotated1-rotated1 (1).jpg,outputs/removed_other_bones_quarantine/raw_data__fracture_dataset__train__not fractured__55-rotated3-rotated1-rotated1-rotated1 (1).jpg,"not radius, ulna, or humerus"
./raw_data/fracture_dataset/train/not fractured/30-rotated3-rotated3.jpg,outputs/removed_other_bones_quarantine/raw_data__fracture_dataset__train__not fractured__30-rotated3-rotated3.jpg,"not radius, ulna, or humerus"
./raw_data/fracture_dataset/train/not fractured/57-rotated2-rotated1-rotated2 (1).jpg,outputs/removed_other_bones_quarantine/raw_data__fracture_dataset__train__not fractured__57-rotated2-rotated1-rotated2 (1).jpg,"not radius, ulna, or humerus"
./raw_data/fracture_dataset/train/not fractured/2-rotated2-rotated3-rotated3-rotated1 (1).jpg,outputs/removed_other_bones_quarantine/raw_data__fracture_dataset__train__not fractured__2-rotated2-rotated3-rotated3-rotated1 (1).jpg,"not radius, ulna, or humerus"
./raw_data/fracture_dataset/train/not fractured/47-rotated2-rotated2-rotated3-rotated1 (1).jpg,outputs/removed_other_bones_quarantine/raw_data__fracture_dataset__train__not fractured__47-rotated2-rotated2-rotated3-rotated1 (1).jpg,"not radius, ulna, or humerus"
./raw_data/fracture_dataset/train/not fractured/57-rotated1-rotated2-rotated2-rotated1 (1).jpg,outputs/removed_other_bones_quarantine/raw_data__fracture_dataset__train__not fractured__57-rotated1-rotated2-rotated2-rotated1 (1).jpg,"not radius, ulna, or humerus"
./raw_data/fracture_dataset/train/not fractured/9-rotated1-rotated3-rotated2-rotated1.jpg,outputs/removed_other_bones_quarantine/raw_data__fracture_dataset__train__not fractured__9-rotated1-rotated3-rotated2-rotated1.jpg,"not radius, ulna, or humerus"
./raw_data/fracture_dataset/train/not fractured/48-rotated3-rotated1-rotated1-rotated1 (1).jpg,outputs/removed_other_bones_quarantine/raw_data__fracture_dataset__train__not fractured__48-rotated3-rotated1-rotated1-rotated1 (1).jpg,"not radius, ulna, or humerus"
./raw_data/fracture_dataset/train/not fractured/17-rotated3-rotated1-rotated1-rotated1 (1).jpg,outputs/removed_other_bones_quarantine/raw_data__fracture_dataset__train__not fractured__17-rotated3-rotated1-rotated1-rotated1 (1).jpg,"not radius, ulna, or humerus"
./raw_data/fracture_dataset/train/not fractured/32-rotated2-rotated3-rotated2-rotated1.jpg,outputs/removed_other_bones_quarantine/raw_data__fracture_dataset__train__not fractured__32-rotated2-rotated3-rotated2-rotated1.jpg,"not radius, ulna, or humerus"
./raw_data/fracture_dataset/train/not fractured/23-rotated1-rotated3-rotated3-rotated1.jpg,outputs/removed_other_bones_quarantine/raw_data__fracture_dataset__train__not fractured__23-rotated1-rotated3-rotated3-rotated1.jpg,"not radius, ulna, or humerus"
./raw_data/fracture_dataset/train/not fractured/14-rotated1-rotated1-rotated3 (1).jpg,outputs/removed_other_bones_quarantine/raw_data__fracture_dataset__train__not fractured__14-rotated1-rotated1-rotated3 (1).jpg,"not radius, ulna, or humerus"
./raw_data/fracture_dataset/train/not fractured/7-rotated2-rotated2-rotated1 (2).jpg,outputs/removed_other_bones_quarantine/raw_data__fracture_dataset__train__not fractured__7-rotated2-rotated2-rotated1 (2).jpg,"not radius, ulna, or humerus"
./raw_data/fracture_dataset/train/not fractured/3-rotated3-rotated3-rotated2-rotated1.jpg,outputs/removed_other_bones_quarantine/raw_data__fracture_dataset__train__not fractured__3-rotated3-rotated3-rotated2-rotated1.jpg,"not radius, ulna, or humerus"
./raw_data/fracture_dataset/train/not fractured/63-rotated3-rotated1-rotated2-rotated1.jpg,outputs/removed_other_bones_quarantine/raw_data__fracture_dataset__train__not fractured__63-rotated3-rotated1-rotated2-rotated1.jpg,"not radius, ulna, or humerus"
./raw_data/fracture_dataset/train/not fractured/18-rotated1-rotated3-rotated2 (1).jpg,outputs/removed_other_bones_quarantine/raw_data__fracture_dataset__train__not fractured__18-rotated1-rotated3-rotated2 (1).jpg,"not radius, ulna, or humerus"
./raw_data/fracture_dataset/train/not fractured/40-rotated3-rotated2-rotated2-rotated1 (1).jpg,outputs/removed_other_bones_quarantine/raw_data__fracture_dataset__train__not fractured__40-rotated3-rotated2-rotated2-rotated1 (1).jpg,"not radius, ulna, or humerus"
./raw_data/fracture_dataset/train/not fractured/65-rotated1-rotated3-rotated2-rotated1 (1).jpg,outputs/removed_other_bones_quarantine/raw_data__fracture_dataset__train__not fractured__65-rotated1-rotated3-rotated2-rotated1 (1).jpg,"not radius, ulna, or humerus"
./raw_data/fracture_dataset/train/not fractured/10-rotated2-rotated2-rotated2-rotated1.jpg,outputs/removed_other_bones_quarantine/raw_data__fracture_dataset__train__not fractured__10-rotated2-rotated2-rotated2-rotated1.jpg,"not radius, ulna, or humerus"
./raw_data/fracture_dataset/train/not fractured/70-rotated1-rotated3-rotated3.jpg,outputs/removed_other_bones_quarantine/raw_data__fracture_dataset__train__not fractured__70-rotated1-rotated3-rotated3.jpg,"not radius, ulna, or humerus"
./raw_data/fracture_dataset/train/not fractured/3-rotated2-rotated3 (2).jpg,outputs/removed_other_bones_quarantine/raw_data__fracture_dataset__train__not fractured__3-rotated2-rotated3 (2).jpg,"not radius, ulna, or humerus"
./raw_data/fracture_dataset/train/not fractured/24-rotated3-rotated3-rotated2-rotated1.jpg,outputs/removed_other_bones_quarantine/raw_data__fracture_dataset__train__not fractured__24-rotated3-rotated3-rotated2-rotated1.jpg,"not radius, ulna, or humerus"
./raw_data/fracture_dataset/train/not fractured/20-rotated3.jpg,outputs/removed_other_bones_quarantine/raw_data__fracture_dataset__train__not fractured__20-rotated3.jpg,"not radius, ulna, or humerus"
./raw_data/fracture_dataset/train/not fractured/19-rotated3-rotated3-rotated3.jpg,outputs/removed_other_bones_quarantine/raw_data__fracture_dataset__train__not fractured__19-rotated3-rotated3-rotated3.jpg,"not radius, ulna, or humerus"
./raw_data/fracture_dataset/train/not fractured/57-rotated2-rotated2-rotated1-rotated1 (1).jpg,outputs/removed_other_bones_quarantine/raw_data__fracture_dataset__train__not fractured__57-rotated2-rotated2-rotated1-rotated1 (1).jpg,"not radius, ulna, or humerus"
./raw_data/fracture_dataset/train/not fractured/50-rotated2-rotated2-rotated3.jpg,outputs/removed_other_bones_quarantine/raw_data__fracture_dataset__train__not fractured__50-rotated2-rotated2-rotated3.jpg,"not radius, ulna, or humerus"
./raw_data/fracture_dataset/train/not fractured/9-rotated1-rotated3-rotated1.jpg,outputs/removed_other_bones_quarantine/raw_data__fracture_dataset__train__not fractured__9-rotated1-rotated3-rotated1.jpg,"not radius, ulna, or humerus"
./raw_data/fracture_dataset/train/not fractured/16-rotated1-rotated1.jpg,outputs/removed_other_bones_quarantine/raw_data__fracture_dataset__train__not fractured__16-rotated1-rotated1.jpg,"not radius, ulna, or humerus"
./raw_data/fracture_dataset/train/not fractured/53-rotated3-rotated2-rotated1-rotated1 (1).jpg,outputs/removed_other_bones_quarantine/raw_data__fracture_dataset__train__not fractured__53-rotated3-rotated2-rotated1-rotated1 (1).jpg,"not radius, ulna, or humerus"
./raw_data/fracture_dataset/train/not fractured/48-rotated3-rotated2-rotated2 (1).jpg,outputs/removed_other_bones_quarantine/raw_data__fracture_dataset__train__not fractured__48-rotated3-rotated2-rotated2 (1).jpg,"not radius, ulna, or humerus"
./raw_data/fracture_dataset/train/not fractured/41-rotated2-rotated1-rotated3 (1).jpg,outputs/removed_other_bones_quarantine/raw_data__fracture_dataset__train__not fractured__41-rotated2-rotated1-rotated3 (1).jpg,"not radius, ulna, or humerus"
./raw_data/fracture_dataset/train/not fractured/27-rotated3-rotated1-rotated3 (1).jpg,outputs/removed_other_bones_quarantine/raw_data__fracture_dataset__train__not fractured__27-rotated3-rotated1-rotated3 (1).jpg,"not radius, ulna, or humerus"
./raw_data/fracture_dataset/train/not fractured/42-rotated2-rotated2-rotated3-rotated1 (1).jpg,outputs/removed_other_bones_quarantine/raw_data__fracture_dataset__train__not fractured__42-rotated2-rotated2-rotated3-rotated1 (1).jpg,"not radius, ulna, or humerus"
./raw_data/fracture_dataset/train/not fractured/13-rotated2-rotated1-rotated2-rotated1 (1).jpg,outputs/removed_other_bones_quarantine/raw_data__fracture_dataset__train__not fractured__13-rotated2-rotated1-rotated2-rotated1 (1).jpg,"not radius, ulna, or humerus"
./raw_data/fracture_dataset/train/not fractured/26-rotated1-rotated3-rotated3 (1).jpg,outputs/removed_other_bones_quarantine/raw_data__fracture_dataset__train__not fractured__26-rotated1-rotated3-rotated3 (1).jpg,"not radius, ulna, or humerus"
./raw_data/fracture_dataset/train/not fractured/57-rotated2-rotated2.jpg,outputs/removed_other_bones_quarantine/raw_data__fracture_dataset__train__not fractured__57-rotated2-rotated2.jpg,"not radius, ulna, or humerus"
./raw_data/fracture_dataset/train/not fractured/16-rotated1.jpg,outputs/removed_other_bones_quarantine/raw_data__fracture_dataset__train__not fractured__16-rotated1.jpg,"not radius, ulna, or humerus"
./raw_data/fracture_dataset/train/not fractured/44-rotated3-rotated1-rotated2 (1).jpg,outputs/removed_other_bones_quarantine/raw_data__fracture_dataset__train__not fractured__44-rotated3-rotated1-rotated2 (1).jpg,"not radius, ulna, or humerus"
./raw_data/fracture_dataset/train/not fractured/56-rotated2-rotated2-rotated2-rotated1.jpg,outputs/removed_other_bones_quarantine/raw_data__fracture_dataset__train__not fractured__56-rotated2-rotated2-rotated2-rotated1.jpg,"not radius, ulna, or humerus"
./raw_data/fracture_dataset/train/not fractured/36-rotated2-rotated1-rotated1.jpg,outputs/removed_other_bones_quarantine/raw_data__fracture_dataset__train__not fractured__36-rotated2-rotated1-rotated1.jpg,"not radius, ulna, or humerus"
./raw_data/fracture_dataset/train/not fractured/25-rotated1-rotated2-rotated1-rotated1.jpg,outputs/removed_other_bones_quarantine/raw_data__fracture_dataset__train__not fractured__25-rotated1-rotated2-rotated1-rotated1.jpg,"not radius, ulna, or humerus"
./raw_data/fracture_dataset/train/not fractured/44-rotated3-rotated3-rotated3.jpg,outputs/removed_other_bones_quarantine/raw_data__fracture_dataset__train__not fractured__44-rotated3-rotated3-rotated3.jpg,"not radius, ulna, or humerus"
./raw_data/fracture_dataset/train/not fractured/22-rotated3-rotated3-rotated2 (1).jpg,outputs/removed_other_bones_quarantine/raw_data__fracture_dataset__train__not fractured__22-rotated3-rotated3-rotated2 (1).jpg,"not radius, ulna, or humerus"
./raw_data/fracture_dataset/train/not fractured/57-rotated2-rotated3-rotated2-rotated1 (1).jpg,outputs/removed_other_bones_quarantine/raw_data__fracture_dataset__train__not fractured__57-rotated2-rotated3-rotated2-rotated1 (1).jpg,"not radius, ulna, or humerus"
./raw_data/fracture_dataset/train/not fractured/15-rotated2-rotated3-rotated3-rotated1.jpg,outputs/removed_other_bones_quarantine/raw_data__fracture_dataset__train__not fractured__15-rotated2-rotated3-rotated3-rotated1.jpg,"not radius, ulna, or humerus"
./raw_data/fracture_dataset/train/not fractured/19-rotated1-rotated2-rotated1-rotated1.jpg,outputs/removed_other_bones_quarantine/raw_data__fracture_dataset__train__not fractured__19-rotated1-rotated2-rotated1-rotated1.jpg,"not radius, ulna, or humerus"
./raw_data/fracture_dataset/train/not fractured/16-rotated1-rotated2-rotated3-rotated1 (1).jpg,outputs/removed_other_bones_quarantine/raw_data__fracture_dataset__train__not fractured__16-rotated1-rotated2-rotated3-rotated1 (1).jpg,"not radius, ulna, or humerus"
./raw_data/fracture_dataset/train/not fractured/5-rotated3-rotated1-rotated2-rotated1 (1).jpg,outputs/removed_other_bones_quarantine/raw_data__fracture_dataset__train__not fractured__5-rotated3-rotated1-rotated2-rotated1 (1).jpg,"not radius, ulna, or humerus"
./raw_data/fracture_dataset/train/not fractured/50-rotated2-rotated3-rotated3-rotated1.jpg,outputs/removed_other_bones_quarantine/raw_data__fracture_dataset__train__not fractured__50-rotated2-rotated3-rotated3-rotated1.jpg,"not radius, ulna, or humerus"
./raw_data/fracture_dataset/train/not fractured/63-rotated3-rotated3-rotated1.jpg,outputs/removed_other_bones_quarantine/raw_data__fracture_dataset__train__not fractured__63-rotated3-rotated3-rotated1.jpg,"not radius, ulna, or humerus"
./raw_data/fracture_dataset/train/not fractured/63-rotated1-rotated2-rotated1-rotated1 (1).jpg,outputs/removed_other_bones_quarantine/raw_data__fracture_dataset__train__not fractured__63-rotated1-rotated2-rotated1-rotated1 (1).jpg,"not radius, ulna, or humerus"
./raw_data/fracture_dataset/train/not fractured/8-rotated3-rotated2-rotated3 (2).jpg,outputs/removed_other_bones_quarantine/raw_data__fracture_dataset__train__not fractured__8-rotated3-rotated2-rotated3 (2).jpg,"not radius, ulna, or humerus"
./raw_data/fracture_dataset/train/not fractured/52-rotated1-rotated1-rotated1.jpg,outputs/removed_other_bones_quarantine/raw_data__fracture_dataset__train__not fractured__52-rotated1-rotated1-rotated1.jpg,"not radius, ulna, or humerus"
./raw_data/fracture_dataset/train/not fractured/9-rotated3-rotated1-rotated1-rotated1.jpg,outputs/removed_other_bones_quarantine/raw_data__fracture_dataset__train__not fractured__9-rotated3-rotated1-rotated1-rotated1.jpg,"not radius, ulna, or humerus"
./raw_data/fracture_dataset/train/not fractured/69-rotated2-rotated2-rotated2 (1).jpg,outputs/removed_other_bones_quarantine/raw_data__fracture_dataset__train__not fractured__69-rotated2-rotated2-rotated2 (1).jpg,"not radius, ulna, or humerus"
./raw_data/fracture_dataset/train/not fractured/53-rotated1-rotated3-rotated2-rotated1 (1).jpg,outputs/removed_other_bones_quarantine/raw_data__fracture_dataset__train__not fractured__53-rotated1-rotated3-rotated2-rotated1 (1).jpg,"not radius, ulna, or humerus"
./raw_data/fracture_dataset/train/not fractured/49-rotated2-rotated3-rotated3 (1).jpg,outputs/removed_other_bones_quarantine/raw_data__fracture_dataset__train__not fractured__49-rotated2-rotated3-rotated3 (1).jpg,"not radius, ulna, or humerus"
./raw_data/fracture_dataset/train/not fractured/54-rotated1-rotated1.jpg,outputs/removed_other_bones_quarantine/raw_data__fracture_dataset__train__not fractured__54-rotated1-rotated1.jpg,"not radius, ulna, or humerus"
./raw_data/fracture_dataset/train/not fractured/26-rotated3-rotated1-rotated3-rotated1 (1).jpg,outputs/removed_other_bones_quarantine/raw_data__fracture_dataset__train__not fractured__26-rotated3-rotated1-rotated3-rotated1 (1).jpg,"not radius, ulna, or humerus"
./raw_data/fracture_dataset/train/not fractured/12-rotated1-rotated3-rotated1.jpg,outputs/removed_other_bones_quarantine/raw_data__fracture_dataset__train__not fractured__12-rotated1-rotated3-rotated1.jpg,"not radius, ulna, or humerus"
./raw_data/fracture_dataset/train/not fractured/18-rotated1-rotated3-rotated1 (1).jpg,outputs/removed_other_bones_quarantine/raw_data__fracture_dataset__train__not fractured__18-rotated1-rotated3-rotated1 (1).jpg,"not radius, ulna, or humerus"
./raw_data/fracture_dataset/train/not fractured/21-rotated3-rotated3-rotated3-rotated1 (1).jpg,outputs/removed_other_bones_quarantine/raw_data__fracture_dataset__train__not fractured__21-rotated3-rotated3-rotated3-rotated1 (1).jpg,"not radius, ulna, or humerus"
./raw_data/fracture_dataset/train/not fractured/60-rotated3-rotated3-rotated1-rotated1.jpg,outputs/removed_other_bones_quarantine/raw_data__fracture_dataset__train__not fractured__60-rotated3-rotated3-rotated1-rotated1.jpg,"not radius, ulna, or humerus"
./raw_data/fracture_dataset/train/not fractured/46-rotated3-rotated1-rotated3.jpg,outputs/removed_other_bones_quarantine/raw_data__fracture_dataset__train__not fractured__46-rotated3-rotated1-rotated3.jpg,"not radius, ulna, or humerus"
./raw_data/fracture_dataset/train/not fractured/16-rotated3-rotated3-rotated2-rotated1.jpg,outputs/removed_other_bones_quarantine/raw_data__fracture_dataset__train__not fractured__16-rotated3-rotated3-rotated2-rotated1.jpg,"not radius, ulna, or humerus"
./raw_data/fracture_dataset/train/not fractured/28-rotated1-rotated1-rotated3 (1).jpg,outputs/removed_other_bones_quarantine/raw_data__fracture_dataset__train__not fractured__28-rotated1-rotated1-rotated3 (1).jpg,"not radius, ulna, or humerus"
./raw_data/fracture_dataset/train/not fractured/59-rotated1-rotated3-rotated3.jpg,outputs/removed_other_bones_quarantine/raw_data__fracture_dataset__train__not fractured__59-rotated1-rotated3-rotated3.jpg,"not radius, ulna, or humerus"
./raw_data/fracture_dataset/train/not fractured/57-rotated3-rotated1-rotated3-rotated1 (1).jpg,outputs/removed_other_bones_quarantine/raw_data__fracture_dataset__train__not fractured__57-rotated3-rotated1-rotated3-rotated1 (1).jpg,"not radius, ulna, or humerus"
./raw_data/fracture_dataset/train/not fractured/52 (1).jpg,outputs/removed_other_bones_quarantine/raw_data__fracture_dataset__train__not fractured__52 (1).jpg,"not radius, ulna, or humerus"
./raw_data/fracture_dataset/train/not fractured/49-rotated2-rotated3.jpg,outputs/removed_other_bones_quarantine/raw_data__fracture_dataset__train__not fractured__49-rotated2-rotated3.jpg,"not radius, ulna, or humerus"
./raw_data/fracture_dataset/train/not fractured/62-rotated3-rotated1-rotated3-rotated1.jpg,outputs/removed_other_bones_quarantine/raw_data__fracture_dataset__train__not fractured__62-rotated3-rotated1-rotated3-rotated1.jpg,"not radius, ulna, or humerus"
./raw_data/fracture_dataset/train/not fractured/59-rotated3-rotated2-rotated2-rotated1 (1).jpg,outputs/removed_other_bones_quarantine/raw_data__fracture_dataset__train__not fractured__59-rotated3-rotated2-rotated2-rotated1 (1).jpg,"not radius, ulna, or humerus"
./raw_data/fracture_dataset/train/not fractured/2-rotated1-rotated2-rotated1-rotated1 (2).jpg,outputs/removed_other_bones_quarantine/raw_data__fracture_dataset__train__not fractured__2-rotated1-rotated2-rotated1-rotated1 (2).jpg,"not radius, ulna, or humerus"
./raw_data/fracture_dataset/train/not fractured/62-rotated2-rotated2-rotated3.jpg,outputs/removed_other_bones_quarantine/raw_data__fracture_dataset__train__not fractured__62-rotated2-rotated2-rotated3.jpg,"not radius, ulna, or humerus"
./raw_data/fracture_dataset/train/not fractured/4-rotated2-rotated2-rotated2-rotated1 (2).jpg,outputs/removed_other_bones_quarantine/raw_data__fracture_dataset__train__not fractured__4-rotated2-rotated2-rotated2-rotated1 (2).jpg,"not radius, ulna, or humerus"
./raw_data/fracture_dataset/train/not fractured/27-rotated3-rotated2-rotated1-rotated1.jpg,outputs/removed_other_bones_quarantine/raw_data__fracture_dataset__train__not fractured__27-rotated3-rotated2-rotated1-rotated1.jpg,"not radius, ulna, or humerus"
./raw_data/fracture_dataset/train/not fractured/69-rotated1-rotated2-rotated1 (1).jpg,outputs/removed_other_bones_quarantine/raw_data__fracture_dataset__train__not fractured__69-rotated1-rotated2-rotated1 (1).jpg,"not radius, ulna, or humerus"
./raw_data/fracture_dataset/train/not fractured/30-rotated3-rotated1-rotated1.jpg,outputs/removed_other_bones_quarantine/raw_data__fracture_dataset__train__not fractured__30-rotated3-rotated1-rotated1.jpg,"not radius, ulna, or humerus"
./raw_data/fracture_dataset/train/not fractured/15-rotated3 (1).jpg,outputs/removed_other_bones_quarantine/raw_data__fracture_dataset__train__not fractured__15-rotated3 (1).jpg,"not radius, ulna, or humerus"
./raw_data/fracture_dataset/train/not fractured/20-rotated2-rotated1-rotated3-rotated1 (1).jpg,outputs/removed_other_bones_quarantine/raw_data__fracture_dataset__train__not fractured__20-rotated2-rotated1-rotated3-rotated1 (1).jpg,"not radius, ulna, or humerus"
./raw_data/fracture_dataset/train/not fractured/8-rotated2-rotated3-rotated3 (1).jpg,outputs/removed_other_bones_quarantine/raw_data__fracture_dataset__train__not fractured__8-rotated2-rotated3-rotated3 (1).jpg,"not radius, ulna, or humerus"
./raw_data/fracture_dataset/train/not fractured/1-rotated3-rotated1-rotated3.jpg,outputs/removed_other_bones_quarantine/raw_data__fracture_dataset__train__not fractured__1-rotated3-rotated1-rotated3.jpg,"not radius, ulna, or humerus"
./raw_data/fracture_dataset/train/not fractured/44-rotated1-rotated2-rotated2-rotated1.jpg,outputs/removed_other_bones_quarantine/raw_data__fracture_dataset__train__not fractured__44-rotated1-rotated2-rotated2-rotated1.jpg,"not radius, ulna, or humerus"
./raw_data/fracture_dataset/train/not fractured/8-rotated2-rotated1-rotated1-rotated1 (1).jpg,outputs/removed_other_bones_quarantine/raw_data__fracture_dataset__train__not fractured__8-rotated2-rotated1-rotated1-rotated1 (1).jpg,"not radius, ulna, or humerus"
./raw_data/fracture_dataset/train/not fractured/35-rotated2-rotated3-rotated1-rotated1.jpg,outputs/removed_other_bones_quarantine/raw_data__fracture_dataset__train__not fractured__35-rotated2-rotated3-rotated1-rotated1.jpg,"not radius, ulna, or humerus"
./raw_data/fracture_dataset/train/not fractured/61-rotated2-rotated3-rotated1.jpg,outputs/removed_other_bones_quarantine/raw_data__fracture_dataset__train__not fractured__61-rotated2-rotated3-rotated1.jpg,"not radius, ulna, or humerus"
./raw_data/fracture_dataset/train/not fractured/68-rotated3-rotated1 (1).jpg,outputs/removed_other_bones_quarantine/raw_data__fracture_dataset__train__not fractured__68-rotated3-rotated1 (1).jpg,"not radius, ulna, or humerus"
./raw_data/fracture_dataset/train/not fractured/4-rotated3-rotated2.jpg,outputs/removed_other_bones_quarantine/raw_data__fracture_dataset__train__not fractured__4-rotated3-rotated2.jpg,"not radius, ulna, or humerus"
./raw_data/fracture_dataset/train/not fractured/46-rotated3-rotated2.jpg,outputs/removed_other_bones_quarantine/raw_data__fracture_dataset__train__not fractured__46-rotated3-rotated2.jpg,"not radius, ulna, or humerus"
./raw_data/fracture_dataset/train/not fractured/42-rotated1-rotated3-rotated3-rotated1.jpg,outputs/removed_other_bones_quarantine/raw_data__fracture_dataset__train__not fractured__42-rotated1-rotated3-rotated3-rotated1.jpg,"not radius, ulna, or humerus"
./raw_data/fracture_dataset/train/not fractured/9-rotated1-rotated1-rotated2-rotated1 (1).jpg,outputs/removed_other_bones_quarantine/raw_data__fracture_dataset__train__not fractured__9-rotated1-rotated1-rotated2-rotated1 (1).jpg,"not radius, ulna, or humerus"
./raw_data/fracture_dataset/train/not fractured/50-rotated3-rotated1.jpg,outputs/removed_other_bones_quarantine/raw_data__fracture_dataset__train__not fractured__50-rotated3-rotated1.jpg,"not radius, ulna, or humerus"
./raw_data/fracture_dataset/train/not fractured/59-rotated1-rotated3-rotated2.jpg,outputs/removed_other_bones_quarantine/raw_data__fracture_dataset__train__not fractured__59-rotated1-rotated3-rotated2.jpg,"not radius, ulna, or humerus"
./raw_data/fracture_dataset/train/not fractured/24-rotated1-rotated2-rotated3-rotated1 (1).jpg,outputs/removed_other_bones_quarantine/raw_data__fracture_dataset__train__not fractured__24-rotated1-rotated2-rotated3-rotated1 (1).jpg,"not radius, ulna, or humerus"
./raw_data/fracture_dataset/train/not fractured/IMG0003783.jpg,outputs/removed_other_bones_quarantine/raw_data__fracture_dataset__train__not fractured__IMG0003783.jpg,"not radius, ulna, or humerus"
./raw_data/fracture_dataset/train/not fractured/63-rotated2-rotated3-rotated2-rotated1 (1).jpg,outputs/removed_other_bones_quarantine/raw_data__fracture_dataset__train__not fractured__63-rotated2-rotated3-rotated2-rotated1 (1).jpg,"not radius, ulna, or humerus"
./raw_data/fracture_dataset/train/not fractured/60-rotated1-rotated1.jpg,outputs/removed_other_bones_quarantine/raw_data__fracture_dataset__train__not fractured__60-rotated1-rotated1.jpg,"not radius, ulna, or humerus"
./raw_data/fracture_dataset/train/not fractured/29-rotated2-rotated3-rotated2-rotated1 (1).jpg,outputs/removed_other_bones_quarantine/raw_data__fracture_dataset__train__not fractured__29-rotated2-rotated3-rotated2-rotated1 (1).jpg,"not radius, ulna, or humerus"
./raw_data/fracture_dataset/train/not fractured/35-rotated2-rotated2 (1).jpg,outputs/removed_other_bones_quarantine/raw_data__fracture_dataset__train__not fractured__35-rotated2-rotated2 (1).jpg,"not radius, ulna, or humerus"
./raw_data/fracture_dataset/train/not fractured/1-rotated3-rotated3 (2).jpg,outputs/removed_other_bones_quarantine/raw_data__fracture_dataset__train__not fractured__1-rotated3-rotated3 (2).jpg,"not radius, ulna, or humerus"
./raw_data/fracture_dataset/train/not fractured/44-rotated2-rotated1-rotated1.jpg,outputs/removed_other_bones_quarantine/raw_data__fracture_dataset__train__not fractured__44-rotated2-rotated1-rotated1.jpg,"not radius, ulna, or humerus"
./raw_data/fracture_dataset/train/not fractured/29-rotated1 (1).jpg,outputs/removed_other_bones_quarantine/raw_data__fracture_dataset__train__not fractured__29-rotated1 (1).jpg,"not radius, ulna, or humerus"
./raw_data/fracture_dataset/train/not fractured/41-rotated3-rotated3-rotated3-rotated1 (1).jpg,outputs/removed_other_bones_quarantine/raw_data__fracture_dataset__train__not fractured__41-rotated3-rotated3-rotated3-rotated1 (1).jpg,"not radius, ulna, or humerus"
./raw_data/fracture_dataset/train/not fractured/13-rotated3-rotated1-rotated2-rotated1 (1).jpg,outputs/removed_other_bones_quarantine/raw_data__fracture_dataset__train__not fractured__13-rotated3-rotated1-rotated2-rotated1 (1).jpg,"not radius, ulna, or humerus"
./raw_data/fracture_dataset/train/not fractured/70-rotated2-rotated1 (1).jpg,outputs/removed_other_bones_quarantine/raw_data__fracture_dataset__train__not fractured__70-rotated2-rotated1 (1).jpg,"not radius, ulna, or humerus"
./raw_data/fracture_dataset/train/not fractured/24-rotated3-rotated3-rotated1-rotated1 (1).jpg,outputs/removed_other_bones_quarantine/raw_data__fracture_dataset__train__not fractured__24-rotated3-rotated3-rotated1-rotated1 (1).jpg,"not radius, ulna, or humerus"
./raw_data/fracture_dataset/train/not fractured/13-rotated2-rotated3-rotated2.jpg,outputs/removed_other_bones_quarantine/raw_data__fracture_dataset__train__not fractured__13-rotated2-rotated3-rotated2.jpg,"not radius, ulna, or humerus"
./raw_data/fracture_dataset/train/not fractured/62-rotated3-rotated2-rotated3.jpg,outputs/removed_other_bones_quarantine/raw_data__fracture_dataset__train__not fractured__62-rotated3-rotated2-rotated3.jpg,"not radius, ulna, or humerus"
./raw_data/fracture_dataset/train/not fractured/70-rotated3-rotated2-rotated2 (1).jpg,outputs/removed_other_bones_quarantine/raw_data__fracture_dataset__train__not fractured__70-rotated3-rotated2-rotated2 (1).jpg,"not radius, ulna, or humerus"
./raw_data/fracture_dataset/train/not fractured/55-rotated2-rotated3-rotated1.jpg,outputs/removed_other_bones_quarantine/raw_data__fracture_dataset__train__not fractured__55-rotated2-rotated3-rotated1.jpg,"not radius, ulna, or humerus"
./raw_data/fracture_dataset/train/not fractured/58-rotated2-rotated3-rotated1 (1).jpg,outputs/removed_other_bones_quarantine/raw_data__fracture_dataset__train__not fractured__58-rotated2-rotated3-rotated1 (1).jpg,"not radius, ulna, or humerus"
./raw_data/fracture_dataset/train/not fractured/65-rotated3-rotated2-rotated2.jpg,outputs/removed_other_bones_quarantine/raw_data__fracture_dataset__train__not fractured__65-rotated3-rotated2-rotated2.jpg,"not radius, ulna, or humerus"
./raw_data/fracture_dataset/train/not fractured/67-rotated2-rotated3-rotated3-rotated1.jpg,outputs/removed_other_bones_quarantine/raw_data__fracture_dataset__train__not fractured__67-rotated2-rotated3-rotated3-rotated1.jpg,"not radius, ulna, or humerus"
./raw_data/fracture_dataset/train/not fractured/18-rotated2-rotated1-rotated3.jpg,outputs/removed_other_bones_quarantine/raw_data__fracture_dataset__train__not fractured__18-rotated2-rotated1-rotated3.jpg,"not radius, ulna, or humerus"
./raw_data/fracture_dataset/train/not fractured/17.png,outputs/removed_other_bones_quarantine/raw_data__fracture_dataset__train__not fractured__17.png,"not radius, ulna, or humerus"
./raw_data/fracture_dataset/train/not fractured/46-rotated2-rotated1-rotated3.jpg,outputs/removed_other_bones_quarantine/raw_data__fracture_dataset__train__not fractured__46-rotated2-rotated1-rotated3.jpg,"not radius, ulna, or humerus"
./raw_data/fracture_dataset/train/not fractured/1-rotated3-rotated2-rotated2-rotated1 (1).jpg,outputs/removed_other_bones_quarantine/raw_data__fracture_dataset__train__not fractured__1-rotated3-rotated2-rotated2-rotated1 (1).jpg,"not radius, ulna, or humerus"
./raw_data/fracture_dataset/train/not fractured/50-rotated2-rotated1-rotated1 (1).jpg,outputs/removed_other_bones_quarantine/raw_data__fracture_dataset__train__not fractured__50-rotated2-rotated1-rotated1 (1).jpg,"not radius, ulna, or humerus"
./raw_data/fracture_dataset/train/not fractured/44-rotated3-rotated1-rotated1-rotated1 (1).jpg,outputs/removed_other_bones_quarantine/raw_data__fracture_dataset__train__not fractured__44-rotated3-rotated1-rotated1-rotated1 (1).jpg,"not radius, ulna, or humerus"
./raw_data/fracture_dataset/train/not fractured/29-rotated2-rotated3-rotated1 (1).jpg,outputs/removed_other_bones_quarantine/raw_data__fracture_dataset__train__not fractured__29-rotated2-rotated3-rotated1 (1).jpg,"not radius, ulna, or humerus"
./raw_data/fracture_dataset/train/not fractured/55-rotated2-rotated3 (1).jpg,outputs/removed_other_bones_quarantine/raw_data__fracture_dataset__train__not fractured__55-rotated2-rotated3 (1).jpg,"not radius, ulna, or humerus"
./raw_data/fracture_dataset/train/not fractured/45-rotated2-rotated3-rotated2-rotated1.jpg,outputs/removed_other_bones_quarantine/raw_data__fracture_dataset__train__not fractured__45-rotated2-rotated3-rotated2-rotated1.jpg,"not radius, ulna, or humerus"
./raw_data/fracture_dataset/train/not fractured/6-rotated3-rotated3-rotated2.jpg,outputs/removed_other_bones_quarantine/raw_data__fracture_dataset__train__not fractured__6-rotated3-rotated3-rotated2.jpg,"not radius, ulna, or humerus"
./raw_data/fracture_dataset/train/not fractured/20-rotated3-rotated2-rotated1-rotated1.jpg,outputs/removed_other_bones_quarantine/raw_data__fracture_dataset__train__not fractured__20-rotated3-rotated2-rotated1-rotated1.jpg,"not radius, ulna, or humerus"
./raw_data/fracture_dataset/train/not fractured/42-rotated3-rotated3.jpg,outputs/removed_other_bones_quarantine/raw_data__fracture_dataset__train__not fractured__42-rotated3-rotated3.jpg,"not radius, ulna, or humerus"
./raw_data/fracture_dataset/train/not fractured/43-rotated1-rotated2.jpg,outputs/removed_other_bones_quarantine/raw_data__fracture_dataset__train__not fractured__43-rotated1-rotated2.jpg,"not radius, ulna, or humerus"
./raw_data/fracture_dataset/train/not fractured/39-rotated1-rotated3-rotated3-rotated1.jpg,outputs/removed_other_bones_quarantine/raw_data__fracture_dataset__train__not fractured__39-rotated1-rotated3-rotated3-rotated1.jpg,"not radius, ulna, or humerus"
./raw_data/fracture_dataset/train/not fractured/61-rotated1-rotated1-rotated1.jpg,outputs/removed_other_bones_quarantine/raw_data__fracture_dataset__train__not fractured__61-rotated1-rotated1-rotated1.jpg,"not radius, ulna, or humerus"
./raw_data/fracture_dataset/train/not fractured/5-rotated3-rotated2-rotated1 (1).jpg,outputs/removed_other_bones_quarantine/raw_data__fracture_dataset__train__not fractured__5-rotated3-rotated2-rotated1 (1).jpg,"not radius, ulna, or humerus"
./raw_data/fracture_dataset/train/not fractured/62-rotated2-rotated2-rotated1-rotated1.jpg,outputs/removed_other_bones_quarantine/raw_data__fracture_dataset__train__not fractured__62-rotated2-rotated2-rotated1-rotated1.jpg,"not radius, ulna, or humerus"
./raw_data/fracture_dataset/train/not fractured/2-rotated2-rotated1-rotated3-rotated1 (1).jpg,outputs/removed_other_bones_quarantine/raw_data__fracture_dataset__train__not fractured__2-rotated2-rotated1-rotated3-rotated1 (1).jpg,"not radius, ulna, or humerus"
./raw_data/fracture_dataset/train/not fractured/60-rotated3-rotated1-rotated2-rotated1.jpg,outputs/removed_other_bones_quarantine/raw_data__fracture_dataset__train__not fractured__60-rotated3-rotated1-rotated2-rotated1.jpg,"not radius, ulna, or humerus"
./raw_data/fracture_dataset/train/not fractured/21.png,outputs/removed_other_bones_quarantine/raw_data__fracture_dataset__train__not fractured__21.png,"not radius, ulna, or humerus"
./raw_data/fracture_dataset/train/not fractured/9-rotated1-rotated1-rotated1-rotated1.jpg,outputs/removed_other_bones_quarantine/raw_data__fracture_dataset__train__not fractured__9-rotated1-rotated1-rotated1-rotated1.jpg,"not radius, ulna, or humerus"
./raw_data/fracture_dataset/train/not fractured/29-rotated3-rotated2-rotated3-rotated1.jpg,outputs/removed_other_bones_quarantine/raw_data__fracture_dataset__train__not fractured__29-rotated3-rotated2-rotated3-rotated1.jpg,"not radius, ulna, or humerus"
./raw_data/fracture_dataset/train/not fractured/25-rotated1-rotated2-rotated3-rotated1.jpg,outputs/removed_other_bones_quarantine/raw_data__fracture_dataset__train__not fractured__25-rotated1-rotated2-rotated3-rotated1.jpg,"not radius, ulna, or humerus"
./raw_data/fracture_dataset/train/not fractured/6-rotated1-rotated2-rotated2-rotated1.jpg,outputs/removed_other_bones_quarantine/raw_data__fracture_dataset__train__not fractured__6-rotated1-rotated2-rotated2-rotated1.jpg,"not radius, ulna, or humerus"
./raw_data/fracture_dataset/train/not fractured/4-rotated1 (1).jpg,outputs/removed_other_bones_quarantine/raw_data__fracture_dataset__train__not fractured__4-rotated1 (1).jpg,"not radius, ulna, or humerus"
./raw_data/fracture_dataset/train/not fractured/60-rotated1-rotated1-rotated1-rotated1 (1).jpg,outputs/removed_other_bones_quarantine/raw_data__fracture_dataset__train__not fractured__60-rotated1-rotated1-rotated1-rotated1 (1).jpg,"not radius, ulna, or humerus"
./raw_data/fracture_dataset/train/not fractured/17-rotated1-rotated1-rotated2.jpg,outputs/removed_other_bones_quarantine/raw_data__fracture_dataset__train__not fractured__17-rotated1-rotated1-rotated2.jpg,"not radius, ulna, or humerus"
./raw_data/fracture_dataset/train/not fractured/24-rotated3-rotated1-rotated3-rotated1.jpg,outputs/removed_other_bones_quarantine/raw_data__fracture_dataset__train__not fractured__24-rotated3-rotated1-rotated3-rotated1.jpg,"not radius, ulna, or humerus"
./raw_data/fracture_dataset/train/not fractured/63-rotated2-rotated1-rotated3-rotated1.jpg,outputs/removed_other_bones_quarantine/raw_data__fracture_dataset__train__not fractured__63-rotated2-rotated1-rotated3-rotated1.jpg,"not radius, ulna, or humerus"
./raw_data/fracture_dataset/train/not fractured/36-rotated3-rotated1-rotated3 (1).jpg,outputs/removed_other_bones_quarantine/raw_data__fracture_dataset__train__not fractured__36-rotated3-rotated1-rotated3 (1).jpg,"not radius, ulna, or humerus"
./raw_data/fracture_dataset/train/not fractured/12-rotated2-rotated1-rotated2-rotated1 (1).jpg,outputs/removed_other_bones_quarantine/raw_data__fracture_dataset__train__not fractured__12-rotated2-rotated1-rotated2-rotated1 (1).jpg,"not radius, ulna, or humerus"
./raw_data/fracture_dataset/train/not fractured/51-rotated3-rotated2-rotated2 (1).jpg,outputs/removed_other_bones_quarantine/raw_data__fracture_dataset__train__not fractured__51-rotated3-rotated2-rotated2 (1).jpg,"not radius, ulna, or humerus"
./raw_data/fracture_dataset/train/not fractured/34-rotated1-rotated1-rotated1-rotated1.jpg,outputs/removed_other_bones_quarantine/raw_data__fracture_dataset__train__not fractured__34-rotated1-rotated1-rotated1-rotated1.jpg,"not radius, ulna, or humerus"
./raw_data/fracture_dataset/train/not fractured/13-rotated2-rotated3.jpg,outputs/removed_other_bones_quarantine/raw_data__fracture_dataset__train__not fractured__13-rotated2-rotated3.jpg,"not radius, ulna, or humerus"
./raw_data/fracture_dataset/train/not fractured/39-rotated1-rotated2-rotated1 (1).jpg,outputs/removed_other_bones_quarantine/raw_data__fracture_dataset__train__not fractured__39-rotated1-rotated2-rotated1 (1).jpg,"not radius, ulna, or humerus"
./raw_data/fracture_dataset/train/not fractured/57-rotated2-rotated1-rotated1.jpg,outputs/removed_other_bones_quarantine/raw_data__fracture_dataset__train__not fractured__57-rotated2-rotated1-rotated1.jpg,"not radius, ulna, or humerus"
./raw_data/fracture_dataset/train/not fractured/58-rotated2-rotated3-rotated1-rotated1.jpg,outputs/removed_other_bones_quarantine/raw_data__fracture_dataset__train__not fractured__58-rotated2-rotated3-rotated1-rotated1.jpg,"not radius, ulna, or humerus"
./raw_data/fracture_dataset/train/not fractured/55-rotated3-rotated3 (1).jpg,outputs/removed_other_bones_quarantine/raw_data__fracture_dataset__train__not fractured__55-rotated3-rotated3 (1).jpg,"not radius, ulna, or humerus"
./raw_data/fracture_dataset/train/not fractured/51-rotated2-rotated1-rotated3-rotated1 (1).jpg,outputs/removed_other_bones_quarantine/raw_data__fracture_dataset__train__not fractured__51-rotated2-rotated1-rotated3-rotated1 (1).jpg,"not radius, ulna, or humerus"
./raw_data/fracture_dataset/train/not fractured/18-rotated3-rotated2-rotated3.jpg,outputs/removed_other_bones_quarantine/raw_data__fracture_dataset__train__not fractured__18-rotated3-rotated2-rotated3.jpg,"not radius, ulna, or humerus"
./raw_data/fracture_dataset/train/not fractured/3-rotated3-rotated1-rotated3-rotated1 (2).jpg,outputs/removed_other_bones_quarantine/raw_data__fracture_dataset__train__not fractured__3-rotated3-rotated1-rotated3-rotated1 (2).jpg,"not radius, ulna, or humerus"
./raw_data/fracture_dataset/train/not fractured/9-rotated3-rotated3-rotated3.jpg,outputs/removed_other_bones_quarantine/raw_data__fracture_dataset__train__not fractured__9-rotated3-rotated3-rotated3.jpg,"not radius, ulna, or humerus"
./raw_data/fracture_dataset/train/not fractured/21-rotated1-rotated3 (1).jpg,outputs/removed_other_bones_quarantine/raw_data__fracture_dataset__train__not fractured__21-rotated1-rotated3 (1).jpg,"not radius, ulna, or humerus"
./raw_data/fracture_dataset/train/not fractured/4-rotated2-rotated2 (2).jpg,outputs/removed_other_bones_quarantine/raw_data__fracture_dataset__train__not fractured__4-rotated2-rotated2 (2).jpg,"not radius, ulna, or humerus"
./raw_data/fracture_dataset/train/not fractured/35-rotated2-rotated3 (1).jpg,outputs/removed_other_bones_quarantine/raw_data__fracture_dataset__train__not fractured__35-rotated2-rotated3 (1).jpg,"not radius, ulna, or humerus"
./raw_data/fracture_dataset/train/not fractured/35-rotated2-rotated3-rotated2.jpg,outputs/removed_other_bones_quarantine/raw_data__fracture_dataset__train__not fractured__35-rotated2-rotated3-rotated2.jpg,"not radius, ulna, or humerus"
./raw_data/fracture_dataset/train/not fractured/20-rotated1-rotated3-rotated2 (1).jpg,outputs/removed_other_bones_quarantine/raw_data__fracture_dataset__train__not fractured__20-rotated1-rotated3-rotated2 (1).jpg,"not radius, ulna, or humerus"
./raw_data/fracture_dataset/train/not fractured/42-rotated2-rotated1-rotated1-rotated1.jpg,outputs/removed_other_bones_quarantine/raw_data__fracture_dataset__train__not fractured__42-rotated2-rotated1-rotated1-rotated1.jpg,"not radius, ulna, or humerus"
./raw_data/fracture_dataset/train/not fractured/36-rotated2 (1).jpg,outputs/removed_other_bones_quarantine/raw_data__fracture_dataset__train__not fractured__36-rotated2 (1).jpg,"not radius, ulna, or humerus"
./raw_data/fracture_dataset/train/not fractured/3-rotated2-rotated3-rotated2-rotated1.jpg,outputs/removed_other_bones_quarantine/raw_data__fracture_dataset__train__not fractured__3-rotated2-rotated3-rotated2-rotated1.jpg,"not radius, ulna, or humerus"
./raw_data/fracture_dataset/train/not fractured/12-rotated1-rotated1.jpg,outputs/removed_other_bones_quarantine/raw_data__fracture_dataset__train__not fractured__12-rotated1-rotated1.jpg,"not radius, ulna, or humerus"
./raw_data/fracture_dataset/train/not fractured/12-rotated1-rotated3-rotated2-rotated1.jpg,outputs/removed_other_bones_quarantine/raw_data__fracture_dataset__train__not fractured__12-rotated1-rotated3-rotated2-rotated1.jpg,"not radius, ulna, or humerus"
./raw_data/fracture_dataset/train/not fractured/39-rotated3-rotated3-rotated1.jpg,outputs/removed_other_bones_quarantine/raw_data__fracture_dataset__train__not fractured__39-rotated3-rotated3-rotated1.jpg,"not radius, ulna, or humerus"
./raw_data/fracture_dataset/train/not fractured/62-rotated1-rotated1-rotated3-rotated1 (1).jpg,outputs/removed_other_bones_quarantine/raw_data__fracture_dataset__train__not fractured__62-rotated1-rotated1-rotated3-rotated1 (1).jpg,"not radius, ulna, or humerus"
./raw_data/fracture_dataset/train/not fractured/45-rotated3-rotated1.jpg,outputs/removed_other_bones_quarantine/raw_data__fracture_dataset__train__not fractured__45-rotated3-rotated1.jpg,"not radius, ulna, or humerus"
./raw_data/fracture_dataset/train/not fractured/3-rotated1-rotated1-rotated2 (2).jpg,outputs/removed_other_bones_quarantine/raw_data__fracture_dataset__train__not fractured__3-rotated1-rotated1-rotated2 (2).jpg,"not radius, ulna, or humerus"
./raw_data/fracture_dataset/train/not fractured/32-rotated1-rotated3-rotated1 (1).jpg,outputs/removed_other_bones_quarantine/raw_data__fracture_dataset__train__not fractured__32-rotated1-rotated3-rotated1 (1).jpg,"not radius, ulna, or humerus"
./raw_data/fracture_dataset/train/not fractured/51-rotated1-rotated1-rotated1.jpg,outputs/removed_other_bones_quarantine/raw_data__fracture_dataset__train__not fractured__51-rotated1-rotated1-rotated1.jpg,"not radius, ulna, or humerus"
./raw_data/fracture_dataset/train/not fractured/69-rotated2-rotated2-rotated3-rotated1 (1).jpg,outputs/removed_other_bones_quarantine/raw_data__fracture_dataset__train__not fractured__69-rotated2-rotated2-rotated3-rotated1 (1).jpg,"not radius, ulna, or humerus"
./raw_data/fracture_dataset/train/not fractured/17-rotated3-rotated1-rotated1.jpg,outputs/removed_other_bones_quarantine/raw_data__fracture_dataset__train__not fractured__17-rotated3-rotated1-rotated1.jpg,"not radius, ulna, or humerus"
./raw_data/fracture_dataset/train/not fractured/53-rotated3.jpg,outputs/removed_other_bones_quarantine/raw_data__fracture_dataset__train__not fractured__53-rotated3.jpg,"not radius, ulna, or humerus"
./raw_data/fracture_dataset/train/not fractured/66-rotated3-rotated3-rotated1 (1).jpg,outputs/removed_other_bones_quarantine/raw_data__fracture_dataset__train__not fractured__66-rotated3-rotated3-rotated1 (1).jpg,"not radius, ulna, or humerus"
./raw_data/fracture_dataset/train/not fractured/30-rotated2-rotated1-rotated1-rotated1 (1).jpg,outputs/removed_other_bones_quarantine/raw_data__fracture_dataset__train__not fractured__30-rotated2-rotated1-rotated1-rotated1 (1).jpg,"not radius, ulna, or humerus"
./raw_data/fracture_dataset/train/not fractured/56-rotated1-rotated3-rotated2.jpg,outputs/removed_other_bones_quarantine/raw_data__fracture_dataset__train__not fractured__56-rotated1-rotated3-rotated2.jpg,"not radius, ulna, or humerus"
./raw_data/fracture_dataset/train/not fractured/34-rotated1-rotated1-rotated2.jpg,outputs/removed_other_bones_quarantine/raw_data__fracture_dataset__train__not fractured__34-rotated1-rotated1-rotated2.jpg,"not radius, ulna, or humerus"
./raw_data/fracture_dataset/train/not fractured/15-rotated1-rotated1-rotated1 (1).jpg,outputs/removed_other_bones_quarantine/raw_data__fracture_dataset__train__not fractured__15-rotated1-rotated1-rotated1 (1).jpg,"not radius, ulna, or humerus"
./raw_data/fracture_dataset/train/not fractured/17-rotated3-rotated3 (1).jpg,outputs/removed_other_bones_quarantine/raw_data__fracture_dataset__train__not fractured__17-rotated3-rotated3 (1).jpg,"not radius, ulna, or humerus"
./raw_data/fracture_dataset/train/not fractured/17-rotated3-rotated1-rotated2-rotated1.jpg,outputs/removed_other_bones_quarantine/raw_data__fracture_dataset__train__not fractured__17-rotated3-rotated1-rotated2-rotated1.jpg,"not radius, ulna, or humerus"
./raw_data/fracture_dataset/train/not fractured/7-rotated3-rotated3 (2).jpg,outputs/removed_other_bones_quarantine/raw_data__fracture_dataset__train__not fractured__7-rotated3-rotated3 (2).jpg,"not radius, ulna, or humerus"
./raw_data/fracture_dataset/train/not fractured/2-rotated3-rotated2-rotated1-rotated1 (2).jpg,outputs/removed_other_bones_quarantine/raw_data__fracture_dataset__train__not fractured__2-rotated3-rotated2-rotated1-rotated1 (2).jpg,"not radius, ulna, or humerus"
./raw_data/fracture_dataset/train/not fractured/60-rotated1-rotated2-rotated2.jpg,outputs/removed_other_bones_quarantine/raw_data__fracture_dataset__train__not fractured__60-rotated1-rotated2-rotated2.jpg,"not radius, ulna, or humerus"
./raw_data/fracture_dataset/train/not fractured/22-rotated1-rotated3-rotated2-rotated1.jpg,outputs/removed_other_bones_quarantine/raw_data__fracture_dataset__train__not fractured__22-rotated1-rotated3-rotated2-rotated1.jpg,"not radius, ulna, or humerus"
./raw_data/fracture_dataset/train/not fractured/19-rotated3-rotated3-rotated1-rotated1 (1).jpg,outputs/removed_other_bones_quarantine/raw_data__fracture_dataset__train__not fractured__19-rotated3-rotated3-rotated1-rotated1 (1).jpg,"not radius, ulna, or humerus"
./raw_data/fracture_dataset/train/not fractured/23-rotated1-rotated3-rotated3 (1).jpg,outputs/removed_other_bones_quarantine/raw_data__fracture_dataset__train__not fractured__23-rotated1-rotated3-rotated3 (1).jpg,"not radius, ulna, or humerus"
./raw_data/fracture_dataset/train/not fractured/43-rotated1-rotated2-rotated2-rotated1 (1).jpg,outputs/removed_other_bones_quarantine/raw_data__fracture_dataset__train__not fractured__43-rotated1-rotated2-rotated2-rotated1 (1).jpg,"not radius, ulna, or humerus"
./raw_data/fracture_dataset/train/not fractured/66-rotated3-rotated3-rotated2-rotated1 (1).jpg,outputs/removed_other_bones_quarantine/raw_data__fracture_dataset__train__not fractured__66-rotated3-rotated3-rotated2-rotated1 (1).jpg,"not radius, ulna, or humerus"
./raw_data/fracture_dataset/train/not fractured/31-rotated1-rotated1-rotated3 (1).jpg,outputs/removed_other_bones_quarantine/raw_data__fracture_dataset__train__not fractured__31-rotated1-rotated1-rotated3 (1).jpg,"not radius, ulna, or humerus"
./raw_data/fracture_dataset/train/not fractured/17-rotated2-rotated2-rotated2-rotated1 (1).jpg,outputs/removed_other_bones_quarantine/raw_data__fracture_dataset__train__not fractured__17-rotated2-rotated2-rotated2-rotated1 (1).jpg,"not radius, ulna, or humerus"
./raw_data/fracture_dataset/train/not fractured/38-rotated1-rotated3.jpg,outputs/removed_other_bones_quarantine/raw_data__fracture_dataset__train__not fractured__38-rotated1-rotated3.jpg,"not radius, ulna, or humerus"
./raw_data/fracture_dataset/train/not fractured/13-rotated1-rotated1-rotated1-rotated1.jpg,outputs/removed_other_bones_quarantine/raw_data__fracture_dataset__train__not fractured__13-rotated1-rotated1-rotated1-rotated1.jpg,"not radius, ulna, or humerus"
./raw_data/fracture_dataset/train/not fractured/IMG0003780.jpg,outputs/removed_other_bones_quarantine/raw_data__fracture_dataset__train__not fractured__IMG0003780.jpg,"not radius, ulna, or humerus"
./raw_data/fracture_dataset/train/not fractured/29-rotated1-rotated3-rotated2-rotated1 (1).jpg,outputs/removed_other_bones_quarantine/raw_data__fracture_dataset__train__not fractured__29-rotated1-rotated3-rotated2-rotated1 (1).jpg,"not radius, ulna, or humerus"
./raw_data/fracture_dataset/train/not fractured/70-rotated3-rotated3-rotated1 (1).jpg,outputs/removed_other_bones_quarantine/raw_data__fracture_dataset__train__not fractured__70-rotated3-rotated3-rotated1 (1).jpg,"not radius, ulna, or humerus"
./raw_data/fracture_dataset/train/not fractured/17-rotated2 (1).jpg,outputs/removed_other_bones_quarantine/raw_data__fracture_dataset__train__not fractured__17-rotated2 (1).jpg,"not radius, ulna, or humerus"
./raw_data/fracture_dataset/train/not fractured/6-rotated1-rotated1-rotated2 (1).jpg,outputs/removed_other_bones_quarantine/raw_data__fracture_dataset__train__not fractured__6-rotated1-rotated1-rotated2 (1).jpg,"not radius, ulna, or humerus"
./raw_data/fracture_dataset/train/not fractured/25-rotated1-rotated1-rotated3-rotated1.jpg,outputs/removed_other_bones_quarantine/raw_data__fracture_dataset__train__not fractured__25-rotated1-rotated1-rotated3-rotated1.jpg,"not radius, ulna, or humerus"
./raw_data/fracture_dataset/train/not fractured/3-rotated2-rotated3-rotated3-rotated1 (2).jpg,outputs/removed_other_bones_quarantine/raw_data__fracture_dataset__train__not fractured__3-rotated2-rotated3-rotated3-rotated1 (2).jpg,"not radius, ulna, or humerus"
./raw_data/fracture_dataset/train/not fractured/69-rotated1-rotated1-rotated1 (1).jpg,outputs/removed_other_bones_quarantine/raw_data__fracture_dataset__train__not fractured__69-rotated1-rotated1-rotated1 (1).jpg,"not radius, ulna, or humerus"
./raw_data/fracture_dataset/train/not fractured/22-rotated2-rotated1-rotated1-rotated1.jpg,outputs/removed_other_bones_quarantine/raw_data__fracture_dataset__train__not fractured__22-rotated2-rotated1-rotated1-rotated1.jpg,"not radius, ulna, or humerus"
./raw_data/fracture_dataset/train/not fractured/67-rotated2-rotated1.jpg,outputs/removed_other_bones_quarantine/raw_data__fracture_dataset__train__not fractured__67-rotated2-rotated1.jpg,"not radius, ulna, or humerus"
./raw_data/fracture_dataset/train/not fractured/14.jpg,outputs/removed_other_bones_quarantine/raw_data__fracture_dataset__train__not fractured__14.jpg,"not radius, ulna, or humerus"
./raw_data/fracture_dataset/train/not fractured/66-rotated3-rotated3-rotated3.jpg,outputs/removed_other_bones_quarantine/raw_data__fracture_dataset__train__not fractured__66-rotated3-rotated3-rotated3.jpg,"not radius, ulna, or humerus"
./raw_data/fracture_dataset/train/not fractured/35-rotated1-rotated1-rotated3.jpg,outputs/removed_other_bones_quarantine/raw_data__fracture_dataset__train__not fractured__35-rotated1-rotated1-rotated3.jpg,"not radius, ulna, or humerus"
./raw_data/fracture_dataset/train/not fractured/5-rotated2-rotated2-rotated3.jpg,outputs/removed_other_bones_quarantine/raw_data__fracture_dataset__train__not fractured__5-rotated2-rotated2-rotated3.jpg,"not radius, ulna, or humerus"
./raw_data/fracture_dataset/train/not fractured/27-rotated3-rotated1-rotated3-rotated1.jpg,outputs/removed_other_bones_quarantine/raw_data__fracture_dataset__train__not fractured__27-rotated3-rotated1-rotated3-rotated1.jpg,"not radius, ulna, or humerus"
./raw_data/fracture_dataset/train/not fractured/13-rotated2-rotated2-rotated2-rotated1 (1).jpg,outputs/removed_other_bones_quarantine/raw_data__fracture_dataset__train__not fractured__13-rotated2-rotated2-rotated2-rotated1 (1).jpg,"not radius, ulna, or humerus"
./raw_data/fracture_dataset/train/not fractured/59-rotated2-rotated3-rotated2-rotated1 (1).jpg,outputs/removed_other_bones_quarantine/raw_data__fracture_dataset__train__not fractured__59-rotated2-rotated3-rotated2-rotated1 (1).jpg,"not radius, ulna, or humerus"
./raw_data/fracture_dataset/train/not fractured/23-rotated2 (1).jpg,outputs/removed_other_bones_quarantine/raw_data__fracture_dataset__train__not fractured__23-rotated2 (1).jpg,"not radius, ulna, or humerus"
./raw_data/fracture_dataset/train/not fractured/41-rotated3-rotated1-rotated1-rotated1 (1).jpg,outputs/removed_other_bones_quarantine/raw_data__fracture_dataset__train__not fractured__41-rotated3-rotated1-rotated1-rotated1 (1).jpg,"not radius, ulna, or humerus"
./raw_data/fracture_dataset/train/not fractured/15-rotated3-rotated2-rotated3 (1).jpg,outputs/removed_other_bones_quarantine/raw_data__fracture_dataset__train__not fractured__15-rotated3-rotated2-rotated3 (1).jpg,"not radius, ulna, or humerus"
./raw_data/fracture_dataset/train/not fractured/2-rotated1-rotated1-rotated1-rotated1 (1).jpg,outputs/removed_other_bones_quarantine/raw_data__fracture_dataset__train__not fractured__2-rotated1-rotated1-rotated1-rotated1 (1).jpg,"not radius, ulna, or humerus"
./raw_data/fracture_dataset/train/not fractured/41-rotated2-rotated1.jpg,outputs/removed_other_bones_quarantine/raw_data__fracture_dataset__train__not fractured__41-rotated2-rotated1.jpg,"not radius, ulna, or humerus"
./raw_data/fracture_dataset/train/not fractured/59-rotated3-rotated1-rotated2 (1).jpg,outputs/removed_other_bones_quarantine/raw_data__fracture_dataset__train__not fractured__59-rotated3-rotated1-rotated2 (1).jpg,"not radius, ulna, or humerus"
./raw_data/fracture_dataset/train/not fractured/62-rotated2-rotated1-rotated3 (1).jpg,outputs/removed_other_bones_quarantine/raw_data__fracture_dataset__train__not fractured__62-rotated2-rotated1-rotated3 (1).jpg,"not radius, ulna, or humerus"
./raw_data/fracture_dataset/train/not fractured/61-rotated3-rotated1-rotated2-rotated1.jpg,outputs/removed_other_bones_quarantine/raw_data__fracture_dataset__train__not fractured__61-rotated3-rotated1-rotated2-rotated1.jpg,"not radius, ulna, or humerus"
./raw_data/fracture_dataset/train/not fractured/1-rotated2-rotated1-rotated3.jpg,outputs/removed_other_bones_quarantine/raw_data__fracture_dataset__train__not fractured__1-rotated2-rotated1-rotated3.jpg,"not radius, ulna, or humerus"
./raw_data/fracture_dataset/train/not fractured/50-rotated1 (1).jpg,outputs/removed_other_bones_quarantine/raw_data__fracture_dataset__train__not fractured__50-rotated1 (1).jpg,"not radius, ulna, or humerus"
./raw_data/fracture_dataset/train/not fractured/63-rotated1-rotated1-rotated2 (1).jpg,outputs/removed_other_bones_quarantine/raw_data__fracture_dataset__train__not fractured__63-rotated1-rotated1-rotated2 (1).jpg,"not radius, ulna, or humerus"
./raw_data/fracture_dataset/train/not fractured/25-rotated3-rotated3-rotated1-rotated1.jpg,outputs/removed_other_bones_quarantine/raw_data__fracture_dataset__train__not fractured__25-rotated3-rotated3-rotated1-rotated1.jpg,"not radius, ulna, or humerus"
./raw_data/fracture_dataset/train/not fractured/62-rotated3-rotated1-rotated1-rotated1 (1).jpg,outputs/removed_other_bones_quarantine/raw_data__fracture_dataset__train__not fractured__62-rotated3-rotated1-rotated1-rotated1 (1).jpg,"not radius, ulna, or humerus"
./raw_data/fracture_dataset/train/not fractured/33-rotated2-rotated2-rotated1-rotated1 (1).jpg,outputs/removed_other_bones_quarantine/raw_data__fracture_dataset__train__not fractured__33-rotated2-rotated2-rotated1-rotated1 (1).jpg,"not radius, ulna, or humerus"
./raw_data/fracture_dataset/train/not fractured/35-rotated2-rotated1-rotated3-rotated1.jpg,outputs/removed_other_bones_quarantine/raw_data__fracture_dataset__train__not fractured__35-rotated2-rotated1-rotated3-rotated1.jpg,"not radius, ulna, or humerus"
./raw_data/fracture_dataset/train/not fractured/2-rotated3-rotated3-rotated2-rotated1.jpg,outputs/removed_other_bones_quarantine/raw_data__fracture_dataset__train__not fractured__2-rotated3-rotated3-rotated2-rotated1.jpg,"not radius, ulna, or humerus"
./raw_data/fracture_dataset/train/not fractured/21-rotated1-rotated1-rotated2-rotated1.jpg,outputs/removed_other_bones_quarantine/raw_data__fracture_dataset__train__not fractured__21-rotated1-rotated1-rotated2-rotated1.jpg,"not radius, ulna, or humerus"
./raw_data/fracture_dataset/train/not fractured/52-rotated3-rotated1-rotated1-rotated1.jpg,outputs/removed_other_bones_quarantine/raw_data__fracture_dataset__train__not fractured__52-rotated3-rotated1-rotated1-rotated1.jpg,"not radius, ulna, or humerus"
./raw_data/fracture_dataset/train/not fractured/65-rotated2-rotated1-rotated3-rotated1.jpg,outputs/removed_other_bones_quarantine/raw_data__fracture_dataset__train__not fractured__65-rotated2-rotated1-rotated3-rotated1.jpg,"not radius, ulna, or humerus"
./raw_data/fracture_dataset/train/not fractured/9-rotated2-rotated1-rotated3 (1).jpg,outputs/removed_other_bones_quarantine/raw_data__fracture_dataset__train__not fractured__9-rotated2-rotated1-rotated3 (1).jpg,"not radius, ulna, or humerus"
./raw_data/fracture_dataset/train/not fractured/10-rotated3-rotated1-rotated3.jpg,outputs/removed_other_bones_quarantine/raw_data__fracture_dataset__train__not fractured__10-rotated3-rotated1-rotated3.jpg,"not radius, ulna, or humerus"
./raw_data/fracture_dataset/train/not fractured/57-rotated1-rotated2-rotated3-rotated1 (1).jpg,outputs/removed_other_bones_quarantine/raw_data__fracture_dataset__train__not fractured__57-rotated1-rotated2-rotated3-rotated1 (1).jpg,"not radius, ulna, or humerus"
./raw_data/fracture_dataset/train/not fractured/55-rotated2-rotated3-rotated1-rotated1.jpg,outputs/removed_other_bones_quarantine/raw_data__fracture_dataset__train__not fractured__55-rotated2-rotated3-rotated1-rotated1.jpg,"not radius, ulna, or humerus"
./raw_data/fracture_dataset/train/not fractured/22-rotated2-rotated2-rotated3 (1).jpg,outputs/removed_other_bones_quarantine/raw_data__fracture_dataset__train__not fractured__22-rotated2-rotated2-rotated3 (1).jpg,"not radius, ulna, or humerus"
./raw_data/fracture_dataset/train/not fractured/57-rotated1-rotated1-rotated1-rotated1.jpg,outputs/removed_other_bones_quarantine/raw_data__fracture_dataset__train__not fractured__57-rotated1-rotated1-rotated1-rotated1.jpg,"not radius, ulna, or humerus"
./raw_data/fracture_dataset/train/not fractured/10-rotated3-rotated1-rotated3-rotated1.jpg,outputs/removed_other_bones_quarantine/raw_data__fracture_dataset__train__not fractured__10-rotated3-rotated1-rotated3-rotated1.jpg,"not radius, ulna, or humerus"
./raw_data/fracture_dataset/train/not fractured/45-rotated2-rotated3-rotated2.jpg,outputs/removed_other_bones_quarantine/raw_data__fracture_dataset__train__not fractured__45-rotated2-rotated3-rotated2.jpg,"not radius, ulna, or humerus"
./raw_data/fracture_dataset/train/not fractured/16-rotated3-rotated1-rotated3 (1).jpg,outputs/removed_other_bones_quarantine/raw_data__fracture_dataset__train__not fractured__16-rotated3-rotated1-rotated3 (1).jpg,"not radius, ulna, or humerus"
./raw_data/fracture_dataset/train/not fractured/41-rotated3-rotated2.jpg,outputs/removed_other_bones_quarantine/raw_data__fracture_dataset__train__not fractured__41-rotated3-rotated2.jpg,"not radius, ulna, or humerus"
./raw_data/fracture_dataset/train/not fractured/53-rotated1.jpg,outputs/removed_other_bones_quarantine/raw_data__fracture_dataset__train__not fractured__53-rotated1.jpg,"not radius, ulna, or humerus"
./raw_data/fracture_dataset/train/not fractured/62-rotated1-rotated2 (1).jpg,outputs/removed_other_bones_quarantine/raw_data__fracture_dataset__train__not fractured__62-rotated1-rotated2 (1).jpg,"not radius, ulna, or humerus"
./raw_data/fracture_dataset/train/not fractured/4 (2).jpg,outputs/removed_other_bones_quarantine/raw_data__fracture_dataset__train__not fractured__4 (2).jpg,"not radius, ulna, or humerus"
./raw_data/fracture_dataset/train/not fractured/22-rotated3-rotated1-rotated1-rotated1 (1).jpg,outputs/removed_other_bones_quarantine/raw_data__fracture_dataset__train__not fractured__22-rotated3-rotated1-rotated1-rotated1 (1).jpg,"not radius, ulna, or humerus"
./raw_data/fracture_dataset/train/not fractured/66-rotated2-rotated3 (1).jpg,outputs/removed_other_bones_quarantine/raw_data__fracture_dataset__train__not fractured__66-rotated2-rotated3 (1).jpg,"not radius, ulna, or humerus"
./raw_data/fracture_dataset/train/not fractured/3-rotated1-rotated1-rotated1 (2).jpg,outputs/removed_other_bones_quarantine/raw_data__fracture_dataset__train__not fractured__3-rotated1-rotated1-rotated1 (2).jpg,"not radius, ulna, or humerus"
./raw_data/fracture_dataset/train/not fractured/28-rotated3-rotated1-rotated2-rotated1.jpg,outputs/removed_other_bones_quarantine/raw_data__fracture_dataset__train__not fractured__28-rotated3-rotated1-rotated2-rotated1.jpg,"not radius, ulna, or humerus"
./raw_data/fracture_dataset/train/not fractured/31-rotated1-rotated1-rotated2-rotated1 (1).jpg,outputs/removed_other_bones_quarantine/raw_data__fracture_dataset__train__not fractured__31-rotated1-rotated1-rotated2-rotated1 (1).jpg,"not radius, ulna, or humerus"
./raw_data/fracture_dataset/train/not fractured/70-rotated2 (1).jpg,outputs/removed_other_bones_quarantine/raw_data__fracture_dataset__train__not fractured__70-rotated2 (1).jpg,"not radius, ulna, or humerus"
./raw_data/fracture_dataset/train/not fractured/47-rotated2-rotated1-rotated1-rotated1.jpg,outputs/removed_other_bones_quarantine/raw_data__fracture_dataset__train__not fractured__47-rotated2-rotated1-rotated1-rotated1.jpg,"not radius, ulna, or humerus"
./raw_data/fracture_dataset/train/not fractured/12-rotated2-rotated2-rotated1 (1).jpg,outputs/removed_other_bones_quarantine/raw_data__fracture_dataset__train__not fractured__12-rotated2-rotated2-rotated1 (1).jpg,"not radius, ulna, or humerus"
./raw_data/fracture_dataset/train/not fractured/42-rotated3-rotated3-rotated1-rotated1 (1).jpg,outputs/removed_other_bones_quarantine/raw_data__fracture_dataset__train__not fractured__42-rotated3-rotated3-rotated1-rotated1 (1).jpg,"not radius, ulna, or humerus"
./raw_data/fracture_dataset/train/not fractured/13-rotated3-rotated3-rotated3.jpg,outputs/removed_other_bones_quarantine/raw_data__fracture_dataset__train__not fractured__13-rotated3-rotated3-rotated3.jpg,"not radius, ulna, or humerus"
./raw_data/fracture_dataset/train/not fractured/56-rotated3-rotated2-rotated3-rotated1.jpg,outputs/removed_other_bones_quarantine/raw_data__fracture_dataset__train__not fractured__56-rotated3-rotated2-rotated3-rotated1.jpg,"not radius, ulna, or humerus"
./raw_data/fracture_dataset/train/not fractured/38-rotated3-rotated2-rotated1.jpg,outputs/removed_other_bones_quarantine/raw_data__fracture_dataset__train__not fractured__38-rotated3-rotated2-rotated1.jpg,"not radius, ulna, or humerus"
./raw_data/fracture_dataset/train/not fractured/12-rotated1-rotated2-rotated3-rotated1.jpg,outputs/removed_other_bones_quarantine/raw_data__fracture_dataset__train__not fractured__12-rotated1-rotated2-rotated3-rotated1.jpg,"not radius, ulna, or humerus"
./raw_data/fracture_dataset/train/not fractured/59-rotated1-rotated3-rotated1.jpg,outputs/removed_other_bones_quarantine/raw_data__fracture_dataset__train__not fractured__59-rotated1-rotated3-rotated1.jpg,"not radius, ulna, or humerus"
./raw_data/fracture_dataset/train/not fractured/52-rotated1-rotated2-rotated1 (1).jpg,outputs/removed_other_bones_quarantine/raw_data__fracture_dataset__train__not fractured__52-rotated1-rotated2-rotated1 (1).jpg,"not radius, ulna, or humerus"
./raw_data/fracture_dataset/train/not fractured/3-rotated2-rotated1-rotated2.jpg,outputs/removed_other_bones_quarantine/raw_data__fracture_dataset__train__not fractured__3-rotated2-rotated1-rotated2.jpg,"not radius, ulna, or humerus"
./raw_data/fracture_dataset/train/not fractured/24-rotated1-rotated1.jpg,outputs/removed_other_bones_quarantine/raw_data__fracture_dataset__train__not fractured__24-rotated1-rotated1.jpg,"not radius, ulna, or humerus"
./raw_data/fracture_dataset/train/not fractured/33-rotated3-rotated1-rotated2.jpg,outputs/removed_other_bones_quarantine/raw_data__fracture_dataset__train__not fractured__33-rotated3-rotated1-rotated2.jpg,"not radius, ulna, or humerus"
./raw_data/fracture_dataset/train/not fractured/61-rotated2-rotated2-rotated3-rotated1 (1).jpg,outputs/removed_other_bones_quarantine/raw_data__fracture_dataset__train__not fractured__61-rotated2-rotated2-rotated3-rotated1 (1).jpg,"not radius, ulna, or humerus"
./raw_data/fracture_dataset/train/not fractured/38-rotated1-rotated1-rotated2.jpg,outputs/removed_other_bones_quarantine/raw_data__fracture_dataset__train__not fractured__38-rotated1-rotated1-rotated2.jpg,"not radius, ulna, or humerus"
./raw_data/fracture_dataset/train/not fractured/54-rotated1-rotated3-rotated1.jpg,outputs/removed_other_bones_quarantine/raw_data__fracture_dataset__train__not fractured__54-rotated1-rotated3-rotated1.jpg,"not radius, ulna, or humerus"
./raw_data/fracture_dataset/train/not fractured/9-rotated3-rotated2-rotated3-rotated1 (1).jpg,outputs/removed_other_bones_quarantine/raw_data__fracture_dataset__train__not fractured__9-rotated3-rotated2-rotated3-rotated1 (1).jpg,"not radius, ulna, or humerus"
./raw_data/fracture_dataset/train/not fractured/2-rotated2-rotated2-rotated1 (2).jpg,outputs/removed_other_bones_quarantine/raw_data__fracture_dataset__train__not fractured__2-rotated2-rotated2-rotated1 (2).jpg,"not radius, ulna, or humerus"
./raw_data/fracture_dataset/train/not fractured/68-rotated3-rotated3-rotated3 (1).jpg,outputs/removed_other_bones_quarantine/raw_data__fracture_dataset__train__not fractured__68-rotated3-rotated3-rotated3 (1).jpg,"not radius, ulna, or humerus"
./raw_data/fracture_dataset/train/not fractured/51-rotated2-rotated2-rotated2-rotated1 (1).jpg,outputs/removed_other_bones_quarantine/raw_data__fracture_dataset__train__not fractured__51-rotated2-rotated2-rotated2-rotated1 (1).jpg,"not radius, ulna, or humerus"
./raw_data/fracture_dataset/train/not fractured/20-rotated2-rotated1-rotated3 (1).jpg,outputs/removed_other_bones_quarantine/raw_data__fracture_dataset__train__not fractured__20-rotated2-rotated1-rotated3 (1).jpg,"not radius, ulna, or humerus"
./raw_data/fracture_dataset/train/not fractured/10-rotated2-rotated2-rotated1 (1).jpg,outputs/removed_other_bones_quarantine/raw_data__fracture_dataset__train__not fractured__10-rotated2-rotated2-rotated1 (1).jpg,"not radius, ulna, or humerus"
./raw_data/fracture_dataset/train/not fractured/67-rotated3-rotated3-rotated2 (1).jpg,outputs/removed_other_bones_quarantine/raw_data__fracture_dataset__train__not fractured__67-rotated3-rotated3-rotated2 (1).jpg,"not radius, ulna, or humerus"
./raw_data/fracture_dataset/train/not fractured/67-rotated3-rotated1-rotated1-rotated1.jpg,outputs/removed_other_bones_quarantine/raw_data__fracture_dataset__train__not fractured__67-rotated3-rotated1-rotated1-rotated1.jpg,"not radius, ulna, or humerus"
./raw_data/fracture_dataset/train/not fractured/56-rotated1-rotated3-rotated2-rotated1 (1).jpg,outputs/removed_other_bones_quarantine/raw_data__fracture_dataset__train__not fractured__56-rotated1-rotated3-rotated2-rotated1 (1).jpg,"not radius, ulna, or humerus"
./raw_data/fracture_dataset/train/not fractured/19-rotated2-rotated3 (1).jpg,outputs/removed_other_bones_quarantine/raw_data__fracture_dataset__train__not fractured__19-rotated2-rotated3 (1).jpg,"not radius, ulna, or humerus"
./raw_data/fracture_dataset/train/not fractured/37-rotated2 (1).jpg,outputs/removed_other_bones_quarantine/raw_data__fracture_dataset__train__not fractured__37-rotated2 (1).jpg,"not radius, ulna, or humerus"
./raw_data/fracture_dataset/train/not fractured/66-rotated3-rotated3-rotated1-rotated1 (1).jpg,outputs/removed_other_bones_quarantine/raw_data__fracture_dataset__train__not fractured__66-rotated3-rotated3-rotated1-rotated1 (1).jpg,"not radius, ulna, or humerus"
./raw_data/fracture_dataset/train/not fractured/16-rotated2-rotated1.jpg,outputs/removed_other_bones_quarantine/raw_data__fracture_dataset__train__not fractured__16-rotated2-rotated1.jpg,"not radius, ulna, or humerus"
./raw_data/fracture_dataset/train/not fractured/12-rotated1-rotated3 (1).jpg,outputs/removed_other_bones_quarantine/raw_data__fracture_dataset__train__not fractured__12-rotated1-rotated3 (1).jpg,"not radius, ulna, or humerus"
./raw_data/fracture_dataset/train/not fractured/9-rotated2-rotated2-rotated3-rotated1.jpg,outputs/removed_other_bones_quarantine/raw_data__fracture_dataset__train__not fractured__9-rotated2-rotated2-rotated3-rotated1.jpg,"not radius, ulna, or humerus"
./raw_data/fracture_dataset/train/not fractured/6-rotated2-rotated2 (1).jpg,outputs/removed_other_bones_quarantine/raw_data__fracture_dataset__train__not fractured__6-rotated2-rotated2 (1).jpg,"not radius, ulna, or humerus"
./raw_data/fracture_dataset/train/not fractured/48-rotated1-rotated3-rotated1-rotated1 (1).jpg,outputs/removed_other_bones_quarantine/raw_data__fracture_dataset__train__not fractured__48-rotated1-rotated3-rotated1-rotated1 (1).jpg,"not radius, ulna, or humerus"
./raw_data/fracture_dataset/train/not fractured/49-rotated1-rotated1-rotated1-rotated1 (1).jpg,outputs/removed_other_bones_quarantine/raw_data__fracture_dataset__train__not fractured__49-rotated1-rotated1-rotated1-rotated1 (1).jpg,"not radius, ulna, or humerus"
./raw_data/fracture_dataset/train/not fractured/69-rotated2-rotated1-rotated2.jpg,outputs/removed_other_bones_quarantine/raw_data__fracture_dataset__train__not fractured__69-rotated2-rotated1-rotated2.jpg,"not radius, ulna, or humerus"
./raw_data/fracture_dataset/train/not fractured/63-rotated3-rotated2-rotated1-rotated1 (1).jpg,outputs/removed_other_bones_quarantine/raw_data__fracture_dataset__train__not fractured__63-rotated3-rotated2-rotated1-rotated1 (1).jpg,"not radius, ulna, or humerus"
./raw_data/fracture_dataset/train/not fractured/5-rotated2-rotated2.jpg,outputs/removed_other_bones_quarantine/raw_data__fracture_dataset__train__not fractured__5-rotated2-rotated2.jpg,"not radius, ulna, or humerus"
./raw_data/fracture_dataset/train/not fractured/60-rotated1-rotated3-rotated1.jpg,outputs/removed_other_bones_quarantine/raw_data__fracture_dataset__train__not fractured__60-rotated1-rotated3-rotated1.jpg,"not radius, ulna, or humerus"
./raw_data/fracture_dataset/train/not fractured/50-rotated3-rotated2-rotated2-rotated1 (1).jpg,outputs/removed_other_bones_quarantine/raw_data__fracture_dataset__train__not fractured__50-rotated3-rotated2-rotated2-rotated1 (1).jpg,"not radius, ulna, or humerus"
./raw_data/fracture_dataset/train/not fractured/50-rotated2 (1).jpg,outputs/removed_other_bones_quarantine/raw_data__fracture_dataset__train__not fractured__50-rotated2 (1).jpg,"not radius, ulna, or humerus"
./raw_data/fracture_dataset/train/not fractured/40-rotated2-rotated2-rotated2 (1).jpg,outputs/removed_other_bones_quarantine/raw_data__fracture_dataset__train__not fractured__40-rotated2-rotated2-rotated2 (1).jpg,"not radius, ulna, or humerus"
./raw_data/fracture_dataset/train/not fractured/39-rotated3-rotated1-rotated2 (1).jpg,outputs/removed_other_bones_quarantine/raw_data__fracture_dataset__train__not fractured__39-rotated3-rotated1-rotated2 (1).jpg,"not radius, ulna, or humerus"
./raw_data/fracture_dataset/train/not fractured/31-rotated1-rotated3-rotated2 (1).jpg,outputs/removed_other_bones_quarantine/raw_data__fracture_dataset__train__not fractured__31-rotated1-rotated3-rotated2 (1).jpg,"not radius, ulna, or humerus"
./raw_data/fracture_dataset/train/not fractured/19-rotated1-rotated1-rotated2.jpg,outputs/removed_other_bones_quarantine/raw_data__fracture_dataset__train__not fractured__19-rotated1-rotated1-rotated2.jpg,"not radius, ulna, or humerus"
./raw_data/fracture_dataset/train/not fractured/55-rotated2-rotated1-rotated1.jpg,outputs/removed_other_bones_quarantine/raw_data__fracture_dataset__train__not fractured__55-rotated2-rotated1-rotated1.jpg,"not radius, ulna, or humerus"
./raw_data/fracture_dataset/train/not fractured/15-rotated2-rotated1-rotated3-rotated1 (1).jpg,outputs/removed_other_bones_quarantine/raw_data__fracture_dataset__train__not fractured__15-rotated2-rotated1-rotated3-rotated1 (1).jpg,"not radius, ulna, or humerus"
./raw_data/fracture_dataset/train/not fractured/47-rotated2-rotated1-rotated1.jpg,outputs/removed_other_bones_quarantine/raw_data__fracture_dataset__train__not fractured__47-rotated2-rotated1-rotated1.jpg,"not radius, ulna, or humerus"
./raw_data/fracture_dataset/train/not fractured/7-rotated2-rotated3-rotated3 (2).jpg,outputs/removed_other_bones_quarantine/raw_data__fracture_dataset__train__not fractured__7-rotated2-rotated3-rotated3 (2).jpg,"not radius, ulna, or humerus"
./raw_data/fracture_dataset/train/not fractured/28-rotated2-rotated2 (1).jpg,outputs/removed_other_bones_quarantine/raw_data__fracture_dataset__train__not fractured__28-rotated2-rotated2 (1).jpg,"not radius, ulna, or humerus"
./raw_data/fracture_dataset/train/not fractured/20-rotated3-rotated1.jpg,outputs/removed_other_bones_quarantine/raw_data__fracture_dataset__train__not fractured__20-rotated3-rotated1.jpg,"not radius, ulna, or humerus"
./raw_data/fracture_dataset/train/not fractured/35-rotated3-rotated1-rotated2 (1).jpg,outputs/removed_other_bones_quarantine/raw_data__fracture_dataset__train__not fractured__35-rotated3-rotated1-rotated2 (1).jpg,"not radius, ulna, or humerus"
./raw_data/fracture_dataset/train/not fractured/40-rotated3-rotated2-rotated1-rotated1 (1).jpg,outputs/removed_other_bones_quarantine/raw_data__fracture_dataset__train__not fractured__40-rotated3-rotated2-rotated1-rotated1 (1).jpg,"not radius, ulna, or humerus"
./raw_data/fracture_dataset/train/not fractured/66-rotated1-rotated2-rotated3-rotated1.jpg,outputs/removed_other_bones_quarantine/raw_data__fracture_dataset__train__not fractured__66-rotated1-rotated2-rotated3-rotated1.jpg,"not radius, ulna, or humerus"
./raw_data/fracture_dataset/train/not fractured/70-rotated1-rotated3-rotated2-rotated1 (1).jpg,outputs/removed_other_bones_quarantine/raw_data__fracture_dataset__train__not fractured__70-rotated1-rotated3-rotated2-rotated1 (1).jpg,"not radius, ulna, or humerus"
./raw_data/fracture_dataset/train/not fractured/26-rotated3-rotated3-rotated3 (1).jpg,outputs/removed_other_bones_quarantine/raw_data__fracture_dataset__train__not fractured__26-rotated3-rotated3-rotated3 (1).jpg,"not radius, ulna, or humerus"
./raw_data/fracture_dataset/train/not fractured/40-rotated1-rotated1-rotated2.jpg,outputs/removed_other_bones_quarantine/raw_data__fracture_dataset__train__not fractured__40-rotated1-rotated1-rotated2.jpg,"not radius, ulna, or humerus"
./raw_data/fracture_dataset/train/not fractured/13-rotated3-rotated1-rotated1-rotated1.jpg,outputs/removed_other_bones_quarantine/raw_data__fracture_dataset__train__not fractured__13-rotated3-rotated1-rotated1-rotated1.jpg,"not radius, ulna, or humerus"
./raw_data/fracture_dataset/train/not fractured/18-rotated1-rotated2-rotated2 (1).jpg,outputs/removed_other_bones_quarantine/raw_data__fracture_dataset__train__not fractured__18-rotated1-rotated2-rotated2 (1).jpg,"not radius, ulna, or humerus"
./raw_data/fracture_dataset/train/not fractured/69-rotated2-rotated3.jpg,outputs/removed_other_bones_quarantine/raw_data__fracture_dataset__train__not fractured__69-rotated2-rotated3.jpg,"not radius, ulna, or humerus"
./raw_data/fracture_dataset/train/not fractured/61-rotated1-rotated2-rotated2-rotated1 (1).jpg,outputs/removed_other_bones_quarantine/raw_data__fracture_dataset__train__not fractured__61-rotated1-rotated2-rotated2-rotated1 (1).jpg,"not radius, ulna, or humerus"
./raw_data/fracture_dataset/train/not fractured/45-rotated3-rotated2-rotated3-rotated1.jpg,outputs/removed_other_bones_quarantine/raw_data__fracture_dataset__train__not fractured__45-rotated3-rotated2-rotated3-rotated1.jpg,"not radius, ulna, or humerus"
./raw_data/fracture_dataset/train/not fractured/25-rotated1-rotated3-rotated2.jpg,outputs/removed_other_bones_quarantine/raw_data__fracture_dataset__train__not fractured__25-rotated1-rotated3-rotated2.jpg,"not radius, ulna, or humerus"
./raw_data/fracture_dataset/train/not fractured/28-rotated3-rotated1.jpg,outputs/removed_other_bones_quarantine/raw_data__fracture_dataset__train__not fractured__28-rotated3-rotated1.jpg,"not radius, ulna, or humerus"
./raw_data/fracture_dataset/train/not fractured/66-rotated1-rotated3-rotated1-rotated1.jpg,outputs/removed_other_bones_quarantine/raw_data__fracture_dataset__train__not fractured__66-rotated1-rotated3-rotated1-rotated1.jpg,"not radius, ulna, or humerus"
./raw_data/fracture_dataset/train/not fractured/38-rotated3-rotated2-rotated1-rotated1.jpg,outputs/removed_other_bones_quarantine/raw_data__fracture_dataset__train__not fractured__38-rotated3-rotated2-rotated1-rotated1.jpg,"not radius, ulna, or humerus"
./raw_data/fracture_dataset/train/not fractured/15-rotated1-rotated3-rotated3 (1).jpg,outputs/removed_other_bones_quarantine/raw_data__fracture_dataset__train__not fractured__15-rotated1-rotated3-rotated3 (1).jpg,"not radius, ulna, or humerus"
./raw_data/fracture_dataset/train/not fractured/2-rotated2-rotated2-rotated2-rotated1 (1).jpg,outputs/removed_other_bones_quarantine/raw_data__fracture_dataset__train__not fractured__2-rotated2-rotated2-rotated2-rotated1 (1).jpg,"not radius, ulna, or humerus"
./raw_data/fracture_dataset/train/not fractured/13-rotated1-rotated2-rotated3-rotated1.jpg,outputs/removed_other_bones_quarantine/raw_data__fracture_dataset__train__not fractured__13-rotated1-rotated2-rotated3-rotated1.jpg,"not radius, ulna, or humerus"
./raw_data/fracture_dataset/train/not fractured/4-rotated1-rotated3-rotated2.jpg,outputs/removed_other_bones_quarantine/raw_data__fracture_dataset__train__not fractured__4-rotated1-rotated3-rotated2.jpg,"not radius, ulna, or humerus"
./raw_data/fracture_dataset/train/not fractured/60-rotated1-rotated1-rotated2 (1).jpg,outputs/removed_other_bones_quarantine/raw_data__fracture_dataset__train__not fractured__60-rotated1-rotated1-rotated2 (1).jpg,"not radius, ulna, or humerus"
./raw_data/fracture_dataset/train/not fractured/67-rotated1-rotated2-rotated2.jpg,outputs/removed_other_bones_quarantine/raw_data__fracture_dataset__train__not fractured__67-rotated1-rotated2-rotated2.jpg,"not radius, ulna, or humerus"
./raw_data/fracture_dataset/train/not fractured/8-rotated1-rotated3-rotated1 (2).jpg,outputs/removed_other_bones_quarantine/raw_data__fracture_dataset__train__not fractured__8-rotated1-rotated3-rotated1 (2).jpg,"not radius, ulna, or humerus"
./raw_data/fracture_dataset/train/not fractured/13-rotated2-rotated2-rotated3-rotated1.jpg,outputs/removed_other_bones_quarantine/raw_data__fracture_dataset__train__not fractured__13-rotated2-rotated2-rotated3-rotated1.jpg,"not radius, ulna, or humerus"
./raw_data/fracture_dataset/train/not fractured/39-rotated3-rotated1-rotated1 (1).jpg,outputs/removed_other_bones_quarantine/raw_data__fracture_dataset__train__not fractured__39-rotated3-rotated1-rotated1 (1).jpg,"not radius, ulna, or humerus"
./raw_data/fracture_dataset/train/not fractured/65-rotated1-rotated1-rotated2 (1).jpg,outputs/removed_other_bones_quarantine/raw_data__fracture_dataset__train__not fractured__65-rotated1-rotated1-rotated2 (1).jpg,"not radius, ulna, or humerus"
./raw_data/fracture_dataset/train/not fractured/55-rotated3-rotated3-rotated3 (1).jpg,outputs/removed_other_bones_quarantine/raw_data__fracture_dataset__train__not fractured__55-rotated3-rotated3-rotated3 (1).jpg,"not radius, ulna, or humerus"
./raw_data/fracture_dataset/train/not fractured/IMG0003784.jpg,outputs/removed_other_bones_quarantine/raw_data__fracture_dataset__train__not fractured__IMG0003784.jpg,"not radius, ulna, or humerus"
./raw_data/fracture_dataset/train/not fractured/7-rotated1-rotated3-rotated2-rotated1 (1).jpg,outputs/removed_other_bones_quarantine/raw_data__fracture_dataset__train__not fractured__7-rotated1-rotated3-rotated2-rotated1 (1).jpg,"not radius, ulna, or humerus"
./raw_data/fracture_dataset/train/not fractured/70 (1).jpg,outputs/removed_other_bones_quarantine/raw_data__fracture_dataset__train__not fractured__70 (1).jpg,"not radius, ulna, or humerus"
./raw_data/fracture_dataset/train/not fractured/47-rotated3-rotated1-rotated1-rotated1 (1).jpg,outputs/removed_other_bones_quarantine/raw_data__fracture_dataset__train__not fractured__47-rotated3-rotated1-rotated1-rotated1 (1).jpg,"not radius, ulna, or humerus"
./raw_data/fracture_dataset/train/not fractured/55-rotated1-rotated3-rotated3 (1).jpg,outputs/removed_other_bones_quarantine/raw_data__fracture_dataset__train__not fractured__55-rotated1-rotated3-rotated3 (1).jpg,"not radius, ulna, or humerus"
./raw_data/fracture_dataset/train/not fractured/43-rotated2-rotated1-rotated3-rotated1 (1).jpg,outputs/removed_other_bones_quarantine/raw_data__fracture_dataset__train__not fractured__43-rotated2-rotated1-rotated3-rotated1 (1).jpg,"not radius, ulna, or humerus"
./raw_data/fracture_dataset/train/not fractured/64-rotated2-rotated3.jpg,outputs/removed_other_bones_quarantine/raw_data__fracture_dataset__train__not fractured__64-rotated2-rotated3.jpg,"not radius, ulna, or humerus"
./raw_data/fracture_dataset/train/not fractured/22-rotated2-rotated3-rotated1 (1).jpg,outputs/removed_other_bones_quarantine/raw_data__fracture_dataset__train__not fractured__22-rotated2-rotated3-rotated1 (1).jpg,"not radius, ulna, or humerus"
./raw_data/fracture_dataset/train/not fractured/18-rotated2-rotated3-rotated2-rotated1.jpg,outputs/removed_other_bones_quarantine/raw_data__fracture_dataset__train__not fractured__18-rotated2-rotated3-rotated2-rotated1.jpg,"not radius, ulna, or humerus"
./raw_data/fracture_dataset/train/not fractured/2-rotated3-rotated1-rotated3-rotated1 (1).jpg,outputs/removed_other_bones_quarantine/raw_data__fracture_dataset__train__not fractured__2-rotated3-rotated1-rotated3-rotated1 (1).jpg,"not radius, ulna, or humerus"
./raw_data/fracture_dataset/train/not fractured/50-rotated2-rotated1 (1).jpg,outputs/removed_other_bones_quarantine/raw_data__fracture_dataset__train__not fractured__50-rotated2-rotated1 (1).jpg,"not radius, ulna, or humerus"
./raw_data/fracture_dataset/train/not fractured/30-rotated1-rotated3-rotated3-rotated1 (1).jpg,outputs/removed_other_bones_quarantine/raw_data__fracture_dataset__train__not fractured__30-rotated1-rotated3-rotated3-rotated1 (1).jpg,"not radius, ulna, or humerus"
./raw_data/fracture_dataset/train/not fractured/15-rotated2-rotated3-rotated2-rotated1 (1).jpg,outputs/removed_other_bones_quarantine/raw_data__fracture_dataset__train__not fractured__15-rotated2-rotated3-rotated2-rotated1 (1).jpg,"not radius, ulna, or humerus"
./raw_data/fracture_dataset/train/not fractured/9-rotated1-rotated1 (1).jpg,outputs/removed_other_bones_quarantine/raw_data__fracture_dataset__train__not fractured__9-rotated1-rotated1 (1).jpg,"not radius, ulna, or humerus"
./raw_data/fracture_dataset/train/not fractured/18-rotated3-rotated3-rotated2 (1).jpg,outputs/removed_other_bones_quarantine/raw_data__fracture_dataset__train__not fractured__18-rotated3-rotated3-rotated2 (1).jpg,"not radius, ulna, or humerus"
./raw_data/fracture_dataset/train/not fractured/56-rotated2-rotated3-rotated2-rotated1 (1).jpg,outputs/removed_other_bones_quarantine/raw_data__fracture_dataset__train__not fractured__56-rotated2-rotated3-rotated2-rotated1 (1).jpg,"not radius, ulna, or humerus"
./raw_data/fracture_dataset/train/not fractured/26-rotated3.jpg,outputs/removed_other_bones_quarantine/raw_data__fracture_dataset__train__not fractured__26-rotated3.jpg,"not radius, ulna, or humerus"
./raw_data/fracture_dataset/train/not fractured/65-rotated1-rotated1-rotated2-rotated1.jpg,outputs/removed_other_bones_quarantine/raw_data__fracture_dataset__train__not fractured__65-rotated1-rotated1-rotated2-rotated1.jpg,"not radius, ulna, or humerus"
./raw_data/fracture_dataset/train/not fractured/46-rotated1 (1).jpg,outputs/removed_other_bones_quarantine/raw_data__fracture_dataset__train__not fractured__46-rotated1 (1).jpg,"not radius, ulna, or humerus"
./raw_data/fracture_dataset/train/not fractured/41-rotated1-rotated3.jpg,outputs/removed_other_bones_quarantine/raw_data__fracture_dataset__train__not fractured__41-rotated1-rotated3.jpg,"not radius, ulna, or humerus"
./raw_data/fracture_dataset/train/not fractured/15-rotated1-rotated2.jpg,outputs/removed_other_bones_quarantine/raw_data__fracture_dataset__train__not fractured__15-rotated1-rotated2.jpg,"not radius, ulna, or humerus"
./raw_data/fracture_dataset/train/not fractured/37-rotated2-rotated2-rotated2-rotated1.jpg,outputs/removed_other_bones_quarantine/raw_data__fracture_dataset__train__not fractured__37-rotated2-rotated2-rotated2-rotated1.jpg,"not radius, ulna, or humerus"
./raw_data/fracture_dataset/train/not fractured/54-rotated2-rotated1-rotated2-rotated1.jpg,outputs/removed_other_bones_quarantine/raw_data__fracture_dataset__train__not fractured__54-rotated2-rotated1-rotated2-rotated1.jpg,"not radius, ulna, or humerus"
./raw_data/fracture_dataset/train/not fractured/18-rotated1-rotated1-rotated1-rotated1 (1).jpg,outputs/removed_other_bones_quarantine/raw_data__fracture_dataset__train__not fractured__18-rotated1-rotated1-rotated1-rotated1 (1).jpg,"not radius, ulna, or humerus"
./raw_data/fracture_dataset/train/not fractured/26-rotated1-rotated1.jpg,outputs/removed_other_bones_quarantine/raw_data__fracture_dataset__train__not fractured__26-rotated1-rotated1.jpg,"not radius, ulna, or humerus"
./raw_data/fracture_dataset/train/not fractured/51-rotated2-rotated2-rotated1-rotated1 (1).jpg,outputs/removed_other_bones_quarantine/raw_data__fracture_dataset__train__not fractured__51-rotated2-rotated2-rotated1-rotated1 (1).jpg,"not radius, ulna, or humerus"
./raw_data/fracture_dataset/train/not fractured/15-rotated3-rotated1-rotated3-rotated1.jpg,outputs/removed_other_bones_quarantine/raw_data__fracture_dataset__train__not fractured__15-rotated3-rotated1-rotated3-rotated1.jpg,"not radius, ulna, or humerus"
./raw_data/fracture_dataset/train/not fractured/20-rotated1-rotated1-rotated3-rotated1 (1).jpg,outputs/removed_other_bones_quarantine/raw_data__fracture_dataset__train__not fractured__20-rotated1-rotated1-rotated3-rotated1 (1).jpg,"not radius, ulna, or humerus"
./raw_data/fracture_dataset/train/not fractured/10-rotated1-rotated2-rotated3-rotated1.jpg,outputs/removed_other_bones_quarantine/raw_data__fracture_dataset__train__not fractured__10-rotated1-rotated2-rotated3-rotated1.jpg,"not radius, ulna, or humerus"
./raw_data/fracture_dataset/train/not fractured/17-rotated1-rotated3-rotated2-rotated1 (1).jpg,outputs/removed_other_bones_quarantine/raw_data__fracture_dataset__train__not fractured__17-rotated1-rotated3-rotated2-rotated1 (1).jpg,"not radius, ulna, or humerus"
./raw_data/fracture_dataset/train/not fractured/66-rotated3-rotated2-rotated1.jpg,outputs/removed_other_bones_quarantine/raw_data__fracture_dataset__train__not fractured__66-rotated3-rotated2-rotated1.jpg,"not radius, ulna, or humerus"
./raw_data/fracture_dataset/train/not fractured/59-rotated1-rotated1-rotated1.jpg,outputs/removed_other_bones_quarantine/raw_data__fracture_dataset__train__not fractured__59-rotated1-rotated1-rotated1.jpg,"not radius, ulna, or humerus"
./raw_data/fracture_dataset/train/not fractured/31-rotated3-rotated2-rotated3 (1).jpg,outputs/removed_other_bones_quarantine/raw_data__fracture_dataset__train__not fractured__31-rotated3-rotated2-rotated3 (1).jpg,"not radius, ulna, or humerus"
./raw_data/fracture_dataset/train/not fractured/26-rotated2-rotated3-rotated3-rotated1.jpg,outputs/removed_other_bones_quarantine/raw_data__fracture_dataset__train__not fractured__26-rotated2-rotated3-rotated3-rotated1.jpg,"not radius, ulna, or humerus"
./raw_data/fracture_dataset/train/not fractured/45-rotated3-rotated1-rotated1.jpg,outputs/removed_other_bones_quarantine/raw_data__fracture_dataset__train__not fractured__45-rotated3-rotated1-rotated1.jpg,"not radius, ulna, or humerus"
./raw_data/fracture_dataset/train/not fractured/66-rotated1-rotated1.jpg,outputs/removed_other_bones_quarantine/raw_data__fracture_dataset__train__not fractured__66-rotated1-rotated1.jpg,"not radius, ulna, or humerus"
./raw_data/fracture_dataset/train/not fractured/48-rotated1-rotated3 (1).jpg,outputs/removed_other_bones_quarantine/raw_data__fracture_dataset__train__not fractured__48-rotated1-rotated3 (1).jpg,"not radius, ulna, or humerus"
./raw_data/fracture_dataset/train/not fractured/7-rotated3-rotated3-rotated2-rotated1.jpg,outputs/removed_other_bones_quarantine/raw_data__fracture_dataset__train__not fractured__7-rotated3-rotated3-rotated2-rotated1.jpg,"not radius, ulna, or humerus"
./raw_data/fracture_dataset/train/not fractured/51-rotated3-rotated2-rotated2-rotated1.jpg,outputs/removed_other_bones_quarantine/raw_data__fracture_dataset__train__not fractured__51-rotated3-rotated2-rotated2-rotated1.jpg,"not radius, ulna, or humerus"
./raw_data/fracture_dataset/train/not fractured/51-rotated2-rotated3-rotated1-rotated1 (1).jpg,outputs/removed_other_bones_quarantine/raw_data__fracture_dataset__train__not fractured__51-rotated2-rotated3-rotated1-rotated1 (1).jpg,"not radius, ulna, or humerus"
./raw_data/fracture_dataset/train/not fractured/53-rotated3-rotated3-rotated2.jpg,outputs/removed_other_bones_quarantine/raw_data__fracture_dataset__train__not fractured__53-rotated3-rotated3-rotated2.jpg,"not radius, ulna, or humerus"
./raw_data/fracture_dataset/train/not fractured/34-rotated3-rotated2-rotated3-rotated1.jpg,outputs/removed_other_bones_quarantine/raw_data__fracture_dataset__train__not fractured__34-rotated3-rotated2-rotated3-rotated1.jpg,"not radius, ulna, or humerus"
./raw_data/fracture_dataset/train/not fractured/53-rotated1-rotated2-rotated2.jpg,outputs/removed_other_bones_quarantine/raw_data__fracture_dataset__train__not fractured__53-rotated1-rotated2-rotated2.jpg,"not radius, ulna, or humerus"
./raw_data/fracture_dataset/train/not fractured/32-rotated2-rotated3-rotated2.jpg,outputs/removed_other_bones_quarantine/raw_data__fracture_dataset__train__not fractured__32-rotated2-rotated3-rotated2.jpg,"not radius, ulna, or humerus"
./raw_data/fracture_dataset/train/not fractured/13-rotated1-rotated1 (1).jpg,outputs/removed_other_bones_quarantine/raw_data__fracture_dataset__train__not fractured__13-rotated1-rotated1 (1).jpg,"not radius, ulna, or humerus"
./raw_data/fracture_dataset/train/not fractured/4-rotated1-rotated2 (1).jpg,outputs/removed_other_bones_quarantine/raw_data__fracture_dataset__train__not fractured__4-rotated1-rotated2 (1).jpg,"not radius, ulna, or humerus"
./raw_data/fracture_dataset/train/not fractured/10-rotated1-rotated3-rotated3 (1).jpg,outputs/removed_other_bones_quarantine/raw_data__fracture_dataset__train__not fractured__10-rotated1-rotated3-rotated3 (1).jpg,"not radius, ulna, or humerus"
./raw_data/fracture_dataset/train/not fractured/45-rotated1-rotated3-rotated3-rotated1.jpg,outputs/removed_other_bones_quarantine/raw_data__fracture_dataset__train__not fractured__45-rotated1-rotated3-rotated3-rotated1.jpg,"not radius, ulna, or humerus"
./raw_data/fracture_dataset/train/not fractured/10-rotated3-rotated2-rotated3.jpg,outputs/removed_other_bones_quarantine/raw_data__fracture_dataset__train__not fractured__10-rotated3-rotated2-rotated3.jpg,"not radius, ulna, or humerus"
./raw_data/fracture_dataset/train/not fractured/5-rotated2-rotated1-rotated2 (1).jpg,outputs/removed_other_bones_quarantine/raw_data__fracture_dataset__train__not fractured__5-rotated2-rotated1-rotated2 (1).jpg,"not radius, ulna, or humerus"
./raw_data/fracture_dataset/train/not fractured/69-rotated1-rotated1.jpg,outputs/removed_other_bones_quarantine/raw_data__fracture_dataset__train__not fractured__69-rotated1-rotated1.jpg,"not radius, ulna, or humerus"
./raw_data/fracture_dataset/train/not fractured/64-rotated1-rotated3-rotated2 (1).jpg,outputs/removed_other_bones_quarantine/raw_data__fracture_dataset__train__not fractured__64-rotated1-rotated3-rotated2 (1).jpg,"not radius, ulna, or humerus"
./raw_data/fracture_dataset/train/not fractured/67-rotated1-rotated2-rotated1-rotated1 (1).jpg,outputs/removed_other_bones_quarantine/raw_data__fracture_dataset__train__not fractured__67-rotated1-rotated2-rotated1-rotated1 (1).jpg,"not radius, ulna, or humerus"
./raw_data/fracture_dataset/train/not fractured/56-rotated2.jpg,outputs/removed_other_bones_quarantine/raw_data__fracture_dataset__train__not fractured__56-rotated2.jpg,"not radius, ulna, or humerus"
./raw_data/fracture_dataset/train/not fractured/26-rotated2-rotated3-rotated2 (1).jpg,outputs/removed_other_bones_quarantine/raw_data__fracture_dataset__train__not fractured__26-rotated2-rotated3-rotated2 (1).jpg,"not radius, ulna, or humerus"
./raw_data/fracture_dataset/train/not fractured/34-rotated2-rotated3-rotated2-rotated1.jpg,outputs/removed_other_bones_quarantine/raw_data__fracture_dataset__train__not fractured__34-rotated2-rotated3-rotated2-rotated1.jpg,"not radius, ulna, or humerus"
./raw_data/fracture_dataset/train/not fractured/49-rotated1-rotated3-rotated1.jpg,outputs/removed_other_bones_quarantine/raw_data__fracture_dataset__train__not fractured__49-rotated1-rotated3-rotated1.jpg,"not radius, ulna, or humerus"
./raw_data/fracture_dataset/train/not fractured/17-rotated1-rotated2-rotated1-rotated1 (1).jpg,outputs/removed_other_bones_quarantine/raw_data__fracture_dataset__train__not fractured__17-rotated1-rotated2-rotated1-rotated1 (1).jpg,"not radius, ulna, or humerus"
./raw_data/fracture_dataset/train/not fractured/55-rotated1-rotated2-rotated1 (1).jpg,outputs/removed_other_bones_quarantine/raw_data__fracture_dataset__train__not fractured__55-rotated1-rotated2-rotated1 (1).jpg,"not radius, ulna, or humerus"
./raw_data/fracture_dataset/train/not fractured/14-rotated1-rotated2-rotated2.jpg,outputs/removed_other_bones_quarantine/raw_data__fracture_dataset__train__not fractured__14-rotated1-rotated2-rotated2.jpg,"not radius, ulna, or humerus"
./raw_data/fracture_dataset/train/not fractured/67-rotated3-rotated2-rotated3.jpg,outputs/removed_other_bones_quarantine/raw_data__fracture_dataset__train__not fractured__67-rotated3-rotated2-rotated3.jpg,"not radius, ulna, or humerus"
./raw_data/fracture_dataset/train/not fractured/61-rotated2-rotated3.jpg,outputs/removed_other_bones_quarantine/raw_data__fracture_dataset__train__not fractured__61-rotated2-rotated3.jpg,"not radius, ulna, or humerus"
./raw_data/fracture_dataset/train/not fractured/19-rotated1-rotated3 (1).jpg,outputs/removed_other_bones_quarantine/raw_data__fracture_dataset__train__not fractured__19-rotated1-rotated3 (1).jpg,"not radius, ulna, or humerus"
./raw_data/fracture_dataset/train/not fractured/16-rotated3-rotated3-rotated2.jpg,outputs/removed_other_bones_quarantine/raw_data__fracture_dataset__train__not fractured__16-rotated3-rotated3-rotated2.jpg,"not radius, ulna, or humerus"
./raw_data/fracture_dataset/train/not fractured/23-rotated1-rotated3-rotated2-rotated1 (1).jpg,outputs/removed_other_bones_quarantine/raw_data__fracture_dataset__train__not fractured__23-rotated1-rotated3-rotated2-rotated1 (1).jpg,"not radius, ulna, or humerus"
./raw_data/fracture_dataset/train/not fractured/41-rotated3-rotated1-rotated1.jpg,outputs/removed_other_bones_quarantine/raw_data__fracture_dataset__train__not fractured__41-rotated3-rotated1-rotated1.jpg,"not radius, ulna, or humerus"
./raw_data/fracture_dataset/train/not fractured/22-rotated1-rotated3-rotated3.jpg,outputs/removed_other_bones_quarantine/raw_data__fracture_dataset__train__not fractured__22-rotated1-rotated3-rotated3.jpg,"not radius, ulna, or humerus"
./raw_data/fracture_dataset/train/not fractured/56-rotated2-rotated2-rotated1 (1).jpg,outputs/removed_other_bones_quarantine/raw_data__fracture_dataset__train__not fractured__56-rotated2-rotated2-rotated1 (1).jpg,"not radius, ulna, or humerus"
./raw_data/fracture_dataset/train/not fractured/53-rotated3-rotated3.jpg,outputs/removed_other_bones_quarantine/raw_data__fracture_dataset__train__not fractured__53-rotated3-rotated3.jpg,"not radius, ulna, or humerus"
./raw_data/fracture_dataset/train/not fractured/55-rotated2-rotated3-rotated2 (1).jpg,outputs/removed_other_bones_quarantine/raw_data__fracture_dataset__train__not fractured__55-rotated2-rotated3-rotated2 (1).jpg,"not radius, ulna, or humerus"
./raw_data/fracture_dataset/train/not fractured/66-rotated2.jpg,outputs/removed_other_bones_quarantine/raw_data__fracture_dataset__train__not fractured__66-rotated2.jpg,"not radius, ulna, or humerus"
./raw_data/fracture_dataset/train/not fractured/66-rotated3-rotated3 (1).jpg,outputs/removed_other_bones_quarantine/raw_data__fracture_dataset__train__not fractured__66-rotated3-rotated3 (1).jpg,"not radius, ulna, or humerus"
./raw_data/fracture_dataset/train/not fractured/69-rotated2-rotated3-rotated2.jpg,outputs/removed_other_bones_quarantine/raw_data__fracture_dataset__train__not fractured__69-rotated2-rotated3-rotated2.jpg,"not radius, ulna, or humerus"
./raw_data/fracture_dataset/train/not fractured/30-rotated3-rotated2-rotated1 (1).jpg,outputs/removed_other_bones_quarantine/raw_data__fracture_dataset__train__not fractured__30-rotated3-rotated2-rotated1 (1).jpg,"not radius, ulna, or humerus"
./raw_data/fracture_dataset/train/not fractured/60-rotated2-rotated1.jpg,outputs/removed_other_bones_quarantine/raw_data__fracture_dataset__train__not fractured__60-rotated2-rotated1.jpg,"not radius, ulna, or humerus"
./raw_data/fracture_dataset/train/not fractured/21-rotated1-rotated2-rotated3-rotated1 (1).jpg,outputs/removed_other_bones_quarantine/raw_data__fracture_dataset__train__not fractured__21-rotated1-rotated2-rotated3-rotated1 (1).jpg,"not radius, ulna, or humerus"
./raw_data/fracture_dataset/train/not fractured/41-rotated1-rotated1-rotated1 (1).jpg,outputs/removed_other_bones_quarantine/raw_data__fracture_dataset__train__not fractured__41-rotated1-rotated1-rotated1 (1).jpg,"not radius, ulna, or humerus"
./raw_data/fracture_dataset/train/not fractured/55 (1).jpg,outputs/removed_other_bones_quarantine/raw_data__fracture_dataset__train__not fractured__55 (1).jpg,"not radius, ulna, or humerus"
./raw_data/fracture_dataset/train/not fractured/48-rotated3-rotated3-rotated3-rotated1 (1).jpg,outputs/removed_other_bones_quarantine/raw_data__fracture_dataset__train__not fractured__48-rotated3-rotated3-rotated3-rotated1 (1).jpg,"not radius, ulna, or humerus"
./raw_data/fracture_dataset/train/not fractured/57-rotated2-rotated1-rotated2-rotated1 (1).jpg,outputs/removed_other_bones_quarantine/raw_data__fracture_dataset__train__not fractured__57-rotated2-rotated1-rotated2-rotated1 (1).jpg,"not radius, ulna, or humerus"
./raw_data/fracture_dataset/train/not fractured/8-rotated3 (1).jpg,outputs/removed_other_bones_quarantine/raw_data__fracture_dataset__train__not fractured__8-rotated3 (1).jpg,"not radius, ulna, or humerus"
./raw_data/fracture_dataset/train/not fractured/6-rotated2-rotated1-rotated3 (1).jpg,outputs/removed_other_bones_quarantine/raw_data__fracture_dataset__train__not fractured__6-rotated2-rotated1-rotated3 (1).jpg,"not radius, ulna, or humerus"
./raw_data/fracture_dataset/train/not fractured/54-rotated3-rotated2.jpg,outputs/removed_other_bones_quarantine/raw_data__fracture_dataset__train__not fractured__54-rotated3-rotated2.jpg,"not radius, ulna, or humerus"
./raw_data/fracture_dataset/train/not fractured/69-rotated1-rotated3-rotated3-rotated1.jpg,outputs/removed_other_bones_quarantine/raw_data__fracture_dataset__train__not fractured__69-rotated1-rotated3-rotated3-rotated1.jpg,"not radius, ulna, or humerus"
./raw_data/fracture_dataset/train/not fractured/54-rotated3-rotated2-rotated1 (1).jpg,outputs/removed_other_bones_quarantine/raw_data__fracture_dataset__train__not fractured__54-rotated3-rotated2-rotated1 (1).jpg,"not radius, ulna, or humerus"
./raw_data/fracture_dataset/train/not fractured/19-rotated1-rotated2-rotated3-rotated1.jpg,outputs/removed_other_bones_quarantine/raw_data__fracture_dataset__train__not fractured__19-rotated1-rotated2-rotated3-rotated1.jpg,"not radius, ulna, or humerus"
./raw_data/fracture_dataset/train/not fractured/20-rotated1-rotated3 (1).jpg,outputs/removed_other_bones_quarantine/raw_data__fracture_dataset__train__not fractured__20-rotated1-rotated3 (1).jpg,"not radius, ulna, or humerus"
./raw_data/fracture_dataset/train/not fractured/33-rotated1-rotated1-rotated1.jpg,outputs/removed_other_bones_quarantine/raw_data__fracture_dataset__train__not fractured__33-rotated1-rotated1-rotated1.jpg,"not radius, ulna, or humerus"
./raw_data/fracture_dataset/train/not fractured/31-rotated1-rotated1-rotated2 (1).jpg,outputs/removed_other_bones_quarantine/raw_data__fracture_dataset__train__not fractured__31-rotated1-rotated1-rotated2 (1).jpg,"not radius, ulna, or humerus"
./raw_data/fracture_dataset/train/not fractured/7-rotated1-rotated2-rotated3-rotated1 (1).jpg,outputs/removed_other_bones_quarantine/raw_data__fracture_dataset__train__not fractured__7-rotated1-rotated2-rotated3-rotated1 (1).jpg,"not radius, ulna, or humerus"
./raw_data/fracture_dataset/train/not fractured/20-rotated1-rotated1-rotated1-rotated1 (1).jpg,outputs/removed_other_bones_quarantine/raw_data__fracture_dataset__train__not fractured__20-rotated1-rotated1-rotated1-rotated1 (1).jpg,"not radius, ulna, or humerus"
./raw_data/fracture_dataset/train/not fractured/33-rotated2-rotated1-rotated1-rotated1 (1).jpg,outputs/removed_other_bones_quarantine/raw_data__fracture_dataset__train__not fractured__33-rotated2-rotated1-rotated1-rotated1 (1).jpg,"not radius, ulna, or humerus"
./raw_data/fracture_dataset/train/not fractured/67-rotated2 (1).jpg,outputs/removed_other_bones_quarantine/raw_data__fracture_dataset__train__not fractured__67-rotated2 (1).jpg,"not radius, ulna, or humerus"
./raw_data/fracture_dataset/train/not fractured/IMG0003782.jpg,outputs/removed_other_bones_quarantine/raw_data__fracture_dataset__train__not fractured__IMG0003782.jpg,"not radius, ulna, or humerus"
./raw_data/fracture_dataset/train/not fractured/14-rotated2-rotated3-rotated1-rotated1 (1).jpg,outputs/removed_other_bones_quarantine/raw_data__fracture_dataset__train__not fractured__14-rotated2-rotated3-rotated1-rotated1 (1).jpg,"not radius, ulna, or humerus"
./raw_data/fracture_dataset/train/not fractured/61-rotated1-rotated3-rotated2-rotated1.jpg,outputs/removed_other_bones_quarantine/raw_data__fracture_dataset__train__not fractured__61-rotated1-rotated3-rotated2-rotated1.jpg,"not radius, ulna, or humerus"
./raw_data/fracture_dataset/train/not fractured/14-rotated1 (1).jpg,outputs/removed_other_bones_quarantine/raw_data__fracture_dataset__train__not fractured__14-rotated1 (1).jpg,"not radius, ulna, or humerus"
./raw_data/fracture_dataset/train/not fractured/28-rotated3-rotated3 (1).jpg,outputs/removed_other_bones_quarantine/raw_data__fracture_dataset__train__not fractured__28-rotated3-rotated3 (1).jpg,"not radius, ulna, or humerus"
./raw_data/fracture_dataset/train/not fractured/1-rotated1-rotated2-rotated2 (1).jpg,outputs/removed_other_bones_quarantine/raw_data__fracture_dataset__train__not fractured__1-rotated1-rotated2-rotated2 (1).jpg,"not radius, ulna, or humerus"
./raw_data/fracture_dataset/train/not fractured/40-rotated2-rotated3-rotated3-rotated1 (1).jpg,outputs/removed_other_bones_quarantine/raw_data__fracture_dataset__train__not fractured__40-rotated2-rotated3-rotated3-rotated1 (1).jpg,"not radius, ulna, or humerus"
./raw_data/fracture_dataset/train/not fractured/58-rotated3-rotated3-rotated2-rotated1.jpg,outputs/removed_other_bones_quarantine/raw_data__fracture_dataset__train__not fractured__58-rotated3-rotated3-rotated2-rotated1.jpg,"not radius, ulna, or humerus"
./raw_data/fracture_dataset/train/not fractured/36-rotated3-rotated1-rotated1-rotated1.jpg,outputs/removed_other_bones_quarantine/raw_data__fracture_dataset__train__not fractured__36-rotated3-rotated1-rotated1-rotated1.jpg,"not radius, ulna, or humerus"
./raw_data/fracture_dataset/train/not fractured/25-rotated2-rotated2-rotated2-rotated1 (1).jpg,outputs/removed_other_bones_quarantine/raw_data__fracture_dataset__train__not fractured__25-rotated2-rotated2-rotated2-rotated1 (1).jpg,"not radius, ulna, or humerus"
./raw_data/fracture_dataset/train/not fractured/44-rotated1-rotated1-rotated3-rotated1 (1).jpg,outputs/removed_other_bones_quarantine/raw_data__fracture_dataset__train__not fractured__44-rotated1-rotated1-rotated3-rotated1 (1).jpg,"not radius, ulna, or humerus"
./raw_data/fracture_dataset/train/not fractured/37-rotated2-rotated2-rotated1-rotated1.jpg,outputs/removed_other_bones_quarantine/raw_data__fracture_dataset__train__not fractured__37-rotated2-rotated2-rotated1-rotated1.jpg,"not radius, ulna, or humerus"
./raw_data/fracture_dataset/train/not fractured/14.png,outputs/removed_other_bones_quarantine/raw_data__fracture_dataset__train__not fractured__14.png,"not radius, ulna, or humerus"
./raw_data/fracture_dataset/train/not fractured/9-rotated1-rotated1-rotated2 (1).jpg,outputs/removed_other_bones_quarantine/raw_data__fracture_dataset__train__not fractured__9-rotated1-rotated1-rotated2 (1).jpg,"not radius, ulna, or humerus"
./raw_data/fracture_dataset/train/not fractured/15-rotated2-rotated2-rotated1-rotated1.jpg,outputs/removed_other_bones_quarantine/raw_data__fracture_dataset__train__not fractured__15-rotated2-rotated2-rotated1-rotated1.jpg,"not radius, ulna, or humerus"
./raw_data/fracture_dataset/train/not fractured/61-rotated3-rotated2-rotated3-rotated1.jpg,outputs/removed_other_bones_quarantine/raw_data__fracture_dataset__train__not fractured__61-rotated3-rotated2-rotated3-rotated1.jpg,"not radius, ulna, or humerus"
./raw_data/fracture_dataset/train/not fractured/13-rotated3-rotated3-rotated2-rotated1.jpg,outputs/removed_other_bones_quarantine/raw_data__fracture_dataset__train__not fractured__13-rotated3-rotated3-rotated2-rotated1.jpg,"not radius, ulna, or humerus"
./raw_data/fracture_dataset/train/not fractured/54-rotated3-rotated2-rotated2-rotated1.jpg,outputs/removed_other_bones_quarantine/raw_data__fracture_dataset__train__not fractured__54-rotated3-rotated2-rotated2-rotated1.jpg,"not radius, ulna, or humerus"
./raw_data/fracture_dataset/train/not fractured/41-rotated2-rotated2-rotated3-rotated1 (1).jpg,outputs/removed_other_bones_quarantine/raw_data__fracture_dataset__train__not fractured__41-rotated2-rotated2-rotated3-rotated1 (1).jpg,"not radius, ulna, or humerus"
./raw_data/fracture_dataset/train/not fractured/6-rotated2-rotated1-rotated2-rotated1 (1).jpg,outputs/removed_other_bones_quarantine/raw_data__fracture_dataset__train__not fractured__6-rotated2-rotated1-rotated2-rotated1 (1).jpg,"not radius, ulna, or humerus"
./raw_data/fracture_dataset/train/not fractured/6-rotated3-rotated2-rotated3-rotated1 (1).jpg,outputs/removed_other_bones_quarantine/raw_data__fracture_dataset__train__not fractured__6-rotated3-rotated2-rotated3-rotated1 (1).jpg,"not radius, ulna, or humerus"
./raw_data/fracture_dataset/train/not fractured/28-rotated1-rotated2 (1).jpg,outputs/removed_other_bones_quarantine/raw_data__fracture_dataset__train__not fractured__28-rotated1-rotated2 (1).jpg,"not radius, ulna, or humerus"
./raw_data/fracture_dataset/train/not fractured/57-rotated3-rotated2.jpg,outputs/removed_other_bones_quarantine/raw_data__fracture_dataset__train__not fractured__57-rotated3-rotated2.jpg,"not radius, ulna, or humerus"
./raw_data/fracture_dataset/train/not fractured/42-rotated2-rotated3-rotated3 (1).jpg,outputs/removed_other_bones_quarantine/raw_data__fracture_dataset__train__not fractured__42-rotated2-rotated3-rotated3 (1).jpg,"not radius, ulna, or humerus"
./raw_data/fracture_dataset/train/not fractured/70-rotated1-rotated3-rotated3-rotated1.jpg,outputs/removed_other_bones_quarantine/raw_data__fracture_dataset__train__not fractured__70-rotated1-rotated3-rotated3-rotated1.jpg,"not radius, ulna, or humerus"
./raw_data/fracture_dataset/train/not fractured/9-rotated1 (1).jpg,outputs/removed_other_bones_quarantine/raw_data__fracture_dataset__train__not fractured__9-rotated1 (1).jpg,"not radius, ulna, or humerus"
./raw_data/fracture_dataset/train/not fractured/58-rotated2-rotated1 (1).jpg,outputs/removed_other_bones_quarantine/raw_data__fracture_dataset__train__not fractured__58-rotated2-rotated1 (1).jpg,"not radius, ulna, or humerus"
./raw_data/fracture_dataset/train/not fractured/49-rotated3-rotated1-rotated2.jpg,outputs/removed_other_bones_quarantine/raw_data__fracture_dataset__train__not fractured__49-rotated3-rotated1-rotated2.jpg,"not radius, ulna, or humerus"
./raw_data/fracture_dataset/train/not fractured/68-rotated1-rotated3-rotated1-rotated1.jpg,outputs/removed_other_bones_quarantine/raw_data__fracture_dataset__train__not fractured__68-rotated1-rotated3-rotated1-rotated1.jpg,"not radius, ulna, or humerus"
./raw_data/fracture_dataset/train/not fractured/55-rotated1-rotated1-rotated2 (1).jpg,outputs/removed_other_bones_quarantine/raw_data__fracture_dataset__train__not fractured__55-rotated1-rotated1-rotated2 (1).jpg,"not radius, ulna, or humerus"
./raw_data/fracture_dataset/train/not fractured/46-rotated1-rotated2-rotated3-rotated1 (1).jpg,outputs/removed_other_bones_quarantine/raw_data__fracture_dataset__train__not fractured__46-rotated1-rotated2-rotated3-rotated1 (1).jpg,"not radius, ulna, or humerus"
./raw_data/fracture_dataset/train/not fractured/58-rotated3-rotated3-rotated1.jpg,outputs/removed_other_bones_quarantine/raw_data__fracture_dataset__train__not fractured__58-rotated3-rotated3-rotated1.jpg,"not radius, ulna, or humerus"
./raw_data/fracture_dataset/train/not fractured/59-rotated1-rotated1-rotated3-rotated1.jpg,outputs/removed_other_bones_quarantine/raw_data__fracture_dataset__train__not fractured__59-rotated1-rotated1-rotated3-rotated1.jpg,"not radius, ulna, or humerus"
./raw_data/fracture_dataset/train/not fractured/57-rotated3-rotated2-rotated1-rotated1 (1).jpg,outputs/removed_other_bones_quarantine/raw_data__fracture_dataset__train__not fractured__57-rotated3-rotated2-rotated1-rotated1 (1).jpg,"not radius, ulna, or humerus"
./raw_data/fracture_dataset/train/fractured/221.jpg,outputs/removed_other_bones_quarantine/raw_data__fracture_dataset__train__fractured__221.jpg,"not radius, ulna, or humerus"
./raw_data/fracture_dataset/train/fractured/87-rotated3-rotated1-rotated3.jpg,outputs/removed_other_bones_quarantine/raw_data__fracture_dataset__train__fractured__87-rotated3-rotated1-rotated3.jpg,"not radius, ulna, or humerus"
./raw_data/fracture_dataset/train/fractured/79-rotated2-rotated2-rotated2 (1).jpg,outputs/removed_other_bones_quarantine/raw_data__fracture_dataset__train__fractured__79-rotated2-rotated2-rotated2 (1).jpg,"not radius, ulna, or humerus"
./raw_data/fracture_dataset/train/fractured/5-rotated1-rotated2 - Copy.jpg,outputs/removed_other_bones_quarantine/raw_data__fracture_dataset__train__fractured__5-rotated1-rotated2 - Copy.jpg,"not radius, ulna, or humerus"
./raw_data/fracture_dataset/train/fractured/94-rotated2-rotated1-rotated2 - Copy (1).jpg,outputs/removed_other_bones_quarantine/raw_data__fracture_dataset__train__fractured__94-rotated2-rotated1-rotated2 - Copy (1).jpg,"not radius, ulna, or humerus"
./raw_data/fracture_dataset/train/fractured/9-rotated1-rotated3-rotated3 - Copy (1).jpg,outputs/removed_other_bones_quarantine/raw_data__fracture_dataset__train__fractured__9-rotated1-rotated3-rotated3 - Copy (1).jpg,"not radius, ulna, or humerus"
./raw_data/fracture_dataset/train/fractured/82-rotated3-rotated1-rotated2 - Copy (1).jpg,outputs/removed_other_bones_quarantine/raw_data__fracture_dataset__train__fractured__82-rotated3-rotated1-rotated2 - Copy (1).jpg,"not radius, ulna, or humerus"
./raw_data/fracture_dataset/train/fractured/81-rotated2-rotated2-rotated1.jpg,outputs/removed_other_bones_quarantine/raw_data__fracture_dataset__train__fractured__81-rotated2-rotated2-rotated1.jpg,"not radius, ulna, or humerus"
./raw_data/fracture_dataset/train/fractured/4-rotated2-rotated3.jpg,outputs/removed_other_bones_quarantine/raw_data__fracture_dataset__train__fractured__4-rotated2-rotated3.jpg,"not radius, ulna, or humerus"
./raw_data/fracture_dataset/train/fractured/7-rotated3-rotated3-rotated3 (1).jpg,outputs/removed_other_bones_quarantine/raw_data__fracture_dataset__train__fractured__7-rotated3-rotated3-rotated3 (1).jpg,"not radius, ulna, or humerus"
./raw_data/fracture_dataset/train/fractured/97-rotated1-rotated3-rotated2 - Copy (1).jpg,outputs/removed_other_bones_quarantine/raw_data__fracture_dataset__train__fractured__97-rotated1-rotated3-rotated2 - Copy (1).jpg,"not radius, ulna, or humerus"
./raw_data/fracture_dataset/train/fractured/95-rotated2-rotated2-rotated3 - Copy.jpg,outputs/removed_other_bones_quarantine/raw_data__fracture_dataset__train__fractured__95-rotated2-rotated2-rotated3 - Copy.jpg,"not radius, ulna, or humerus"
./raw_data/fracture_dataset/train/fractured/3-rotated3-rotated1-rotated2 - Copy (1).jpg,outputs/removed_other_bones_quarantine/raw_data__fracture_dataset__train__fractured__3-rotated3-rotated1-rotated2 - Copy (1).jpg,"not radius, ulna, or humerus"
./raw_data/fracture_dataset/train/fractured/235.jpg,outputs/removed_other_bones_quarantine/raw_data__fracture_dataset__train__fractured__235.jpg,"not radius, ulna, or humerus"
./raw_data/fracture_dataset/train/fractured/134.jpg,outputs/removed_other_bones_quarantine/raw_data__fracture_dataset__train__fractured__134.jpg,"not radius, ulna, or humerus"
./raw_data/fracture_dataset/train/fractured/90-rotated2-rotated1-rotated1 - Copy.jpg,outputs/removed_other_bones_quarantine/raw_data__fracture_dataset__train__fractured__90-rotated2-rotated1-rotated1 - Copy.jpg,"not radius, ulna, or humerus"
./raw_data/fracture_dataset/train/fractured/6-rotated3-rotated2-rotated1.jpg,outputs/removed_other_bones_quarantine/raw_data__fracture_dataset__train__fractured__6-rotated3-rotated2-rotated1.jpg,"not radius, ulna, or humerus"
./raw_data/fracture_dataset/train/fractured/7-rotated3-rotated2-rotated1 - Copy (1).jpg,outputs/removed_other_bones_quarantine/raw_data__fracture_dataset__train__fractured__7-rotated3-rotated2-rotated1 - Copy (1).jpg,"not radius, ulna, or humerus"
./raw_data/fracture_dataset/train/fractured/image1figure1edit01_1102610.jpg,outputs/removed_other_bones_quarantine/raw_data__fracture_dataset__train__fractured__image1figure1edit01_1102610.jpg,"not radius, ulna, or humerus"
./raw_data/fracture_dataset/train/fractured/4-rotated3-rotated3-rotated2 - Copy.jpg,outputs/removed_other_bones_quarantine/raw_data__fracture_dataset__train__fractured__4-rotated3-rotated3-rotated2 - Copy.jpg,"not radius, ulna, or humerus"
./raw_data/fracture_dataset/train/fractured/7-rotated1-rotated1-rotated2.jpg,outputs/removed_other_bones_quarantine/raw_data__fracture_dataset__train__fractured__7-rotated1-rotated1-rotated2.jpg,"not radius, ulna, or humerus"
./raw_data/fracture_dataset/train/fractured/97-rotated1-rotated3-rotated1 (1).jpg,outputs/removed_other_bones_quarantine/raw_data__fracture_dataset__train__fractured__97-rotated1-rotated3-rotated1 (1).jpg,"not radius, ulna, or humerus"
./raw_data/fracture_dataset/train/fractured/99-rotated3-rotated3-rotated2.jpg,outputs/removed_other_bones_quarantine/raw_data__fracture_dataset__train__fractured__99-rotated3-rotated3-rotated2.jpg,"not radius, ulna, or humerus"
./raw_data/fracture_dataset/train/fractured/95-rotated2-rotated2-rotated1 - Copy.jpg,outputs/removed_other_bones_quarantine/raw_data__fracture_dataset__train__fractured__95-rotated2-rotated2-rotated1 - Copy.jpg,"not radius, ulna, or humerus"
./raw_data/fracture_dataset/train/fractured/84-rotated3 - Copy (1).jpg,outputs/removed_other_bones_quarantine/raw_data__fracture_dataset__train__fractured__84-rotated3 - Copy (1).jpg,"not radius, ulna, or humerus"
./raw_data/fracture_dataset/train/fractured/83-rotated2-rotated3-rotated2 (1).jpg,outputs/removed_other_bones_quarantine/raw_data__fracture_dataset__train__fractured__83-rotated2-rotated3-rotated2 (1).jpg,"not radius, ulna, or humerus"
./raw_data/fracture_dataset/train/fractured/86-rotated3-rotated2 - Copy.jpg,outputs/removed_other_bones_quarantine/raw_data__fracture_dataset__train__fractured__86-rotated3-rotated2 - Copy.jpg,"not radius, ulna, or humerus"
./raw_data/fracture_dataset/train/fractured/83-rotated3-rotated3-rotated1 - Copy.jpg,outputs/removed_other_bones_quarantine/raw_data__fracture_dataset__train__fractured__83-rotated3-rotated3-rotated1 - Copy.jpg,"not radius, ulna, or humerus"
./raw_data/fracture_dataset/train/fractured/98-rotated1-rotated1-rotated1 (1).jpg,outputs/removed_other_bones_quarantine/raw_data__fracture_dataset__train__fractured__98-rotated1-rotated1-rotated1 (1).jpg,"not radius, ulna, or humerus"
./raw_data/fracture_dataset/train/fractured/85-rotated2-rotated3-rotated3 - Copy.jpg,outputs/removed_other_bones_quarantine/raw_data__fracture_dataset__train__fractured__85-rotated2-rotated3-rotated3 - Copy.jpg,"not radius, ulna, or humerus"
./raw_data/fracture_dataset/train/fractured/7-rotated3.jpg,outputs/removed_other_bones_quarantine/raw_data__fracture_dataset__train__fractured__7-rotated3.jpg,"not radius, ulna, or humerus"
./raw_data/fracture_dataset/train/fractured/179.jpg,outputs/removed_other_bones_quarantine/raw_data__fracture_dataset__train__fractured__179.jpg,"not radius, ulna, or humerus"
./raw_data/fracture_dataset/train/fractured/76.jpg,outputs/removed_other_bones_quarantine/raw_data__fracture_dataset__train__fractured__76.jpg,"not radius, ulna, or humerus"
./raw_data/fracture_dataset/train/fractured/94-rotated2-rotated3-rotated1.jpg,outputs/removed_other_bones_quarantine/raw_data__fracture_dataset__train__fractured__94-rotated2-rotated3-rotated1.jpg,"not radius, ulna, or humerus"
./raw_data/fracture_dataset/train/fractured/80-rotated3-rotated3-rotated1 (1).jpg,outputs/removed_other_bones_quarantine/raw_data__fracture_dataset__train__fractured__80-rotated3-rotated3-rotated1 (1).jpg,"not radius, ulna, or humerus"
./raw_data/fracture_dataset/train/fractured/93 - Copy.jpg,outputs/removed_other_bones_quarantine/raw_data__fracture_dataset__train__fractured__93 - Copy.jpg,"not radius, ulna, or humerus"
./raw_data/fracture_dataset/train/fractured/9-rotated3-rotated1-rotated2 - Copy.jpg,outputs/removed_other_bones_quarantine/raw_data__fracture_dataset__train__fractured__9-rotated3-rotated1-rotated2 - Copy.jpg,"not radius, ulna, or humerus"
./raw_data/fracture_dataset/train/fractured/95-rotated1-rotated3 - Copy.jpg,outputs/removed_other_bones_quarantine/raw_data__fracture_dataset__train__fractured__95-rotated1-rotated3 - Copy.jpg,"not radius, ulna, or humerus"
./raw_data/fracture_dataset/train/fractured/92-rotated2-rotated1 (1).jpg,outputs/removed_other_bones_quarantine/raw_data__fracture_dataset__train__fractured__92-rotated2-rotated1 (1).jpg,"not radius, ulna, or humerus"
./raw_data/fracture_dataset/train/fractured/2-rotated1-rotated3-rotated3 (1).jpg,outputs/removed_other_bones_quarantine/raw_data__fracture_dataset__train__fractured__2-rotated1-rotated3-rotated3 (1).jpg,"not radius, ulna, or humerus"
./raw_data/fracture_dataset/train/fractured/121.jpg,outputs/removed_other_bones_quarantine/raw_data__fracture_dataset__train__fractured__121.jpg,"not radius, ulna, or humerus"
./raw_data/fracture_dataset/train/fractured/93-rotated2-rotated1 - Copy (1).jpg,outputs/removed_other_bones_quarantine/raw_data__fracture_dataset__train__fractured__93-rotated2-rotated1 - Copy (1).jpg,"not radius, ulna, or humerus"
./raw_data/fracture_dataset/train/fractured/190.jpg,outputs/removed_other_bones_quarantine/raw_data__fracture_dataset__train__fractured__190.jpg,"not radius, ulna, or humerus"
./raw_data/fracture_dataset/train/fractured/89-rotated2-rotated1-rotated2 (1).jpg,outputs/removed_other_bones_quarantine/raw_data__fracture_dataset__train__fractured__89-rotated2-rotated1-rotated2 (1).jpg,"not radius, ulna, or humerus"
./raw_data/fracture_dataset/train/fractured/2-rotated1-rotated3-rotated1 - Copy (1).jpg,outputs/removed_other_bones_quarantine/raw_data__fracture_dataset__train__fractured__2-rotated1-rotated3-rotated1 - Copy (1).jpg,"not radius, ulna, or humerus"
./raw_data/fracture_dataset/train/fractured/90-rotated1.jpg,outputs/removed_other_bones_quarantine/raw_data__fracture_dataset__train__fractured__90-rotated1.jpg,"not radius, ulna, or humerus"
./raw_data/fracture_dataset/train/fractured/91-rotated1 - Copy.jpg,outputs/removed_other_bones_quarantine/raw_data__fracture_dataset__train__fractured__91-rotated1 - Copy.jpg,"not radius, ulna, or humerus"
./raw_data/fracture_dataset/train/fractured/99-rotated1 - Copy (1).jpg,outputs/removed_other_bones_quarantine/raw_data__fracture_dataset__train__fractured__99-rotated1 - Copy (1).jpg,"not radius, ulna, or humerus"
./raw_data/fracture_dataset/train/fractured/85-rotated2-rotated2-rotated2 (1).jpg,outputs/removed_other_bones_quarantine/raw_data__fracture_dataset__train__fractured__85-rotated2-rotated2-rotated2 (1).jpg,"not radius, ulna, or humerus"
./raw_data/fracture_dataset/train/fractured/96-rotated1-rotated2 (1).jpg,outputs/removed_other_bones_quarantine/raw_data__fracture_dataset__train__fractured__96-rotated1-rotated2 (1).jpg,"not radius, ulna, or humerus"
./raw_data/fracture_dataset/train/fractured/87-rotated3-rotated2.jpg,outputs/removed_other_bones_quarantine/raw_data__fracture_dataset__train__fractured__87-rotated3-rotated2.jpg,"not radius, ulna, or humerus"
./raw_data/fracture_dataset/train/fractured/82-rotated2-rotated2-rotated1 - Copy.jpg,outputs/removed_other_bones_quarantine/raw_data__fracture_dataset__train__fractured__82-rotated2-rotated2-rotated1 - Copy.jpg,"not radius, ulna, or humerus"
./raw_data/fracture_dataset/train/fractured/85-rotated2-rotated2-rotated3 - Copy (1).jpg,outputs/removed_other_bones_quarantine/raw_data__fracture_dataset__train__fractured__85-rotated2-rotated2-rotated3 - Copy (1).jpg,"not radius, ulna, or humerus"
./raw_data/fracture_dataset/train/fractured/81-rotated1-rotated1-rotated3.jpg,outputs/removed_other_bones_quarantine/raw_data__fracture_dataset__train__fractured__81-rotated1-rotated1-rotated3.jpg,"not radius, ulna, or humerus"
./raw_data/fracture_dataset/train/fractured/93-rotated1-rotated3-rotated2 - Copy (1).jpg,outputs/removed_other_bones_quarantine/raw_data__fracture_dataset__train__fractured__93-rotated1-rotated3-rotated2 - Copy (1).jpg,"not radius, ulna, or humerus"
./raw_data/fracture_dataset/train/fractured/80-rotated3-rotated2 - Copy.jpg,outputs/removed_other_bones_quarantine/raw_data__fracture_dataset__train__fractured__80-rotated3-rotated2 - Copy.jpg,"not radius, ulna, or humerus"
./raw_data/fracture_dataset/train/fractured/45.jpg,outputs/removed_other_bones_quarantine/raw_data__fracture_dataset__train__fractured__45.jpg,"not radius, ulna, or humerus"
./raw_data/fracture_dataset/train/fractured/90-rotated1-rotated2.jpg,outputs/removed_other_bones_quarantine/raw_data__fracture_dataset__train__fractured__90-rotated1-rotated2.jpg,"not radius, ulna, or humerus"
./raw_data/fracture_dataset/train/fractured/4-rotated2-rotated2 - Copy.jpg,outputs/removed_other_bones_quarantine/raw_data__fracture_dataset__train__fractured__4-rotated2-rotated2 - Copy.jpg,"not radius, ulna, or humerus"
./raw_data/fracture_dataset/train/fractured/6-rotated2-rotated2-rotated3 (1).jpg,outputs/removed_other_bones_quarantine/raw_data__fracture_dataset__train__fractured__6-rotated2-rotated2-rotated3 (1).jpg,"not radius, ulna, or humerus"
./raw_data/fracture_dataset/train/fractured/5-rotated3-rotated2 - Copy.jpg,outputs/removed_other_bones_quarantine/raw_data__fracture_dataset__train__fractured__5-rotated3-rotated2 - Copy.jpg,"not radius, ulna, or humerus"
./raw_data/fracture_dataset/train/fractured/6-rotated1-rotated2 - Copy (1).jpg,outputs/removed_other_bones_quarantine/raw_data__fracture_dataset__train__fractured__6-rotated1-rotated2 - Copy (1).jpg,"not radius, ulna, or humerus"
./raw_data/fracture_dataset/train/fractured/89-rotated3-rotated2-rotated3 - Copy.jpg,outputs/removed_other_bones_quarantine/raw_data__fracture_dataset__train__fractured__89-rotated3-rotated2-rotated3 - Copy.jpg,"not radius, ulna, or humerus"
./raw_data/fracture_dataset/train/fractured/10.jpg,outputs/removed_other_bones_quarantine/raw_data__fracture_dataset__train__fractured__10.jpg,"not radius, ulna, or humerus"
./raw_data/fracture_dataset/train/fractured/25(1).jpg,outputs/removed_other_bones_quarantine/raw_data__fracture_dataset__train__fractured__25(1).jpg,"not radius, ulna, or humerus"
./raw_data/fracture_dataset/train/fractured/93-rotated3-rotated1-rotated2.jpg,outputs/removed_other_bones_quarantine/raw_data__fracture_dataset__train__fractured__93-rotated3-rotated1-rotated2.jpg,"not radius, ulna, or humerus"
./raw_data/fracture_dataset/train/fractured/89-rotated2-rotated2-rotated2 - Copy.jpg,outputs/removed_other_bones_quarantine/raw_data__fracture_dataset__train__fractured__89-rotated2-rotated2-rotated2 - Copy.jpg,"not radius, ulna, or humerus"
./raw_data/fracture_dataset/train/fractured/8-rotated1-rotated1-rotated1 - Copy.jpg,outputs/removed_other_bones_quarantine/raw_data__fracture_dataset__train__fractured__8-rotated1-rotated1-rotated1 - Copy.jpg,"not radius, ulna, or humerus"
./raw_data/fracture_dataset/train/fractured/203.jpg,outputs/removed_other_bones_quarantine/raw_data__fracture_dataset__train__fractured__203.jpg,"not radius, ulna, or humerus"
./raw_data/fracture_dataset/train/fractured/5-rotated3-rotated2-rotated2 (1).jpg,outputs/removed_other_bones_quarantine/raw_data__fracture_dataset__train__fractured__5-rotated3-rotated2-rotated2 (1).jpg,"not radius, ulna, or humerus"
./raw_data/fracture_dataset/train/fractured/98-rotated3-rotated1-rotated3 - Copy (1).jpg,outputs/removed_other_bones_quarantine/raw_data__fracture_dataset__train__fractured__98-rotated3-rotated1-rotated3 - Copy (1).jpg,"not radius, ulna, or humerus"
./raw_data/fracture_dataset/train/fractured/83-rotated2-rotated3-rotated3 - Copy (1).jpg,outputs/removed_other_bones_quarantine/raw_data__fracture_dataset__train__fractured__83-rotated2-rotated3-rotated3 - Copy (1).jpg,"not radius, ulna, or humerus"
./raw_data/fracture_dataset/train/fractured/90-rotated1-rotated1-rotated2 (1).jpg,outputs/removed_other_bones_quarantine/raw_data__fracture_dataset__train__fractured__90-rotated1-rotated1-rotated2 (1).jpg,"not radius, ulna, or humerus"
./raw_data/fracture_dataset/train/fractured/5 (1).jpg,outputs/removed_other_bones_quarantine/raw_data__fracture_dataset__train__fractured__5 (1).jpg,"not radius, ulna, or humerus"
./raw_data/fracture_dataset/train/fractured/96-rotated2-rotated1-rotated2 (1).jpg,outputs/removed_other_bones_quarantine/raw_data__fracture_dataset__train__fractured__96-rotated2-rotated1-rotated2 (1).jpg,"not radius, ulna, or humerus"
./raw_data/fracture_dataset/train/fractured/94-rotated1-rotated1-rotated2.jpg,outputs/removed_other_bones_quarantine/raw_data__fracture_dataset__train__fractured__94-rotated1-rotated1-rotated2.jpg,"not radius, ulna, or humerus"
./raw_data/fracture_dataset/train/fractured/93-rotated2-rotated2-rotated3 (1).jpg,outputs/removed_other_bones_quarantine/raw_data__fracture_dataset__train__fractured__93-rotated2-rotated2-rotated3 (1).jpg,"not radius, ulna, or humerus"
./raw_data/fracture_dataset/train/fractured/9-rotated2-rotated3 (1).jpg,outputs/removed_other_bones_quarantine/raw_data__fracture_dataset__train__fractured__9-rotated2-rotated3 (1).jpg,"not radius, ulna, or humerus"
./raw_data/fracture_dataset/train/fractured/images29.jpg,outputs/removed_other_bones_quarantine/raw_data__fracture_dataset__train__fractured__images29.jpg,"not radius, ulna, or humerus"
./raw_data/fracture_dataset/train/fractured/4-rotated3-rotated2-rotated2 - Copy (1).jpg,outputs/removed_other_bones_quarantine/raw_data__fracture_dataset__train__fractured__4-rotated3-rotated2-rotated2 - Copy (1).jpg,"not radius, ulna, or humerus"
./raw_data/fracture_dataset/train/fractured/7.jpg,outputs/removed_other_bones_quarantine/raw_data__fracture_dataset__train__fractured__7.jpg,"not radius, ulna, or humerus"
./raw_data/fracture_dataset/train/fractured/94-rotated3-rotated3 - Copy.jpg,outputs/removed_other_bones_quarantine/raw_data__fracture_dataset__train__fractured__94-rotated3-rotated3 - Copy.jpg,"not radius, ulna, or humerus"
./raw_data/fracture_dataset/train/fractured/2-rotated3-rotated2-rotated1 - Copy (1).jpg,outputs/removed_other_bones_quarantine/raw_data__fracture_dataset__train__fractured__2-rotated3-rotated2-rotated1 - Copy (1).jpg,"not radius, ulna, or humerus"
./raw_data/fracture_dataset/train/fractured/83-rotated2-rotated2-rotated3.jpg,outputs/removed_other_bones_quarantine/raw_data__fracture_dataset__train__fractured__83-rotated2-rotated2-rotated3.jpg,"not radius, ulna, or humerus"
./raw_data/fracture_dataset/train/fractured/91-rotated3-rotated3-rotated3 - Copy (1).jpg,outputs/removed_other_bones_quarantine/raw_data__fracture_dataset__train__fractured__91-rotated3-rotated3-rotated3 - Copy (1).jpg,"not radius, ulna, or humerus"
./raw_data/fracture_dataset/train/fractured/95-rotated3-rotated3-rotated1.jpg,outputs/removed_other_bones_quarantine/raw_data__fracture_dataset__train__fractured__95-rotated3-rotated3-rotated1.jpg,"not radius, ulna, or humerus"
./raw_data/fracture_dataset/train/fractured/85-rotated1-rotated1-rotated2 - Copy.jpg,outputs/removed_other_bones_quarantine/raw_data__fracture_dataset__train__fractured__85-rotated1-rotated1-rotated2 - Copy.jpg,"not radius, ulna, or humerus"
./raw_data/fracture_dataset/train/fractured/61.jpg,outputs/removed_other_bones_quarantine/raw_data__fracture_dataset__train__fractured__61.jpg,"not radius, ulna, or humerus"
./raw_data/fracture_dataset/train/fractured/91-rotated2-rotated3-rotated2 (1).jpg,outputs/removed_other_bones_quarantine/raw_data__fracture_dataset__train__fractured__91-rotated2-rotated3-rotated2 (1).jpg,"not radius, ulna, or humerus"
./raw_data/fracture_dataset/train/fractured/84-rotated2-rotated2-rotated2 (1).jpg,outputs/removed_other_bones_quarantine/raw_data__fracture_dataset__train__fractured__84-rotated2-rotated2-rotated2 (1).jpg,"not radius, ulna, or humerus"
./raw_data/fracture_dataset/train/fractured/93-rotated3-rotated2 (1).jpg,outputs/removed_other_bones_quarantine/raw_data__fracture_dataset__train__fractured__93-rotated3-rotated2 (1).jpg,"not radius, ulna, or humerus"
./raw_data/fracture_dataset/train/fractured/8-rotated3-rotated2 - Copy.jpg,outputs/removed_other_bones_quarantine/raw_data__fracture_dataset__train__fractured__8-rotated3-rotated2 - Copy.jpg,"not radius, ulna, or humerus"
./raw_data/fracture_dataset/train/fractured/89-rotated3-rotated1-rotated2 - Copy.jpg,outputs/removed_other_bones_quarantine/raw_data__fracture_dataset__train__fractured__89-rotated3-rotated1-rotated2 - Copy.jpg,"not radius, ulna, or humerus"
./raw_data/fracture_dataset/train/fractured/3-rotated1-rotated1-rotated1 - Copy (1).jpg,outputs/removed_other_bones_quarantine/raw_data__fracture_dataset__train__fractured__3-rotated1-rotated1-rotated1 - Copy (1).jpg,"not radius, ulna, or humerus"
./raw_data/fracture_dataset/train/fractured/87-rotated1-rotated3-rotated2.jpg,outputs/removed_other_bones_quarantine/raw_data__fracture_dataset__train__fractured__87-rotated1-rotated3-rotated2.jpg,"not radius, ulna, or humerus"
./raw_data/fracture_dataset/train/fractured/80-rotated3-rotated3 - Copy.jpg,outputs/removed_other_bones_quarantine/raw_data__fracture_dataset__train__fractured__80-rotated3-rotated3 - Copy.jpg,"not radius, ulna, or humerus"
./raw_data/fracture_dataset/train/fractured/82-rotated1-rotated2-rotated1 - Copy (1).jpg,outputs/removed_other_bones_quarantine/raw_data__fracture_dataset__train__fractured__82-rotated1-rotated2-rotated1 - Copy (1).jpg,"not radius, ulna, or humerus"
./raw_data/fracture_dataset/train/fractured/94-rotated3-rotated3-rotated1 - Copy.jpg,outputs/removed_other_bones_quarantine/raw_data__fracture_dataset__train__fractured__94-rotated3-rotated3-rotated1 - Copy.jpg,"not radius, ulna, or humerus"
./raw_data/fracture_dataset/train/fractured/86-rotated2 (1).jpg,outputs/removed_other_bones_quarantine/raw_data__fracture_dataset__train__fractured__86-rotated2 (1).jpg,"not radius, ulna, or humerus"
./raw_data/fracture_dataset/train/fractured/6.png,outputs/removed_other_bones_quarantine/raw_data__fracture_dataset__train__fractured__6.png,"not radius, ulna, or humerus"
./raw_data/fracture_dataset/train/fractured/99-rotated2-rotated3-rotated3.jpg,outputs/removed_other_bones_quarantine/raw_data__fracture_dataset__train__fractured__99-rotated2-rotated3-rotated3.jpg,"not radius, ulna, or humerus"
./raw_data/fracture_dataset/train/fractured/96-rotated1-rotated1-rotated3.jpg,outputs/removed_other_bones_quarantine/raw_data__fracture_dataset__train__fractured__96-rotated1-rotated1-rotated3.jpg,"not radius, ulna, or humerus"
./raw_data/fracture_dataset/train/fractured/6-rotated3-rotated3 - Copy (1).jpg,outputs/removed_other_bones_quarantine/raw_data__fracture_dataset__train__fractured__6-rotated3-rotated3 - Copy (1).jpg,"not radius, ulna, or humerus"
./raw_data/fracture_dataset/train/fractured/58d30dd538473a546723c79e347c9f1b03a3d3131f5c3a1d0466f21526008fd7_gallery.jpeg,outputs/removed_other_bones_quarantine/raw_data__fracture_dataset__train__fractured__58d30dd538473a546723c79e347c9f1b03a3d3131f5c3a1d0466f21526008fd7_gallery.jpeg,"not radius, ulna, or humerus"
./raw_data/fracture_dataset/train/fractured/99-rotated3-rotated3-rotated1.jpg,outputs/removed_other_bones_quarantine/raw_data__fracture_dataset__train__fractured__99-rotated3-rotated3-rotated1.jpg,"not radius, ulna, or humerus"
./raw_data/fracture_dataset/train/fractured/1-rotated2-rotated3 - Copy.jpg,outputs/removed_other_bones_quarantine/raw_data__fracture_dataset__train__fractured__1-rotated2-rotated3 - Copy.jpg,"not radius, ulna, or humerus"
./raw_data/fracture_dataset/train/fractured/92-rotated1-rotated3-rotated1 - Copy.jpg,outputs/removed_other_bones_quarantine/raw_data__fracture_dataset__train__fractured__92-rotated1-rotated3-rotated1 - Copy.jpg,"not radius, ulna, or humerus"
./raw_data/fracture_dataset/train/fractured/90-rotated3-rotated2-rotated2 - Copy.jpg,outputs/removed_other_bones_quarantine/raw_data__fracture_dataset__train__fractured__90-rotated3-rotated2-rotated2 - Copy.jpg,"not radius, ulna, or humerus"
./raw_data/fracture_dataset/train/fractured/4-rotated3 - Copy (1).jpg,outputs/removed_other_bones_quarantine/raw_data__fracture_dataset__train__fractured__4-rotated3 - Copy (1).jpg,"not radius, ulna, or humerus"
./raw_data/fracture_dataset/train/fractured/85-rotated2-rotated1-rotated2 - Copy.jpg,outputs/removed_other_bones_quarantine/raw_data__fracture_dataset__train__fractured__85-rotated2-rotated1-rotated2 - Copy.jpg,"not radius, ulna, or humerus"
./raw_data/fracture_dataset/train/fractured/99-rotated2 - Copy.jpg,outputs/removed_other_bones_quarantine/raw_data__fracture_dataset__train__fractured__99-rotated2 - Copy.jpg,"not radius, ulna, or humerus"
./raw_data/fracture_dataset/train/fractured/89-rotated2 (1).jpg,outputs/removed_other_bones_quarantine/raw_data__fracture_dataset__train__fractured__89-rotated2 (1).jpg,"not radius, ulna, or humerus"
./raw_data/fracture_dataset/train/fractured/2-rotated2-rotated3-rotated1.jpg,outputs/removed_other_bones_quarantine/raw_data__fracture_dataset__train__fractured__2-rotated2-rotated3-rotated1.jpg,"not radius, ulna, or humerus"
./raw_data/fracture_dataset/train/fractured/92-rotated1-rotated3 - Copy.jpg,outputs/removed_other_bones_quarantine/raw_data__fracture_dataset__train__fractured__92-rotated1-rotated3 - Copy.jpg,"not radius, ulna, or humerus"
./raw_data/fracture_dataset/train/fractured/91-rotated2-rotated2-rotated3 - Copy (1).jpg,outputs/removed_other_bones_quarantine/raw_data__fracture_dataset__train__fractured__91-rotated2-rotated2-rotated3 - Copy (1).jpg,"not radius, ulna, or humerus"
./raw_data/fracture_dataset/train/fractured/81-rotated1-rotated1.jpg,outputs/removed_other_bones_quarantine/raw_data__fracture_dataset__train__fractured__81-rotated1-rotated1.jpg,"not radius, ulna, or humerus"
./raw_data/fracture_dataset/train/fractured/3-rotated1-rotated1-rotated2 - Copy (1).jpg,outputs/removed_other_bones_quarantine/raw_data__fracture_dataset__train__fractured__3-rotated1-rotated1-rotated2 - Copy (1).jpg,"not radius, ulna, or humerus"
./raw_data/fracture_dataset/train/fractured/3-rotated3-rotated1-rotated3 - Copy (1).jpg,outputs/removed_other_bones_quarantine/raw_data__fracture_dataset__train__fractured__3-rotated3-rotated1-rotated3 - Copy (1).jpg,"not radius, ulna, or humerus"
./raw_data/fracture_dataset/train/fractured/95-rotated1-rotated1-rotated2 - Copy.jpg,outputs/removed_other_bones_quarantine/raw_data__fracture_dataset__train__fractured__95-rotated1-rotated1-rotated2 - Copy.jpg,"not radius, ulna, or humerus"
./raw_data/fracture_dataset/train/fractured/13018_2014_Article_96_Fig1_HTML.jpg,outputs/removed_other_bones_quarantine/raw_data__fracture_dataset__train__fractured__13018_2014_Article_96_Fig1_HTML.jpg,"not radius, ulna, or humerus"
./raw_data/fracture_dataset/train/fractured/87 - Copy (1).jpg,outputs/removed_other_bones_quarantine/raw_data__fracture_dataset__train__fractured__87 - Copy (1).jpg,"not radius, ulna, or humerus"
./raw_data/fracture_dataset/train/fractured/89-rotated2-rotated2.jpg,outputs/removed_other_bones_quarantine/raw_data__fracture_dataset__train__fractured__89-rotated2-rotated2.jpg,"not radius, ulna, or humerus"
./raw_data/fracture_dataset/train/fractured/98-rotated3 - Copy.jpg,outputs/removed_other_bones_quarantine/raw_data__fracture_dataset__train__fractured__98-rotated3 - Copy.jpg,"not radius, ulna, or humerus"
./raw_data/fracture_dataset/train/fractured/81-rotated2-rotated2 - Copy.jpg,outputs/removed_other_bones_quarantine/raw_data__fracture_dataset__train__fractured__81-rotated2-rotated2 - Copy.jpg,"not radius, ulna, or humerus"
./raw_data/fracture_dataset/train/fractured/98.jpg,outputs/removed_other_bones_quarantine/raw_data__fracture_dataset__train__fractured__98.jpg,"not radius, ulna, or humerus"
./raw_data/fracture_dataset/train/fractured/98-rotated1-rotated1-rotated2.jpg,outputs/removed_other_bones_quarantine/raw_data__fracture_dataset__train__fractured__98-rotated1-rotated1-rotated2.jpg,"not radius, ulna, or humerus"
./raw_data/fracture_dataset/train/fractured/88-rotated1-rotated2-rotated1 (1).jpg,outputs/removed_other_bones_quarantine/raw_data__fracture_dataset__train__fractured__88-rotated1-rotated2-rotated1 (1).jpg,"not radius, ulna, or humerus"
./raw_data/fracture_dataset/train/fractured/151.jpg,outputs/removed_other_bones_quarantine/raw_data__fracture_dataset__train__fractured__151.jpg,"not radius, ulna, or humerus"
./raw_data/fracture_dataset/train/fractured/68.jpg,outputs/removed_other_bones_quarantine/raw_data__fracture_dataset__train__fractured__68.jpg,"not radius, ulna, or humerus"
./raw_data/fracture_dataset/train/fractured/9-rotated1-rotated2 (1).jpg,outputs/removed_other_bones_quarantine/raw_data__fracture_dataset__train__fractured__9-rotated1-rotated2 (1).jpg,"not radius, ulna, or humerus"
./raw_data/fracture_dataset/train/fractured/1a (1).jpg,outputs/removed_other_bones_quarantine/raw_data__fracture_dataset__train__fractured__1a (1).jpg,"not radius, ulna, or humerus"
./raw_data/fracture_dataset/train/fractured/8-rotated1-rotated2-rotated2 (1).jpg,outputs/removed_other_bones_quarantine/raw_data__fracture_dataset__train__fractured__8-rotated1-rotated2-rotated2 (1).jpg,"not radius, ulna, or humerus"
./raw_data/fracture_dataset/train/fractured/89-rotated1-rotated2 (1).jpg,outputs/removed_other_bones_quarantine/raw_data__fracture_dataset__train__fractured__89-rotated1-rotated2 (1).jpg,"not radius, ulna, or humerus"
./raw_data/fracture_dataset/train/fractured/98-rotated3-rotated2-rotated2 - Copy.jpg,outputs/removed_other_bones_quarantine/raw_data__fracture_dataset__train__fractured__98-rotated3-rotated2-rotated2 - Copy.jpg,"not radius, ulna, or humerus"
./raw_data/fracture_dataset/train/fractured/84-rotated3-rotated3-rotated1 - Copy.jpg,outputs/removed_other_bones_quarantine/raw_data__fracture_dataset__train__fractured__84-rotated3-rotated3-rotated1 - Copy.jpg,"not radius, ulna, or humerus"
./raw_data/fracture_dataset/train/fractured/81 (1).jpg,outputs/removed_other_bones_quarantine/raw_data__fracture_dataset__train__fractured__81 (1).jpg,"not radius, ulna, or humerus"
./raw_data/fracture_dataset/train/fractured/4-rotated3-rotated1.jpg,outputs/removed_other_bones_quarantine/raw_data__fracture_dataset__train__fractured__4-rotated3-rotated1.jpg,"not radius, ulna, or humerus"
./raw_data/fracture_dataset/train/fractured/1-rotated2-rotated3-rotated3 - Copy (1).jpg,outputs/removed_other_bones_quarantine/raw_data__fracture_dataset__train__fractured__1-rotated2-rotated3-rotated3 - Copy (1).jpg,"not radius, ulna, or humerus"
./raw_data/fracture_dataset/train/fractured/10-1055-b-004-129594_c035_f001.jpg,outputs/removed_other_bones_quarantine/raw_data__fracture_dataset__train__fractured__10-1055-b-004-129594_c035_f001.jpg,"not radius, ulna, or humerus"
./raw_data/fracture_dataset/train/fractured/20.jpg,outputs/removed_other_bones_quarantine/raw_data__fracture_dataset__train__fractured__20.jpg,"not radius, ulna, or humerus"
./raw_data/fracture_dataset/train/fractured/1-rotated1-rotated2 - Copy (1).jpg,outputs/removed_other_bones_quarantine/raw_data__fracture_dataset__train__fractured__1-rotated1-rotated2 - Copy (1).jpg,"not radius, ulna, or humerus"
./raw_data/fracture_dataset/train/fractured/92 (1).jpg,outputs/removed_other_bones_quarantine/raw_data__fracture_dataset__train__fractured__92 (1).jpg,"not radius, ulna, or humerus"
./raw_data/fracture_dataset/train/fractured/84-rotated1-rotated3-rotated2 - Copy.jpg,outputs/removed_other_bones_quarantine/raw_data__fracture_dataset__train__fractured__84-rotated1-rotated3-rotated2 - Copy.jpg,"not radius, ulna, or humerus"
./raw_data/fracture_dataset/train/fractured/90-rotated3-rotated1-rotated3 - Copy (1).jpg,outputs/removed_other_bones_quarantine/raw_data__fracture_dataset__train__fractured__90-rotated3-rotated1-rotated3 - Copy (1).jpg,"not radius, ulna, or humerus"
./raw_data/fracture_dataset/train/fractured/79-rotated2-rotated3-rotated1.jpg,outputs/removed_other_bones_quarantine/raw_data__fracture_dataset__train__fractured__79-rotated2-rotated3-rotated1.jpg,"not radius, ulna, or humerus"
./raw_data/fracture_dataset/train/fractured/798bdba5bfea0252051940ce782bb2_jumbo.jpeg,outputs/removed_other_bones_quarantine/raw_data__fracture_dataset__train__fractured__798bdba5bfea0252051940ce782bb2_jumbo.jpeg,"not radius, ulna, or humerus"
./raw_data/fracture_dataset/train/fractured/7-rotated3-rotated3-rotated1 (1).jpg,outputs/removed_other_bones_quarantine/raw_data__fracture_dataset__train__fractured__7-rotated3-rotated3-rotated1 (1).jpg,"not radius, ulna, or humerus"
./raw_data/fracture_dataset/train/fractured/89-rotated3-rotated1-rotated3 - Copy.jpg,outputs/removed_other_bones_quarantine/raw_data__fracture_dataset__train__fractured__89-rotated3-rotated1-rotated3 - Copy.jpg,"not radius, ulna, or humerus"
./raw_data/fracture_dataset/train/fractured/99-rotated1-rotated1-rotated1 (1).jpg,outputs/removed_other_bones_quarantine/raw_data__fracture_dataset__train__fractured__99-rotated1-rotated1-rotated1 (1).jpg,"not radius, ulna, or humerus"
./raw_data/fracture_dataset/train/fractured/57.jpg,outputs/removed_other_bones_quarantine/raw_data__fracture_dataset__train__fractured__57.jpg,"not radius, ulna, or humerus"
./raw_data/fracture_dataset/train/fractured/9.jpg,outputs/removed_other_bones_quarantine/raw_data__fracture_dataset__train__fractured__9.jpg,"not radius, ulna, or humerus"
./raw_data/fracture_dataset/train/fractured/6-rotated2.jpg,outputs/removed_other_bones_quarantine/raw_data__fracture_dataset__train__fractured__6-rotated2.jpg,"not radius, ulna, or humerus"
./raw_data/fracture_dataset/train/fractured/51.jpg,outputs/removed_other_bones_quarantine/raw_data__fracture_dataset__train__fractured__51.jpg,"not radius, ulna, or humerus"
./raw_data/fracture_dataset/train/fractured/96-rotated1-rotated3-rotated2 (1).jpg,outputs/removed_other_bones_quarantine/raw_data__fracture_dataset__train__fractured__96-rotated1-rotated3-rotated2 (1).jpg,"not radius, ulna, or humerus"
./raw_data/fracture_dataset/train/fractured/87-rotated1-rotated3.jpg,outputs/removed_other_bones_quarantine/raw_data__fracture_dataset__train__fractured__87-rotated1-rotated3.jpg,"not radius, ulna, or humerus"
./raw_data/fracture_dataset/train/fractured/94-rotated2-rotated2-rotated1 - Copy (1).jpg,outputs/removed_other_bones_quarantine/raw_data__fracture_dataset__train__fractured__94-rotated2-rotated2-rotated1 - Copy (1).jpg,"not radius, ulna, or humerus"
./raw_data/fracture_dataset/train/fractured/88-rotated2-rotated1.jpg,outputs/removed_other_bones_quarantine/raw_data__fracture_dataset__train__fractured__88-rotated2-rotated1.jpg,"not radius, ulna, or humerus"
./raw_data/fracture_dataset/train/fractured/99-rotated3-rotated1-rotated2 - Copy.jpg,outputs/removed_other_bones_quarantine/raw_data__fracture_dataset__train__fractured__99-rotated3-rotated1-rotated2 - Copy.jpg,"not radius, ulna, or humerus"
./raw_data/fracture_dataset/train/fractured/93-rotated2-rotated2-rotated1 - Copy (1).jpg,outputs/removed_other_bones_quarantine/raw_data__fracture_dataset__train__fractured__93-rotated2-rotated2-rotated1 - Copy (1).jpg,"not radius, ulna, or humerus"
./raw_data/fracture_dataset/train/fractured/90-rotated3.jpg,outputs/removed_other_bones_quarantine/raw_data__fracture_dataset__train__fractured__90-rotated3.jpg,"not radius, ulna, or humerus"
./raw_data/fracture_dataset/train/fractured/85-rotated2-rotated3-rotated1 - Copy (1).jpg,outputs/removed_other_bones_quarantine/raw_data__fracture_dataset__train__fractured__85-rotated2-rotated3-rotated1 - Copy (1).jpg,"not radius, ulna, or humerus"
./raw_data/fracture_dataset/train/fractured/96-rotated3-rotated2-rotated3 - Copy (1).jpg,outputs/removed_other_bones_quarantine/raw_data__fracture_dataset__train__fractured__96-rotated3-rotated2-rotated3 - Copy (1).jpg,"not radius, ulna, or humerus"
./raw_data/fracture_dataset/train/fractured/89-rotated1-rotated1 - Copy (1).jpg,outputs/removed_other_bones_quarantine/raw_data__fracture_dataset__train__fractured__89-rotated1-rotated1 - Copy (1).jpg,"not radius, ulna, or humerus"
./raw_data/fracture_dataset/train/fractured/169.jpg,outputs/removed_other_bones_quarantine/raw_data__fracture_dataset__train__fractured__169.jpg,"not radius, ulna, or humerus"
./raw_data/fracture_dataset/train/fractured/87-rotated1 - Copy (1).jpg,outputs/removed_other_bones_quarantine/raw_data__fracture_dataset__train__fractured__87-rotated1 - Copy (1).jpg,"not radius, ulna, or humerus"
./raw_data/fracture_dataset/train/fractured/84-rotated2-rotated3-rotated3 - Copy (1).jpg,outputs/removed_other_bones_quarantine/raw_data__fracture_dataset__train__fractured__84-rotated2-rotated3-rotated3 - Copy (1).jpg,"not radius, ulna, or humerus"
./raw_data/fracture_dataset/train/fractured/9c1cbdeaa3a92cda049b03cfc58323_jumbo.jpeg,outputs/removed_other_bones_quarantine/raw_data__fracture_dataset__train__fractured__9c1cbdeaa3a92cda049b03cfc58323_jumbo.jpeg,"not radius, ulna, or humerus"
./raw_data/fracture_dataset/train/fractured/open-fracture-tibia.jpg,outputs/removed_other_bones_quarantine/raw_data__fracture_dataset__train__fractured__open-fracture-tibia.jpg,"not radius, ulna, or humerus"
./raw_data/fracture_dataset/train/fractured/90-rotated1-rotated2-rotated1 - Copy.jpg,outputs/removed_other_bones_quarantine/raw_data__fracture_dataset__train__fractured__90-rotated1-rotated2-rotated1 - Copy.jpg,"not radius, ulna, or humerus"
./raw_data/fracture_dataset/train/fractured/84-rotated1-rotated1-rotated3 - Copy (1).jpg,outputs/removed_other_bones_quarantine/raw_data__fracture_dataset__train__fractured__84-rotated1-rotated1-rotated3 - Copy (1).jpg,"not radius, ulna, or humerus"
./raw_data/fracture_dataset/train/fractured/194.jpg,outputs/removed_other_bones_quarantine/raw_data__fracture_dataset__train__fractured__194.jpg,"not radius, ulna, or humerus"
./raw_data/fracture_dataset/train/fractured/98-rotated2 - Copy (1).jpg,outputs/removed_other_bones_quarantine/raw_data__fracture_dataset__train__fractured__98-rotated2 - Copy (1).jpg,"not radius, ulna, or humerus"
./raw_data/fracture_dataset/train/fractured/220px-Intravertebral_vacuum_cleft_sign.jpg,outputs/removed_other_bones_quarantine/raw_data__fracture_dataset__train__fractured__220px-Intravertebral_vacuum_cleft_sign.jpg,"not radius, ulna, or humerus"
./raw_data/fracture_dataset/train/fractured/2j96ew8.jpg,outputs/removed_other_bones_quarantine/raw_data__fracture_dataset__train__fractured__2j96ew8.jpg,"not radius, ulna, or humerus"
./raw_data/fracture_dataset/train/fractured/86-rotated2-rotated1-rotated2 - Copy.jpg,outputs/removed_other_bones_quarantine/raw_data__fracture_dataset__train__fractured__86-rotated2-rotated1-rotated2 - Copy.jpg,"not radius, ulna, or humerus"
./raw_data/fracture_dataset/train/fractured/33(1).jpg,outputs/removed_other_bones_quarantine/raw_data__fracture_dataset__train__fractured__33(1).jpg,"not radius, ulna, or humerus"
./raw_data/fracture_dataset/train/fractured/88-rotated2 - Copy.jpg,outputs/removed_other_bones_quarantine/raw_data__fracture_dataset__train__fractured__88-rotated2 - Copy.jpg,"not radius, ulna, or humerus"
./raw_data/fracture_dataset/train/fractured/17.jpg,outputs/removed_other_bones_quarantine/raw_data__fracture_dataset__train__fractured__17.jpg,"not radius, ulna, or humerus"
./raw_data/fracture_dataset/train/fractured/1-rotated1-rotated1.jpg,outputs/removed_other_bones_quarantine/raw_data__fracture_dataset__train__fractured__1-rotated1-rotated1.jpg,"not radius, ulna, or humerus"
./raw_data/fracture_dataset/train/fractured/7-rotated2 - Copy.jpg,outputs/removed_other_bones_quarantine/raw_data__fracture_dataset__train__fractured__7-rotated2 - Copy.jpg,"not radius, ulna, or humerus"
./raw_data/fracture_dataset/train/fractured/Spiral-fracture-on-X-ray.jpg,outputs/removed_other_bones_quarantine/raw_data__fracture_dataset__train__fractured__Spiral-fracture-on-X-ray.jpg,"not radius, ulna, or humerus"
./raw_data/fracture_dataset/train/fractured/80-rotated1-rotated1 - Copy.jpg,outputs/removed_other_bones_quarantine/raw_data__fracture_dataset__train__fractured__80-rotated1-rotated1 - Copy.jpg,"not radius, ulna, or humerus"
./raw_data/fracture_dataset/train/fractured/81-rotated2.jpg,outputs/removed_other_bones_quarantine/raw_data__fracture_dataset__train__fractured__81-rotated2.jpg,"not radius, ulna, or humerus"
./raw_data/fracture_dataset/train/fractured/90-rotated3-rotated1-rotated2 - Copy.jpg,outputs/removed_other_bones_quarantine/raw_data__fracture_dataset__train__fractured__90-rotated3-rotated1-rotated2 - Copy.jpg,"not radius, ulna, or humerus"
./raw_data/fracture_dataset/train/fractured/6-rotated3-rotated3-rotated3 - Copy.jpg,outputs/removed_other_bones_quarantine/raw_data__fracture_dataset__train__fractured__6-rotated3-rotated3-rotated3 - Copy.jpg,"not radius, ulna, or humerus"
./raw_data/fracture_dataset/train/fractured/97-rotated1-rotated1.jpg,outputs/removed_other_bones_quarantine/raw_data__fracture_dataset__train__fractured__97-rotated1-rotated1.jpg,"not radius, ulna, or humerus"
./raw_data/fracture_dataset/train/fractured/82-rotated3-rotated3-rotated1.jpg,outputs/removed_other_bones_quarantine/raw_data__fracture_dataset__train__fractured__82-rotated3-rotated3-rotated1.jpg,"not radius, ulna, or humerus"
./raw_data/fracture_dataset/train/fractured/9-rotated2-rotated2 (1).jpg,outputs/removed_other_bones_quarantine/raw_data__fracture_dataset__train__fractured__9-rotated2-rotated2 (1).jpg,"not radius, ulna, or humerus"
./raw_data/fracture_dataset/train/fractured/88-rotated1 (1).jpg,outputs/removed_other_bones_quarantine/raw_data__fracture_dataset__train__fractured__88-rotated1 (1).jpg,"not radius, ulna, or humerus"
./raw_data/fracture_dataset/train/fractured/1-rotated1-rotated1-rotated1.jpg,outputs/removed_other_bones_quarantine/raw_data__fracture_dataset__train__fractured__1-rotated1-rotated1-rotated1.jpg,"not radius, ulna, or humerus"
./raw_data/fracture_dataset/train/fractured/8-rotated3-rotated1-rotated2 (1).jpg,outputs/removed_other_bones_quarantine/raw_data__fracture_dataset__train__fractured__8-rotated3-rotated1-rotated2 (1).jpg,"not radius, ulna, or humerus"
./raw_data/fracture_dataset/train/fractured/5-rotated3 (1).jpg,outputs/removed_other_bones_quarantine/raw_data__fracture_dataset__train__fractured__5-rotated3 (1).jpg,"not radius, ulna, or humerus"
./raw_data/fracture_dataset/train/fractured/1-rotated3-rotated1-rotated3 - Copy (1).jpg,outputs/removed_other_bones_quarantine/raw_data__fracture_dataset__train__fractured__1-rotated3-rotated1-rotated3 - Copy (1).jpg,"not radius, ulna, or humerus"
./raw_data/fracture_dataset/train/fractured/6-rotated1-rotated3-rotated2 (1).jpg,outputs/removed_other_bones_quarantine/raw_data__fracture_dataset__train__fractured__6-rotated1-rotated3-rotated2 (1).jpg,"not radius, ulna, or humerus"
./raw_data/fracture_dataset/train/fractured/67.jpg,outputs/removed_other_bones_quarantine/raw_data__fracture_dataset__train__fractured__67.jpg,"not radius, ulna, or humerus"
./raw_data/fracture_dataset/train/fractured/92-rotated3-rotated1-rotated3 - Copy (1).jpg,outputs/removed_other_bones_quarantine/raw_data__fracture_dataset__train__fractured__92-rotated3-rotated1-rotated3 - Copy (1).jpg,"not radius, ulna, or humerus"
./raw_data/fracture_dataset/train/fractured/157.jpg,outputs/removed_other_bones_quarantine/raw_data__fracture_dataset__train__fractured__157.jpg,"not radius, ulna, or humerus"
./raw_data/fracture_dataset/train/fractured/95-rotated3-rotated1-rotated3 (1).jpg,outputs/removed_other_bones_quarantine/raw_data__fracture_dataset__train__fractured__95-rotated3-rotated1-rotated3 (1).jpg,"not radius, ulna, or humerus"
./raw_data/fracture_dataset/train/fractured/3-rotated2-rotated3 - Copy.jpg,outputs/removed_other_bones_quarantine/raw_data__fracture_dataset__train__fractured__3-rotated2-rotated3 - Copy.jpg,"not radius, ulna, or humerus"
./raw_data/fracture_dataset/train/fractured/9-rotated1-rotated1 - Copy.jpg,outputs/removed_other_bones_quarantine/raw_data__fracture_dataset__train__fractured__9-rotated1-rotated1 - Copy.jpg,"not radius, ulna, or humerus"
./raw_data/fracture_dataset/train/fractured/91 - Copy (1).jpg,outputs/removed_other_bones_quarantine/raw_data__fracture_dataset__train__fractured__91 - Copy (1).jpg,"not radius, ulna, or humerus"
./raw_data/fracture_dataset/train/fractured/2-rotated2-rotated3-rotated3 - Copy (1).jpg,outputs/removed_other_bones_quarantine/raw_data__fracture_dataset__train__fractured__2-rotated2-rotated3-rotated3 - Copy (1).jpg,"not radius, ulna, or humerus"
./raw_data/fracture_dataset/train/fractured/34(1).jpg,outputs/removed_other_bones_quarantine/raw_data__fracture_dataset__train__fractured__34(1).jpg,"not radius, ulna, or humerus"
./raw_data/fracture_dataset/train/fractured/94-rotated3-rotated2-rotated2 (1).jpg,outputs/removed_other_bones_quarantine/raw_data__fracture_dataset__train__fractured__94-rotated3-rotated2-rotated2 (1).jpg,"not radius, ulna, or humerus"
./raw_data/fracture_dataset/train/fractured/188.jpg,outputs/removed_other_bones_quarantine/raw_data__fracture_dataset__train__fractured__188.jpg,"not radius, ulna, or humerus"
./raw_data/fracture_dataset/train/fractured/93-rotated2.jpg,outputs/removed_other_bones_quarantine/raw_data__fracture_dataset__train__fractured__93-rotated2.jpg,"not radius, ulna, or humerus"
./raw_data/fracture_dataset/train/fractured/94-rotated2-rotated3-rotated3 - Copy.jpg,outputs/removed_other_bones_quarantine/raw_data__fracture_dataset__train__fractured__94-rotated2-rotated3-rotated3 - Copy.jpg,"not radius, ulna, or humerus"
./raw_data/fracture_dataset/train/fractured/98-rotated2-rotated1-rotated2 - Copy (1).jpg,outputs/removed_other_bones_quarantine/raw_data__fracture_dataset__train__fractured__98-rotated2-rotated1-rotated2 - Copy (1).jpg,"not radius, ulna, or humerus"
./raw_data/fracture_dataset/train/fractured/7-rotated1-rotated3-rotated3 (1).jpg,outputs/removed_other_bones_quarantine/raw_data__fracture_dataset__train__fractured__7-rotated1-rotated3-rotated3 (1).jpg,"not radius, ulna, or humerus"
./raw_data/fracture_dataset/train/fractured/99-rotated2-rotated2-rotated2.jpg,outputs/removed_other_bones_quarantine/raw_data__fracture_dataset__train__fractured__99-rotated2-rotated2-rotated2.jpg,"not radius, ulna, or humerus"
./raw_data/fracture_dataset/train/fractured/5-rotated2-rotated1-rotated1 - Copy (1).jpg,outputs/removed_other_bones_quarantine/raw_data__fracture_dataset__train__fractured__5-rotated2-rotated1-rotated1 - Copy (1).jpg,"not radius, ulna, or humerus"
./raw_data/fracture_dataset/train/fractured/17(1).jpg,outputs/removed_other_bones_quarantine/raw_data__fracture_dataset__train__fractured__17(1).jpg,"not radius, ulna, or humerus"
./raw_data/fracture_dataset/train/fractured/xr_jumbo.jpeg,outputs/removed_other_bones_quarantine/raw_data__fracture_dataset__train__fractured__xr_jumbo.jpeg,"not radius, ulna, or humerus"
./raw_data/fracture_dataset/train/fractured/99-rotated1-rotated2 - Copy.jpg,outputs/removed_other_bones_quarantine/raw_data__fracture_dataset__train__fractured__99-rotated1-rotated2 - Copy.jpg,"not radius, ulna, or humerus"
./raw_data/fracture_dataset/train/fractured/6 (1).jpg,outputs/removed_other_bones_quarantine/raw_data__fracture_dataset__train__fractured__6 (1).jpg,"not radius, ulna, or humerus"
./raw_data/fracture_dataset/train/fractured/155.jpg,outputs/removed_other_bones_quarantine/raw_data__fracture_dataset__train__fractured__155.jpg,"not radius, ulna, or humerus"
./raw_data/fracture_dataset/train/fractured/60253515215b4.jpg,outputs/removed_other_bones_quarantine/raw_data__fracture_dataset__train__fractured__60253515215b4.jpg,"not radius, ulna, or humerus"
./raw_data/fracture_dataset/train/fractured/92-rotated2-rotated2-rotated2.jpg,outputs/removed_other_bones_quarantine/raw_data__fracture_dataset__train__fractured__92-rotated2-rotated2-rotated2.jpg,"not radius, ulna, or humerus"
./raw_data/fracture_dataset/train/fractured/80-rotated1-rotated3-rotated2 - Copy (1).jpg,outputs/removed_other_bones_quarantine/raw_data__fracture_dataset__train__fractured__80-rotated1-rotated3-rotated2 - Copy (1).jpg,"not radius, ulna, or humerus"
./raw_data/fracture_dataset/train/fractured/94 (1).jpg,outputs/removed_other_bones_quarantine/raw_data__fracture_dataset__train__fractured__94 (1).jpg,"not radius, ulna, or humerus"
./raw_data/fracture_dataset/train/fractured/9-rotated2-rotated3-rotated3.jpg,outputs/removed_other_bones_quarantine/raw_data__fracture_dataset__train__fractured__9-rotated2-rotated3-rotated3.jpg,"not radius, ulna, or humerus"
./raw_data/fracture_dataset/train/fractured/3-rotated2-rotated2.jpg,outputs/removed_other_bones_quarantine/raw_data__fracture_dataset__train__fractured__3-rotated2-rotated2.jpg,"not radius, ulna, or humerus"
./raw_data/fracture_dataset/train/fractured/88-rotated2-rotated1-rotated2.jpg,outputs/removed_other_bones_quarantine/raw_data__fracture_dataset__train__fractured__88-rotated2-rotated1-rotated2.jpg,"not radius, ulna, or humerus"
./raw_data/fracture_dataset/train/fractured/176.jpg,outputs/removed_other_bones_quarantine/raw_data__fracture_dataset__train__fractured__176.jpg,"not radius, ulna, or humerus"
./raw_data/fracture_dataset/train/fractured/d5408056a120376d84a394dae01db399.jpg,outputs/removed_other_bones_quarantine/raw_data__fracture_dataset__train__fractured__d5408056a120376d84a394dae01db399.jpg,"not radius, ulna, or humerus"
./raw_data/fracture_dataset/train/fractured/97-rotated1-rotated1-rotated2 (1).jpg,outputs/removed_other_bones_quarantine/raw_data__fracture_dataset__train__fractured__97-rotated1-rotated1-rotated2 (1).jpg,"not radius, ulna, or humerus"
./raw_data/fracture_dataset/train/fractured/81-rotated1-rotated3-rotated1 - Copy.jpg,outputs/removed_other_bones_quarantine/raw_data__fracture_dataset__train__fractured__81-rotated1-rotated3-rotated1 - Copy.jpg,"not radius, ulna, or humerus"
./raw_data/fracture_dataset/train/fractured/83-rotated2.jpg,outputs/removed_other_bones_quarantine/raw_data__fracture_dataset__train__fractured__83-rotated2.jpg,"not radius, ulna, or humerus"
./raw_data/fracture_dataset/train/fractured/13.jpg,outputs/removed_other_bones_quarantine/raw_data__fracture_dataset__train__fractured__13.jpg,"not radius, ulna, or humerus"
./raw_data/fracture_dataset/train/fractured/87-rotated1-rotated2.jpg,outputs/removed_other_bones_quarantine/raw_data__fracture_dataset__train__fractured__87-rotated1-rotated2.jpg,"not radius, ulna, or humerus"
./raw_data/fracture_dataset/train/fractured/81-rotated3-rotated1 - Copy.jpg,outputs/removed_other_bones_quarantine/raw_data__fracture_dataset__train__fractured__81-rotated3-rotated1 - Copy.jpg,"not radius, ulna, or humerus"
./raw_data/fracture_dataset/train/fractured/91-rotated2-rotated1-rotated2 (1).jpg,outputs/removed_other_bones_quarantine/raw_data__fracture_dataset__train__fractured__91-rotated2-rotated1-rotated2 (1).jpg,"not radius, ulna, or humerus"
./raw_data/fracture_dataset/train/fractured/88-rotated2-rotated2-rotated1 - Copy.jpg,outputs/removed_other_bones_quarantine/raw_data__fracture_dataset__train__fractured__88-rotated2-rotated2-rotated1 - Copy.jpg,"not radius, ulna, or humerus"
./raw_data/fracture_dataset/train/fractured/92-rotated2-rotated3-rotated2.jpg,outputs/removed_other_bones_quarantine/raw_data__fracture_dataset__train__fractured__92-rotated2-rotated3-rotated2.jpg,"not radius, ulna, or humerus"
./raw_data/fracture_dataset/train/fractured/1-rotated2-rotated2-rotated3 - Copy (1).jpg,outputs/removed_other_bones_quarantine/raw_data__fracture_dataset__train__fractured__1-rotated2-rotated2-rotated3 - Copy (1).jpg,"not radius, ulna, or humerus"
./raw_data/fracture_dataset/train/fractured/83-rotated1-rotated1-rotated3 - Copy.jpg,outputs/removed_other_bones_quarantine/raw_data__fracture_dataset__train__fractured__83-rotated1-rotated1-rotated3 - Copy.jpg,"not radius, ulna, or humerus"
./raw_data/fracture_dataset/train/fractured/198.jpg,outputs/removed_other_bones_quarantine/raw_data__fracture_dataset__train__fractured__198.jpg,"not radius, ulna, or humerus"
./raw_data/fracture_dataset/train/fractured/90-rotated2-rotated2-rotated3 - Copy.jpg,outputs/removed_other_bones_quarantine/raw_data__fracture_dataset__train__fractured__90-rotated2-rotated2-rotated3 - Copy.jpg,"not radius, ulna, or humerus"
./raw_data/fracture_dataset/train/fractured/93-rotated1-rotated2-rotated1.jpg,outputs/removed_other_bones_quarantine/raw_data__fracture_dataset__train__fractured__93-rotated1-rotated2-rotated1.jpg,"not radius, ulna, or humerus"
./raw_data/fracture_dataset/train/fractured/85-rotated1-rotated3 (1).jpg,outputs/removed_other_bones_quarantine/raw_data__fracture_dataset__train__fractured__85-rotated1-rotated3 (1).jpg,"not radius, ulna, or humerus"
./raw_data/fracture_dataset/train/fractured/4-rotated1-rotated2 - Copy.jpg,outputs/removed_other_bones_quarantine/raw_data__fracture_dataset__train__fractured__4-rotated1-rotated2 - Copy.jpg,"not radius, ulna, or humerus"
./raw_data/fracture_dataset/train/fractured/95-rotated3-rotated2-rotated2 (1).jpg,outputs/removed_other_bones_quarantine/raw_data__fracture_dataset__train__fractured__95-rotated3-rotated2-rotated2 (1).jpg,"not radius, ulna, or humerus"
./raw_data/fracture_dataset/train/fractured/5-rotated1 - Copy.jpg,outputs/removed_other_bones_quarantine/raw_data__fracture_dataset__train__fractured__5-rotated1 - Copy.jpg,"not radius, ulna, or humerus"
./raw_data/fracture_dataset/train/fractured/97-rotated3-rotated3 (1).jpg,outputs/removed_other_bones_quarantine/raw_data__fracture_dataset__train__fractured__97-rotated3-rotated3 (1).jpg,"not radius, ulna, or humerus"
./raw_data/fracture_dataset/train/fractured/1-rotated2-rotated2-rotated2 - Copy (1).jpg,outputs/removed_other_bones_quarantine/raw_data__fracture_dataset__train__fractured__1-rotated2-rotated2-rotated2 - Copy (1).jpg,"not radius, ulna, or humerus"
./raw_data/fracture_dataset/train/fractured/0fd9c4957210d0c8324ccc00c39d243d.jpg,outputs/removed_other_bones_quarantine/raw_data__fracture_dataset__train__fractured__0fd9c4957210d0c8324ccc00c39d243d.jpg,"not radius, ulna, or humerus"
./raw_data/fracture_dataset/train/fractured/4-rotated1-rotated1 - Copy (1).jpg,outputs/removed_other_bones_quarantine/raw_data__fracture_dataset__train__fractured__4-rotated1-rotated1 - Copy (1).jpg,"not radius, ulna, or humerus"
./raw_data/fracture_dataset/train/fractured/89-rotated1-rotated1-rotated2 (1).jpg,outputs/removed_other_bones_quarantine/raw_data__fracture_dataset__train__fractured__89-rotated1-rotated1-rotated2 (1).jpg,"not radius, ulna, or humerus"
./raw_data/fracture_dataset/train/fractured/85-rotated1-rotated3-rotated2.jpg,outputs/removed_other_bones_quarantine/raw_data__fracture_dataset__train__fractured__85-rotated1-rotated3-rotated2.jpg,"not radius, ulna, or humerus"
./raw_data/fracture_dataset/train/fractured/93-rotated3 (1).jpg,outputs/removed_other_bones_quarantine/raw_data__fracture_dataset__train__fractured__93-rotated3 (1).jpg,"not radius, ulna, or humerus"
./raw_data/fracture_dataset/train/fractured/85-rotated1-rotated2 - Copy.jpg,outputs/removed_other_bones_quarantine/raw_data__fracture_dataset__train__fractured__85-rotated1-rotated2 - Copy.jpg,"not radius, ulna, or humerus"
./raw_data/fracture_dataset/train/fractured/96-rotated3-rotated3-rotated2.jpg,outputs/removed_other_bones_quarantine/raw_data__fracture_dataset__train__fractured__96-rotated3-rotated3-rotated2.jpg,"not radius, ulna, or humerus"
./raw_data/fracture_dataset/train/fractured/91-rotated2-rotated2-rotated1 - Copy (1).jpg,outputs/removed_other_bones_quarantine/raw_data__fracture_dataset__train__fractured__91-rotated2-rotated2-rotated1 - Copy (1).jpg,"not radius, ulna, or humerus"
./raw_data/fracture_dataset/train/fractured/92-rotated3 - Copy.jpg,outputs/removed_other_bones_quarantine/raw_data__fracture_dataset__train__fractured__92-rotated3 - Copy.jpg,"not radius, ulna, or humerus"
./raw_data/fracture_dataset/train/fractured/8-rotated2-rotated2-rotated1 (1).jpg,outputs/removed_other_bones_quarantine/raw_data__fracture_dataset__train__fractured__8-rotated2-rotated2-rotated1 (1).jpg,"not radius, ulna, or humerus"
./raw_data/fracture_dataset/train/fractured/5-rotated1-rotated1 - Copy (1).jpg,outputs/removed_other_bones_quarantine/raw_data__fracture_dataset__train__fractured__5-rotated1-rotated1 - Copy (1).jpg,"not radius, ulna, or humerus"
./raw_data/fracture_dataset/train/fractured/220px-MalletFinger.PNG.jpg,outputs/removed_other_bones_quarantine/raw_data__fracture_dataset__train__fractured__220px-MalletFinger.PNG.jpg,"not radius, ulna, or humerus"
./raw_data/fracture_dataset/train/fractured/2-rotated2-rotated1-rotated1 - Copy (1).jpg,outputs/removed_other_bones_quarantine/raw_data__fracture_dataset__train__fractured__2-rotated2-rotated1-rotated1 - Copy (1).jpg,"not radius, ulna, or humerus"
./raw_data/fracture_dataset/train/fractured/94-rotated1-rotated3 (1).jpg,outputs/removed_other_bones_quarantine/raw_data__fracture_dataset__train__fractured__94-rotated1-rotated3 (1).jpg,"not radius, ulna, or humerus"
./raw_data/fracture_dataset/train/fractured/93-rotated2-rotated3-rotated3 (1).jpg,outputs/removed_other_bones_quarantine/raw_data__fracture_dataset__train__fractured__93-rotated2-rotated3-rotated3 (1).jpg,"not radius, ulna, or humerus"
./raw_data/fracture_dataset/train/fractured/IMG0002341.jpg,outputs/removed_other_bones_quarantine/raw_data__fracture_dataset__train__fractured__IMG0002341.jpg,"not radius, ulna, or humerus"
./raw_data/fracture_dataset/train/fractured/94-rotated1-rotated3-rotated2 - Copy (1).jpg,outputs/removed_other_bones_quarantine/raw_data__fracture_dataset__train__fractured__94-rotated1-rotated3-rotated2 - Copy (1).jpg,"not radius, ulna, or humerus"
./raw_data/fracture_dataset/train/fractured/96-rotated2-rotated2-rotated2 (1).jpg,outputs/removed_other_bones_quarantine/raw_data__fracture_dataset__train__fractured__96-rotated2-rotated2-rotated2 (1).jpg,"not radius, ulna, or humerus"
./raw_data/fracture_dataset/train/fractured/39.jpg,outputs/removed_other_bones_quarantine/raw_data__fracture_dataset__train__fractured__39.jpg,"not radius, ulna, or humerus"
./raw_data/fracture_dataset/train/fractured/3-rotated3-rotated1-rotated1 - Copy (1).jpg,outputs/removed_other_bones_quarantine/raw_data__fracture_dataset__train__fractured__3-rotated3-rotated1-rotated1 - Copy (1).jpg,"not radius, ulna, or humerus"
./raw_data/fracture_dataset/train/fractured/86-rotated2-rotated2-rotated2 - Copy.jpg,outputs/removed_other_bones_quarantine/raw_data__fracture_dataset__train__fractured__86-rotated2-rotated2-rotated2 - Copy.jpg,"not radius, ulna, or humerus"
./raw_data/fracture_dataset/train/fractured/9-rotated1-rotated3-rotated2.jpg,outputs/removed_other_bones_quarantine/raw_data__fracture_dataset__train__fractured__9-rotated1-rotated3-rotated2.jpg,"not radius, ulna, or humerus"
./raw_data/fracture_dataset/train/fractured/81-rotated3-rotated1-rotated2.jpg,outputs/removed_other_bones_quarantine/raw_data__fracture_dataset__train__fractured__81-rotated3-rotated1-rotated2.jpg,"not radius, ulna, or humerus"
./raw_data/fracture_dataset/train/fractured/6-rotated1-rotated2-rotated2 - Copy.jpg,outputs/removed_other_bones_quarantine/raw_data__fracture_dataset__train__fractured__6-rotated1-rotated2-rotated2 - Copy.jpg,"not radius, ulna, or humerus"
./raw_data/fracture_dataset/train/fractured/180.jpg,outputs/removed_other_bones_quarantine/raw_data__fracture_dataset__train__fractured__180.jpg,"not radius, ulna, or humerus"
./raw_data/fracture_dataset/train/fractured/84 (1).jpg,outputs/removed_other_bones_quarantine/raw_data__fracture_dataset__train__fractured__84 (1).jpg,"not radius, ulna, or humerus"
./raw_data/fracture_dataset/train/fractured/8-rotated1.jpg,outputs/removed_other_bones_quarantine/raw_data__fracture_dataset__train__fractured__8-rotated1.jpg,"not radius, ulna, or humerus"
./raw_data/fracture_dataset/train/fractured/95-rotated3 - Copy.jpg,outputs/removed_other_bones_quarantine/raw_data__fracture_dataset__train__fractured__95-rotated3 - Copy.jpg,"not radius, ulna, or humerus"
./raw_data/fracture_dataset/train/fractured/172.jpg,outputs/removed_other_bones_quarantine/raw_data__fracture_dataset__train__fractured__172.jpg,"not radius, ulna, or humerus"
./raw_data/fracture_dataset/train/fractured/TibStressFrac-895x1024.jpg,outputs/removed_other_bones_quarantine/raw_data__fracture_dataset__train__fractured__TibStressFrac-895x1024.jpg,"not radius, ulna, or humerus"
./raw_data/fracture_dataset/train/fractured/4-rotated2.jpg,outputs/removed_other_bones_quarantine/raw_data__fracture_dataset__train__fractured__4-rotated2.jpg,"not radius, ulna, or humerus"
./raw_data/fracture_dataset/train/fractured/6-rotated3-rotated2-rotated2 (1).jpg,outputs/removed_other_bones_quarantine/raw_data__fracture_dataset__train__fractured__6-rotated3-rotated2-rotated2 (1).jpg,"not radius, ulna, or humerus"
./raw_data/fracture_dataset/train/fractured/7-rotated2-rotated1-rotated1 (1).jpg,outputs/removed_other_bones_quarantine/raw_data__fracture_dataset__train__fractured__7-rotated2-rotated1-rotated1 (1).jpg,"not radius, ulna, or humerus"
./raw_data/fracture_dataset/train/fractured/82-rotated1-rotated2 - Copy.jpg,outputs/removed_other_bones_quarantine/raw_data__fracture_dataset__train__fractured__82-rotated1-rotated2 - Copy.jpg,"not radius, ulna, or humerus"
./raw_data/fracture_dataset/train/fractured/82-rotated2.jpg,outputs/removed_other_bones_quarantine/raw_data__fracture_dataset__train__fractured__82-rotated2.jpg,"not radius, ulna, or humerus"
./raw_data/fracture_dataset/train/fractured/80-rotated1-rotated2-rotated2 - Copy.jpg,outputs/removed_other_bones_quarantine/raw_data__fracture_dataset__train__fractured__80-rotated1-rotated2-rotated2 - Copy.jpg,"not radius, ulna, or humerus"
./raw_data/fracture_dataset/train/fractured/192.jpg,outputs/removed_other_bones_quarantine/raw_data__fracture_dataset__train__fractured__192.jpg,"not radius, ulna, or humerus"
./raw_data/fracture_dataset/train/fractured/2d59fd50936098df8ddf49c912e70b_gallery (2).jpg,outputs/removed_other_bones_quarantine/raw_data__fracture_dataset__train__fractured__2d59fd50936098df8ddf49c912e70b_gallery (2).jpg,"not radius, ulna, or humerus"
./raw_data/fracture_dataset/train/fractured/119.jpg,outputs/removed_other_bones_quarantine/raw_data__fracture_dataset__train__fractured__119.jpg,"not radius, ulna, or humerus"
./raw_data/fracture_dataset/train/fractured/1-rotated3-rotated1 (1).jpg,outputs/removed_other_bones_quarantine/raw_data__fracture_dataset__train__fractured__1-rotated3-rotated1 (1).jpg,"not radius, ulna, or humerus"
./raw_data/fracture_dataset/train/fractured/92-rotated1-rotated1 (1).jpg,outputs/removed_other_bones_quarantine/raw_data__fracture_dataset__train__fractured__92-rotated1-rotated1 (1).jpg,"not radius, ulna, or humerus"
./raw_data/fracture_dataset/train/fractured/85-rotated1-rotated1 (1).jpg,outputs/removed_other_bones_quarantine/raw_data__fracture_dataset__train__fractured__85-rotated1-rotated1 (1).jpg,"not radius, ulna, or humerus"
./raw_data/fracture_dataset/train/fractured/Transverse-fracture_Q640.jpg,outputs/removed_other_bones_quarantine/raw_data__fracture_dataset__train__fractured__Transverse-fracture_Q640.jpg,"not radius, ulna, or humerus"
./raw_data/fracture_dataset/train/fractured/5-rotated3-rotated3-rotated1.jpg,outputs/removed_other_bones_quarantine/raw_data__fracture_dataset__train__fractured__5-rotated3-rotated3-rotated1.jpg,"not radius, ulna, or humerus"
./raw_data/fracture_dataset/train/fractured/94-rotated2-rotated3-rotated2 - Copy (1).jpg,outputs/removed_other_bones_quarantine/raw_data__fracture_dataset__train__fractured__94-rotated2-rotated3-rotated2 - Copy (1).jpg,"not radius, ulna, or humerus"
./raw_data/fracture_dataset/train/fractured/1-rotated3-rotated2-rotated1.jpg,outputs/removed_other_bones_quarantine/raw_data__fracture_dataset__train__fractured__1-rotated3-rotated2-rotated1.jpg,"not radius, ulna, or humerus"
./raw_data/fracture_dataset/train/fractured/81-rotated2-rotated3-rotated2.jpg,outputs/removed_other_bones_quarantine/raw_data__fracture_dataset__train__fractured__81-rotated2-rotated3-rotated2.jpg,"not radius, ulna, or humerus"
./raw_data/fracture_dataset/train/fractured/4-rotated3-rotated3 - Copy.jpg,outputs/removed_other_bones_quarantine/raw_data__fracture_dataset__train__fractured__4-rotated3-rotated3 - Copy.jpg,"not radius, ulna, or humerus"
./raw_data/fracture_dataset/train/fractured/94-rotated1-rotated3-rotated1.jpg,outputs/removed_other_bones_quarantine/raw_data__fracture_dataset__train__fractured__94-rotated1-rotated3-rotated1.jpg,"not radius, ulna, or humerus"
./raw_data/fracture_dataset/train/fractured/9 - Copy.jpg,outputs/removed_other_bones_quarantine/raw_data__fracture_dataset__train__fractured__9 - Copy.jpg,"not radius, ulna, or humerus"
./raw_data/fracture_dataset/train/fractured/d74becf7b697eb9a80a68504353a5211542d8aedc94c50c72a7663045e67f07e_gallery (1).jpeg,outputs/removed_other_bones_quarantine/raw_data__fracture_dataset__train__fractured__d74becf7b697eb9a80a68504353a5211542d8aedc94c50c72a7663045e67f07e_gallery (1).jpeg,"not radius, ulna, or humerus"
./raw_data/fracture_dataset/train/fractured/148.jpg,outputs/removed_other_bones_quarantine/raw_data__fracture_dataset__train__fractured__148.jpg,"not radius, ulna, or humerus"
./raw_data/fracture_dataset/train/fractured/85-rotated3-rotated1-rotated3 (1).jpg,outputs/removed_other_bones_quarantine/raw_data__fracture_dataset__train__fractured__85-rotated3-rotated1-rotated3 (1).jpg,"not radius, ulna, or humerus"
./raw_data/fracture_dataset/train/fractured/98-rotated1-rotated3-rotated2 (1).jpg,outputs/removed_other_bones_quarantine/raw_data__fracture_dataset__train__fractured__98-rotated1-rotated3-rotated2 (1).jpg,"not radius, ulna, or humerus"
./raw_data/fracture_dataset/train/fractured/104.jpg,outputs/removed_other_bones_quarantine/raw_data__fracture_dataset__train__fractured__104.jpg,"not radius, ulna, or humerus"
./raw_data/fracture_dataset/train/fractured/6-rotated2-rotated3 - Copy.jpg,outputs/removed_other_bones_quarantine/raw_data__fracture_dataset__train__fractured__6-rotated2-rotated3 - Copy.jpg,"not radius, ulna, or humerus"
./raw_data/fracture_dataset/train/fractured/93-rotated3-rotated1-rotated3 - Copy (1).jpg,outputs/removed_other_bones_quarantine/raw_data__fracture_dataset__train__fractured__93-rotated3-rotated1-rotated3 - Copy (1).jpg,"not radius, ulna, or humerus"
./raw_data/fracture_dataset/train/fractured/96-rotated2-rotated3-rotated2 - Copy (1).jpg,outputs/removed_other_bones_quarantine/raw_data__fracture_dataset__train__fractured__96-rotated2-rotated3-rotated2 - Copy (1).jpg,"not radius, ulna, or humerus"
./raw_data/fracture_dataset/train/fractured/X-rays.jpg,outputs/removed_other_bones_quarantine/raw_data__fracture_dataset__train__fractured__X-rays.jpg,"not radius, ulna, or humerus"
./raw_data/fracture_dataset/train/fractured/5-rotated1-rotated2-rotated3.jpg,outputs/removed_other_bones_quarantine/raw_data__fracture_dataset__train__fractured__5-rotated1-rotated2-rotated3.jpg,"not radius, ulna, or humerus"
./raw_data/fracture_dataset/train/fractured/4-rotated1 - Copy (1).jpg,outputs/removed_other_bones_quarantine/raw_data__fracture_dataset__train__fractured__4-rotated1 - Copy (1).jpg,"not radius, ulna, or humerus"
./raw_data/fracture_dataset/train/fractured/9-rotated2-rotated1-rotated2 (1).jpg,outputs/removed_other_bones_quarantine/raw_data__fracture_dataset__train__fractured__9-rotated2-rotated1-rotated2 (1).jpg,"not radius, ulna, or humerus"
./raw_data/fracture_dataset/train/fractured/leg-xray-showing-closed-spiral-260nw-1586443063.jpg,outputs/removed_other_bones_quarantine/raw_data__fracture_dataset__train__fractured__leg-xray-showing-closed-spiral-260nw-1586443063.jpg,"not radius, ulna, or humerus"
./raw_data/fracture_dataset/train/fractured/92-rotated2 - Copy.jpg,outputs/removed_other_bones_quarantine/raw_data__fracture_dataset__train__fractured__92-rotated2 - Copy.jpg,"not radius, ulna, or humerus"
./raw_data/fracture_dataset/train/fractured/43.jpg,outputs/removed_other_bones_quarantine/raw_data__fracture_dataset__train__fractured__43.jpg,"not radius, ulna, or humerus"
./raw_data/fracture_dataset/train/fractured/81-rotated2-rotated1-rotated3 (1).jpg,outputs/removed_other_bones_quarantine/raw_data__fracture_dataset__train__fractured__81-rotated2-rotated1-rotated3 (1).jpg,"not radius, ulna, or humerus"
./raw_data/fracture_dataset/train/fractured/94-rotated1-rotated2-rotated1.jpg,outputs/removed_other_bones_quarantine/raw_data__fracture_dataset__train__fractured__94-rotated1-rotated2-rotated1.jpg,"not radius, ulna, or humerus"
./raw_data/fracture_dataset/train/fractured/3-rotated2-rotated2-rotated1 - Copy.jpg,outputs/removed_other_bones_quarantine/raw_data__fracture_dataset__train__fractured__3-rotated2-rotated2-rotated1 - Copy.jpg,"not radius, ulna, or humerus"
./raw_data/fracture_dataset/train/fractured/81-rotated3-rotated1-rotated3 - Copy (1).jpg,outputs/removed_other_bones_quarantine/raw_data__fracture_dataset__train__fractured__81-rotated3-rotated1-rotated3 - Copy (1).jpg,"not radius, ulna, or humerus"
./raw_data/fracture_dataset/train/fractured/9-rotated2-rotated1-rotated1 (1).jpg,outputs/removed_other_bones_quarantine/raw_data__fracture_dataset__train__fractured__9-rotated2-rotated1-rotated1 (1).jpg,"not radius, ulna, or humerus"
./raw_data/fracture_dataset/train/fractured/9-rotated3-rotated1 - Copy (1).jpg,outputs/removed_other_bones_quarantine/raw_data__fracture_dataset__train__fractured__9-rotated3-rotated1 - Copy (1).jpg,"not radius, ulna, or humerus"
./raw_data/fracture_dataset/train/fractured/8-rotated1-rotated3-rotated2 (1).jpg,outputs/removed_other_bones_quarantine/raw_data__fracture_dataset__train__fractured__8-rotated1-rotated3-rotated2 (1).jpg,"not radius, ulna, or humerus"
./raw_data/fracture_dataset/train/fractured/77.jpg,outputs/removed_other_bones_quarantine/raw_data__fracture_dataset__train__fractured__77.jpg,"not radius, ulna, or humerus"
./raw_data/fracture_dataset/train/fractured/220.jpg,outputs/removed_other_bones_quarantine/raw_data__fracture_dataset__train__fractured__220.jpg,"not radius, ulna, or humerus"
./raw_data/fracture_dataset/train/fractured/97-rotated3-rotated2-rotated1 (1).jpg,outputs/removed_other_bones_quarantine/raw_data__fracture_dataset__train__fractured__97-rotated3-rotated2-rotated1 (1).jpg,"not radius, ulna, or humerus"
./raw_data/fracture_dataset/train/fractured/88-rotated3-rotated1-rotated3 (1).jpg,outputs/removed_other_bones_quarantine/raw_data__fracture_dataset__train__fractured__88-rotated3-rotated1-rotated3 (1).jpg,"not radius, ulna, or humerus"
./raw_data/fracture_dataset/train/fractured/urncambridge.orgidbinary555020160617101301362-0121figu11_23a.png,outputs/removed_other_bones_quarantine/raw_data__fracture_dataset__train__fractured__urncambridge.orgidbinary555020160617101301362-0121figu11_23a.png,"not radius, ulna, or humerus"
./raw_data/fracture_dataset/train/fractured/5-rotated2-rotated3-rotated3 - Copy (1).jpg,outputs/removed_other_bones_quarantine/raw_data__fracture_dataset__train__fractured__5-rotated2-rotated3-rotated3 - Copy (1).jpg,"not radius, ulna, or humerus"
./raw_data/fracture_dataset/train/fractured/199.jpg,outputs/removed_other_bones_quarantine/raw_data__fracture_dataset__train__fractured__199.jpg,"not radius, ulna, or humerus"
./raw_data/fracture_dataset/train/fractured/86-rotated2-rotated3-rotated2 - Copy.jpg,outputs/removed_other_bones_quarantine/raw_data__fracture_dataset__train__fractured__86-rotated2-rotated3-rotated2 - Copy.jpg,"not radius, ulna, or humerus"
./raw_data/fracture_dataset/train/fractured/97-rotated3-rotated2-rotated2.jpg,outputs/removed_other_bones_quarantine/raw_data__fracture_dataset__train__fractured__97-rotated3-rotated2-rotated2.jpg,"not radius, ulna, or humerus"
./raw_data/fracture_dataset/train/fractured/90-rotated2-rotated1 (1).jpg,outputs/removed_other_bones_quarantine/raw_data__fracture_dataset__train__fractured__90-rotated2-rotated1 (1).jpg,"not radius, ulna, or humerus"
./raw_data/fracture_dataset/train/fractured/87-rotated3-rotated1-rotated2.jpg,outputs/removed_other_bones_quarantine/raw_data__fracture_dataset__train__fractured__87-rotated3-rotated1-rotated2.jpg,"not radius, ulna, or humerus"
./raw_data/fracture_dataset/train/fractured/83-rotated1-rotated1.jpg,outputs/removed_other_bones_quarantine/raw_data__fracture_dataset__train__fractured__83-rotated1-rotated1.jpg,"not radius, ulna, or humerus"
./raw_data/fracture_dataset/train/fractured/2-rotated3-rotated3 - Copy.jpg,outputs/removed_other_bones_quarantine/raw_data__fracture_dataset__train__fractured__2-rotated3-rotated3 - Copy.jpg,"not radius, ulna, or humerus"
./raw_data/fracture_dataset/train/fractured/111.jpg,outputs/removed_other_bones_quarantine/raw_data__fracture_dataset__train__fractured__111.jpg,"not radius, ulna, or humerus"
./raw_data/fracture_dataset/train/fractured/92-rotated2-rotated1-rotated2 - Copy.jpg,outputs/removed_other_bones_quarantine/raw_data__fracture_dataset__train__fractured__92-rotated2-rotated1-rotated2 - Copy.jpg,"not radius, ulna, or humerus"
./raw_data/fracture_dataset/train/fractured/77f8f82dd8cdcf805923a93b0185e1_gallery.jpeg,outputs/removed_other_bones_quarantine/raw_data__fracture_dataset__train__fractured__77f8f82dd8cdcf805923a93b0185e1_gallery.jpeg,"not radius, ulna, or humerus"
./raw_data/fracture_dataset/train/fractured/99-rotated2-rotated1-rotated2 - Copy.jpg,outputs/removed_other_bones_quarantine/raw_data__fracture_dataset__train__fractured__99-rotated2-rotated1-rotated2 - Copy.jpg,"not radius, ulna, or humerus"
./raw_data/fracture_dataset/train/fractured/8-rotated2-rotated2 - Copy.jpg,outputs/removed_other_bones_quarantine/raw_data__fracture_dataset__train__fractured__8-rotated2-rotated2 - Copy.jpg,"not radius, ulna, or humerus"
./raw_data/fracture_dataset/train/fractured/53.jpg,outputs/removed_other_bones_quarantine/raw_data__fracture_dataset__train__fractured__53.jpg,"not radius, ulna, or humerus"
./raw_data/fracture_dataset/train/fractured/8-rotated1-rotated2.jpg,outputs/removed_other_bones_quarantine/raw_data__fracture_dataset__train__fractured__8-rotated1-rotated2.jpg,"not radius, ulna, or humerus"
./raw_data/fracture_dataset/train/fractured/1-rotated3-rotated3-rotated1 - Copy.jpg,outputs/removed_other_bones_quarantine/raw_data__fracture_dataset__train__fractured__1-rotated3-rotated3-rotated1 - Copy.jpg,"not radius, ulna, or humerus"
./raw_data/fracture_dataset/train/fractured/85-rotated1.jpg,outputs/removed_other_bones_quarantine/raw_data__fracture_dataset__train__fractured__85-rotated1.jpg,"not radius, ulna, or humerus"
./raw_data/fracture_dataset/train/fractured/89-rotated2-rotated3-rotated1 (1).jpg,outputs/removed_other_bones_quarantine/raw_data__fracture_dataset__train__fractured__89-rotated2-rotated3-rotated1 (1).jpg,"not radius, ulna, or humerus"
./raw_data/fracture_dataset/train/fractured/60.jpg,outputs/removed_other_bones_quarantine/raw_data__fracture_dataset__train__fractured__60.jpg,"not radius, ulna, or humerus"
./raw_data/fracture_dataset/train/fractured/37(1).jpg,outputs/removed_other_bones_quarantine/raw_data__fracture_dataset__train__fractured__37(1).jpg,"not radius, ulna, or humerus"
./raw_data/fracture_dataset/train/fractured/89-rotated3-rotated2-rotated2.jpg,outputs/removed_other_bones_quarantine/raw_data__fracture_dataset__train__fractured__89-rotated3-rotated2-rotated2.jpg,"not radius, ulna, or humerus"
./raw_data/fracture_dataset/train/fractured/81-rotated1-rotated3-rotated3 - Copy (1).jpg,outputs/removed_other_bones_quarantine/raw_data__fracture_dataset__train__fractured__81-rotated1-rotated3-rotated3 - Copy (1).jpg,"not radius, ulna, or humerus"
./raw_data/fracture_dataset/train/fractured/82-rotated3-rotated1-rotated3.jpg,outputs/removed_other_bones_quarantine/raw_data__fracture_dataset__train__fractured__82-rotated3-rotated1-rotated3.jpg,"not radius, ulna, or humerus"
./raw_data/fracture_dataset/train/fractured/3-rotated1-rotated2-rotated3.jpg,outputs/removed_other_bones_quarantine/raw_data__fracture_dataset__train__fractured__3-rotated1-rotated2-rotated3.jpg,"not radius, ulna, or humerus"
./raw_data/fracture_dataset/train/fractured/85-rotated2-rotated1-rotated1 - Copy (1).jpg,outputs/removed_other_bones_quarantine/raw_data__fracture_dataset__train__fractured__85-rotated2-rotated1-rotated1 - Copy (1).jpg,"not radius, ulna, or humerus"
./raw_data/fracture_dataset/train/fractured/L3-compression-fracture.jpg,outputs/removed_other_bones_quarantine/raw_data__fracture_dataset__train__fractured__L3-compression-fracture.jpg,"not radius, ulna, or humerus"
./raw_data/fracture_dataset/train/fractured/90-rotated3-rotated3.jpg,outputs/removed_other_bones_quarantine/raw_data__fracture_dataset__train__fractured__90-rotated3-rotated3.jpg,"not radius, ulna, or humerus"
./raw_data/fracture_dataset/train/fractured/2-rotated2-rotated1-rotated3 - Copy.jpg,outputs/removed_other_bones_quarantine/raw_data__fracture_dataset__train__fractured__2-rotated2-rotated1-rotated3 - Copy.jpg,"not radius, ulna, or humerus"
./raw_data/fracture_dataset/train/fractured/95-rotated2-rotated1-rotated2 - Copy (1).jpg,outputs/removed_other_bones_quarantine/raw_data__fracture_dataset__train__fractured__95-rotated2-rotated1-rotated2 - Copy (1).jpg,"not radius, ulna, or humerus"
./raw_data/fracture_dataset/train/fractured/8.jpg,outputs/removed_other_bones_quarantine/raw_data__fracture_dataset__train__fractured__8.jpg,"not radius, ulna, or humerus"
./raw_data/fracture_dataset/train/fractured/2-rotated3-rotated1-rotated2 (1).jpg,outputs/removed_other_bones_quarantine/raw_data__fracture_dataset__train__fractured__2-rotated3-rotated1-rotated2 (1).jpg,"not radius, ulna, or humerus"
./raw_data/fracture_dataset/train/fractured/152.jpg,outputs/removed_other_bones_quarantine/raw_data__fracture_dataset__train__fractured__152.jpg,"not radius, ulna, or humerus"
./raw_data/fracture_dataset/train/fractured/5-rotated2-rotated2-rotated3 - Copy.jpg,outputs/removed_other_bones_quarantine/raw_data__fracture_dataset__train__fractured__5-rotated2-rotated2-rotated3 - Copy.jpg,"not radius, ulna, or humerus"
./raw_data/fracture_dataset/train/fractured/84-rotated2-rotated2-rotated3 (1).jpg,outputs/removed_other_bones_quarantine/raw_data__fracture_dataset__train__fractured__84-rotated2-rotated2-rotated3 (1).jpg,"not radius, ulna, or humerus"
./raw_data/fracture_dataset/train/fractured/92-rotated2-rotated2-rotated3 - Copy (1).jpg,outputs/removed_other_bones_quarantine/raw_data__fracture_dataset__train__fractured__92-rotated2-rotated2-rotated3 - Copy (1).jpg,"not radius, ulna, or humerus"
./raw_data/fracture_dataset/train/fractured/7-rotated2-rotated2-rotated2 (1).jpg,outputs/removed_other_bones_quarantine/raw_data__fracture_dataset__train__fractured__7-rotated2-rotated2-rotated2 (1).jpg,"not radius, ulna, or humerus"
./raw_data/fracture_dataset/train/fractured/66.jpg,outputs/removed_other_bones_quarantine/raw_data__fracture_dataset__train__fractured__66.jpg,"not radius, ulna, or humerus"
./raw_data/fracture_dataset/train/fractured/g04jl21g15a (1).jpeg,outputs/removed_other_bones_quarantine/raw_data__fracture_dataset__train__fractured__g04jl21g15a (1).jpeg,"not radius, ulna, or humerus"
./raw_data/fracture_dataset/train/fractured/110.jpg,outputs/removed_other_bones_quarantine/raw_data__fracture_dataset__train__fractured__110.jpg,"not radius, ulna, or humerus"
./raw_data/fracture_dataset/train/fractured/202.jpg,outputs/removed_other_bones_quarantine/raw_data__fracture_dataset__train__fractured__202.jpg,"not radius, ulna, or humerus"
./raw_data/fracture_dataset/train/fractured/7-rotated3-rotated1-rotated2 (1).jpg,outputs/removed_other_bones_quarantine/raw_data__fracture_dataset__train__fractured__7-rotated3-rotated1-rotated2 (1).jpg,"not radius, ulna, or humerus"
./raw_data/fracture_dataset/train/fractured/82-rotated2-rotated2-rotated3 (1).jpg,outputs/removed_other_bones_quarantine/raw_data__fracture_dataset__train__fractured__82-rotated2-rotated2-rotated3 (1).jpg,"not radius, ulna, or humerus"
./raw_data/fracture_dataset/train/fractured/1-rotated1-rotated3-rotated1 - Copy.jpg,outputs/removed_other_bones_quarantine/raw_data__fracture_dataset__train__fractured__1-rotated1-rotated3-rotated1 - Copy.jpg,"not radius, ulna, or humerus"
./raw_data/fracture_dataset/train/fractured/965bde10687811ecbbeb050932094b9f-Figure-1.png,outputs/removed_other_bones_quarantine/raw_data__fracture_dataset__train__fractured__965bde10687811ecbbeb050932094b9f-Figure-1.png,"not radius, ulna, or humerus"
./raw_data/fracture_dataset/train/fractured/99-rotated2-rotated1 (1).jpg,outputs/removed_other_bones_quarantine/raw_data__fracture_dataset__train__fractured__99-rotated2-rotated1 (1).jpg,"not radius, ulna, or humerus"
./raw_data/fracture_dataset/train/fractured/93-rotated1-rotated1-rotated3 (1).jpg,outputs/removed_other_bones_quarantine/raw_data__fracture_dataset__train__fractured__93-rotated1-rotated1-rotated3 (1).jpg,"not radius, ulna, or humerus"
./raw_data/fracture_dataset/train/fractured/92-rotated1-rotated2 (1).jpg,outputs/removed_other_bones_quarantine/raw_data__fracture_dataset__train__fractured__92-rotated1-rotated2 (1).jpg,"not radius, ulna, or humerus"
./raw_data/fracture_dataset/train/fractured/214.jpg,outputs/removed_other_bones_quarantine/raw_data__fracture_dataset__train__fractured__214.jpg,"not radius, ulna, or humerus"
./raw_data/fracture_dataset/train/fractured/82-rotated1-rotated3 - Copy (1).jpg,outputs/removed_other_bones_quarantine/raw_data__fracture_dataset__train__fractured__82-rotated1-rotated3 - Copy (1).jpg,"not radius, ulna, or humerus"
./raw_data/fracture_dataset/train/fractured/9-rotated1-rotated1-rotated1.jpg,outputs/removed_other_bones_quarantine/raw_data__fracture_dataset__train__fractured__9-rotated1-rotated1-rotated1.jpg,"not radius, ulna, or humerus"
./raw_data/fracture_dataset/train/fractured/a73f2c9bdd35c515786ccb37e1317e7a (1).jpg,outputs/removed_other_bones_quarantine/raw_data__fracture_dataset__train__fractured__a73f2c9bdd35c515786ccb37e1317e7a (1).jpg,"not radius, ulna, or humerus"
./raw_data/fracture_dataset/train/fractured/83-rotated1.jpg,outputs/removed_other_bones_quarantine/raw_data__fracture_dataset__train__fractured__83-rotated1.jpg,"not radius, ulna, or humerus"
./raw_data/fracture_dataset/train/fractured/90-rotated2-rotated3-rotated3 (1).jpg,outputs/removed_other_bones_quarantine/raw_data__fracture_dataset__train__fractured__90-rotated2-rotated3-rotated3 (1).jpg,"not radius, ulna, or humerus"
./raw_data/fracture_dataset/train/fractured/90-rotated1-rotated1 (1).jpg,outputs/removed_other_bones_quarantine/raw_data__fracture_dataset__train__fractured__90-rotated1-rotated1 (1).jpg,"not radius, ulna, or humerus"
./raw_data/fracture_dataset/train/fractured/91-rotated3-rotated2-rotated2 - Copy.jpg,outputs/removed_other_bones_quarantine/raw_data__fracture_dataset__train__fractured__91-rotated3-rotated2-rotated2 - Copy.jpg,"not radius, ulna, or humerus"
./raw_data/fracture_dataset/train/fractured/84-rotated3-rotated2 - Copy.jpg,outputs/removed_other_bones_quarantine/raw_data__fracture_dataset__train__fractured__84-rotated3-rotated2 - Copy.jpg,"not radius, ulna, or humerus"
./raw_data/fracture_dataset/train/fractured/5-rotated1-rotated3 - Copy.jpg,outputs/removed_other_bones_quarantine/raw_data__fracture_dataset__train__fractured__5-rotated1-rotated3 - Copy.jpg,"not radius, ulna, or humerus"
./raw_data/fracture_dataset/train/fractured/80-rotated1-rotated1-rotated2 - Copy.jpg,outputs/removed_other_bones_quarantine/raw_data__fracture_dataset__train__fractured__80-rotated1-rotated1-rotated2 - Copy.jpg,"not radius, ulna, or humerus"
./raw_data/fracture_dataset/train/fractured/87-rotated2-rotated1-rotated2.jpg,outputs/removed_other_bones_quarantine/raw_data__fracture_dataset__train__fractured__87-rotated2-rotated1-rotated2.jpg,"not radius, ulna, or humerus"
./raw_data/fracture_dataset/train/fractured/3-rotated1-rotated3-rotated2 - Copy (1).jpg,outputs/removed_other_bones_quarantine/raw_data__fracture_dataset__train__fractured__3-rotated1-rotated3-rotated2 - Copy (1).jpg,"not radius, ulna, or humerus"
./raw_data/fracture_dataset/train/fractured/80-rotated1-rotated2 (1).jpg,outputs/removed_other_bones_quarantine/raw_data__fracture_dataset__train__fractured__80-rotated1-rotated2 (1).jpg,"not radius, ulna, or humerus"
./raw_data/fracture_dataset/train/fractured/30.jpg,outputs/removed_other_bones_quarantine/raw_data__fracture_dataset__train__fractured__30.jpg,"not radius, ulna, or humerus"
./raw_data/fracture_dataset/train/fractured/38.jpg,outputs/removed_other_bones_quarantine/raw_data__fracture_dataset__train__fractured__38.jpg,"not radius, ulna, or humerus"
./raw_data/fracture_dataset/train/fractured/9-rotated2-rotated2-rotated1 (1).jpg,outputs/removed_other_bones_quarantine/raw_data__fracture_dataset__train__fractured__9-rotated2-rotated2-rotated1 (1).jpg,"not radius, ulna, or humerus"
./raw_data/fracture_dataset/train/fractured/231.jpg,outputs/removed_other_bones_quarantine/raw_data__fracture_dataset__train__fractured__231.jpg,"not radius, ulna, or humerus"
./raw_data/fracture_dataset/train/fractured/1-rotated3-rotated3-rotated3 (1).jpg,outputs/removed_other_bones_quarantine/raw_data__fracture_dataset__train__fractured__1-rotated3-rotated3-rotated3 (1).jpg,"not radius, ulna, or humerus"
./raw_data/fracture_dataset/train/fractured/93-rotated1-rotated3-rotated1 - Copy.jpg,outputs/removed_other_bones_quarantine/raw_data__fracture_dataset__train__fractured__93-rotated1-rotated3-rotated1 - Copy.jpg,"not radius, ulna, or humerus"
./raw_data/fracture_dataset/train/fractured/200.jpg,outputs/removed_other_bones_quarantine/raw_data__fracture_dataset__train__fractured__200.jpg,"not radius, ulna, or humerus"
./raw_data/fracture_dataset/train/fractured/a5097978d0d283_Afbeelding-7 (1).jpg,outputs/removed_other_bones_quarantine/raw_data__fracture_dataset__train__fractured__a5097978d0d283_Afbeelding-7 (1).jpg,"not radius, ulna, or humerus"
./raw_data/fracture_dataset/train/fractured/125.jpg,outputs/removed_other_bones_quarantine/raw_data__fracture_dataset__train__fractured__125.jpg,"not radius, ulna, or humerus"
./raw_data/fracture_dataset/train/fractured/184.jpg,outputs/removed_other_bones_quarantine/raw_data__fracture_dataset__train__fractured__184.jpg,"not radius, ulna, or humerus"
./raw_data/fracture_dataset/train/fractured/48.jpg,outputs/removed_other_bones_quarantine/raw_data__fracture_dataset__train__fractured__48.jpg,"not radius, ulna, or humerus"
./raw_data/fracture_dataset/train/fractured/3 - Copy.jpg,outputs/removed_other_bones_quarantine/raw_data__fracture_dataset__train__fractured__3 - Copy.jpg,"not radius, ulna, or humerus"
./raw_data/fracture_dataset/train/fractured/96-rotated3-rotated1 - Copy.jpg,outputs/removed_other_bones_quarantine/raw_data__fracture_dataset__train__fractured__96-rotated3-rotated1 - Copy.jpg,"not radius, ulna, or humerus"
./raw_data/fracture_dataset/train/fractured/93-rotated1-rotated1-rotated2 (1).jpg,outputs/removed_other_bones_quarantine/raw_data__fracture_dataset__train__fractured__93-rotated1-rotated1-rotated2 (1).jpg,"not radius, ulna, or humerus"
./raw_data/fracture_dataset/train/fractured/79-rotated2-rotated1 - Copy.jpg,outputs/removed_other_bones_quarantine/raw_data__fracture_dataset__train__fractured__79-rotated2-rotated1 - Copy.jpg,"not radius, ulna, or humerus"
./raw_data/fracture_dataset/train/fractured/Picture1.jpg,outputs/removed_other_bones_quarantine/raw_data__fracture_dataset__train__fractured__Picture1.jpg,"not radius, ulna, or humerus"
./raw_data/fracture_dataset/train/fractured/7-rotated1-rotated3-rotated1 (1).jpg,outputs/removed_other_bones_quarantine/raw_data__fracture_dataset__train__fractured__7-rotated1-rotated3-rotated1 (1).jpg,"not radius, ulna, or humerus"
./raw_data/fracture_dataset/train/fractured/98-rotated1-rotated1-rotated3 (1).jpg,outputs/removed_other_bones_quarantine/raw_data__fracture_dataset__train__fractured__98-rotated1-rotated1-rotated3 (1).jpg,"not radius, ulna, or humerus"
./raw_data/fracture_dataset/train/fractured/89-rotated3.jpg,outputs/removed_other_bones_quarantine/raw_data__fracture_dataset__train__fractured__89-rotated3.jpg,"not radius, ulna, or humerus"
./raw_data/fracture_dataset/train/fractured/82-rotated2-rotated3-rotated3.jpg,outputs/removed_other_bones_quarantine/raw_data__fracture_dataset__train__fractured__82-rotated2-rotated3-rotated3.jpg,"not radius, ulna, or humerus"
./raw_data/fracture_dataset/train/fractured/94-rotated1-rotated2 - Copy.jpg,outputs/removed_other_bones_quarantine/raw_data__fracture_dataset__train__fractured__94-rotated1-rotated2 - Copy.jpg,"not radius, ulna, or humerus"
./raw_data/fracture_dataset/train/fractured/40.jpg,outputs/removed_other_bones_quarantine/raw_data__fracture_dataset__train__fractured__40.jpg,"not radius, ulna, or humerus"
./raw_data/fracture_dataset/train/fractured/97-rotated2-rotated1-rotated1 - Copy.jpg,outputs/removed_other_bones_quarantine/raw_data__fracture_dataset__train__fractured__97-rotated2-rotated1-rotated1 - Copy.jpg,"not radius, ulna, or humerus"
./raw_data/fracture_dataset/train/fractured/1 (1).jpg,outputs/removed_other_bones_quarantine/raw_data__fracture_dataset__train__fractured__1 (1).jpg,"not radius, ulna, or humerus"
./raw_data/fracture_dataset/train/fractured/5-rotated3-rotated1-rotated1 - Copy.jpg,outputs/removed_other_bones_quarantine/raw_data__fracture_dataset__train__fractured__5-rotated3-rotated1-rotated1 - Copy.jpg,"not radius, ulna, or humerus"
./raw_data/fracture_dataset/train/fractured/a6980144fa36a4b20737df405b98b51a (1).jpg,outputs/removed_other_bones_quarantine/raw_data__fracture_dataset__train__fractured__a6980144fa36a4b20737df405b98b51a (1).jpg,"not radius, ulna, or humerus"
./raw_data/fracture_dataset/train/fractured/138.jpg,outputs/removed_other_bones_quarantine/raw_data__fracture_dataset__train__fractured__138.jpg,"not radius, ulna, or humerus"
./raw_data/fracture_dataset/train/fractured/72.jpg,outputs/removed_other_bones_quarantine/raw_data__fracture_dataset__train__fractured__72.jpg,"not radius, ulna, or humerus"
./raw_data/fracture_dataset/train/fractured/6.jpg,outputs/removed_other_bones_quarantine/raw_data__fracture_dataset__train__fractured__6.jpg,"not radius, ulna, or humerus"
./raw_data/fracture_dataset/train/fractured/216.jpg,outputs/removed_other_bones_quarantine/raw_data__fracture_dataset__train__fractured__216.jpg,"not radius, ulna, or humerus"
./raw_data/fracture_dataset/train/fractured/98-rotated2-rotated3-rotated2 (1).jpg,outputs/removed_other_bones_quarantine/raw_data__fracture_dataset__train__fractured__98-rotated2-rotated3-rotated2 (1).jpg,"not radius, ulna, or humerus"
./raw_data/fracture_dataset/train/fractured/5-rotated2-rotated2-rotated2 - Copy (1).jpg,outputs/removed_other_bones_quarantine/raw_data__fracture_dataset__train__fractured__5-rotated2-rotated2-rotated2 - Copy (1).jpg,"not radius, ulna, or humerus"
./raw_data/fracture_dataset/train/fractured/115.jpg,outputs/removed_other_bones_quarantine/raw_data__fracture_dataset__train__fractured__115.jpg,"not radius, ulna, or humerus"
./raw_data/fracture_dataset/train/fractured/175.jpg,outputs/removed_other_bones_quarantine/raw_data__fracture_dataset__train__fractured__175.jpg,"not radius, ulna, or humerus"
./raw_data/fracture_dataset/train/fractured/87-rotated2-rotated2-rotated3 (1).jpg,outputs/removed_other_bones_quarantine/raw_data__fracture_dataset__train__fractured__87-rotated2-rotated2-rotated3 (1).jpg,"not radius, ulna, or humerus"
./raw_data/fracture_dataset/train/fractured/91-rotated1-rotated2-rotated1 - Copy (1).jpg,outputs/removed_other_bones_quarantine/raw_data__fracture_dataset__train__fractured__91-rotated1-rotated2-rotated1 - Copy (1).jpg,"not radius, ulna, or humerus"
./raw_data/fracture_dataset/train/fractured/97-rotated3-rotated2-rotated3 - Copy.jpg,outputs/removed_other_bones_quarantine/raw_data__fracture_dataset__train__fractured__97-rotated3-rotated2-rotated3 - Copy.jpg,"not radius, ulna, or humerus"
./raw_data/fracture_dataset/train/fractured/38890tn.jpg,outputs/removed_other_bones_quarantine/raw_data__fracture_dataset__train__fractured__38890tn.jpg,"not radius, ulna, or humerus"
./raw_data/fracture_dataset/train/fractured/98-rotated1-rotated3 - Copy (1).jpg,outputs/removed_other_bones_quarantine/raw_data__fracture_dataset__train__fractured__98-rotated1-rotated3 - Copy (1).jpg,"not radius, ulna, or humerus"
./raw_data/fracture_dataset/train/fractured/140.jpg,outputs/removed_other_bones_quarantine/raw_data__fracture_dataset__train__fractured__140.jpg,"not radius, ulna, or humerus"
./raw_data/fracture_dataset/train/fractured/image23.jpeg,outputs/removed_other_bones_quarantine/raw_data__fracture_dataset__train__fractured__image23.jpeg,"not radius, ulna, or humerus"
./raw_data/fracture_dataset/train/fractured/174.jpg,outputs/removed_other_bones_quarantine/raw_data__fracture_dataset__train__fractured__174.jpg,"not radius, ulna, or humerus"
./raw_data/fracture_dataset/train/fractured/anterior_wedge_fracture_at_L1.png,outputs/removed_other_bones_quarantine/raw_data__fracture_dataset__train__fractured__anterior_wedge_fracture_at_L1.png,"not radius, ulna, or humerus"
./raw_data/fracture_dataset/train/fractured/IMG0002340.jpg,outputs/removed_other_bones_quarantine/raw_data__fracture_dataset__train__fractured__IMG0002340.jpg,"not radius, ulna, or humerus"
./raw_data/fracture_dataset/train/fractured/145.jpg,outputs/removed_other_bones_quarantine/raw_data__fracture_dataset__train__fractured__145.jpg,"not radius, ulna, or humerus"
./raw_data/fracture_dataset/train/fractured/98-rotated3-rotated2-rotated3 - Copy (1).jpg,outputs/removed_other_bones_quarantine/raw_data__fracture_dataset__train__fractured__98-rotated3-rotated2-rotated3 - Copy (1).jpg,"not radius, ulna, or humerus"
./raw_data/fracture_dataset/train/fractured/4-rotated3-rotated1-rotated2 - Copy (1).jpg,outputs/removed_other_bones_quarantine/raw_data__fracture_dataset__train__fractured__4-rotated3-rotated1-rotated2 - Copy (1).jpg,"not radius, ulna, or humerus"
./raw_data/fracture_dataset/train/fractured/3-rotated1-rotated2-rotated1 (1).jpg,outputs/removed_other_bones_quarantine/raw_data__fracture_dataset__train__fractured__3-rotated1-rotated2-rotated1 (1).jpg,"not radius, ulna, or humerus"
./raw_data/fracture_dataset/train/fractured/86-rotated3-rotated2-rotated3 (1).jpg,outputs/removed_other_bones_quarantine/raw_data__fracture_dataset__train__fractured__86-rotated3-rotated2-rotated3 (1).jpg,"not radius, ulna, or humerus"
./raw_data/fracture_dataset/train/fractured/d74becf7b697eb9a80a68504353a5211542d8aedc94c50c72a7663045e67f07e_gallery.jpeg,outputs/removed_other_bones_quarantine/raw_data__fracture_dataset__train__fractured__d74becf7b697eb9a80a68504353a5211542d8aedc94c50c72a7663045e67f07e_gallery.jpeg,"not radius, ulna, or humerus"
./raw_data/fracture_dataset/train/fractured/137.jpg,outputs/removed_other_bones_quarantine/raw_data__fracture_dataset__train__fractured__137.jpg,"not radius, ulna, or humerus"
./raw_data/fracture_dataset/train/fractured/6-rotated2-rotated3-rotated3 - Copy (1).jpg,outputs/removed_other_bones_quarantine/raw_data__fracture_dataset__train__fractured__6-rotated2-rotated3-rotated3 - Copy (1).jpg,"not radius, ulna, or humerus"
./raw_data/fracture_dataset/train/fractured/210.jpg,outputs/removed_other_bones_quarantine/raw_data__fracture_dataset__train__fractured__210.jpg,"not radius, ulna, or humerus"
./raw_data/fracture_dataset/train/fractured/28(1).jpg,outputs/removed_other_bones_quarantine/raw_data__fracture_dataset__train__fractured__28(1).jpg,"not radius, ulna, or humerus"
./raw_data/fracture_dataset/train/fractured/79-rotated3-rotated1-rotated2.jpg,outputs/removed_other_bones_quarantine/raw_data__fracture_dataset__train__fractured__79-rotated3-rotated1-rotated2.jpg,"not radius, ulna, or humerus"
./raw_data/fracture_dataset/train/fractured/2bc441c91f63a9588fab405fde2ae3_jumbo.jpeg,outputs/removed_other_bones_quarantine/raw_data__fracture_dataset__train__fractured__2bc441c91f63a9588fab405fde2ae3_jumbo.jpeg,"not radius, ulna, or humerus"
./raw_data/fracture_dataset/train/fractured/3-rotated1 - Copy.jpg,outputs/removed_other_bones_quarantine/raw_data__fracture_dataset__train__fractured__3-rotated1 - Copy.jpg,"not radius, ulna, or humerus"
./raw_data/fracture_dataset/train/fractured/32(1).jpg,outputs/removed_other_bones_quarantine/raw_data__fracture_dataset__train__fractured__32(1).jpg,"not radius, ulna, or humerus"
./raw_data/fracture_dataset/train/fractured/2-rotated3-rotated3-rotated2 - Copy (1).jpg,outputs/removed_other_bones_quarantine/raw_data__fracture_dataset__train__fractured__2-rotated3-rotated3-rotated2 - Copy (1).jpg,"not radius, ulna, or humerus"
./raw_data/fracture_dataset/train/fractured/142.jpg,outputs/removed_other_bones_quarantine/raw_data__fracture_dataset__train__fractured__142.jpg,"not radius, ulna, or humerus"
./raw_data/fracture_dataset/train/fractured/image11.jpeg,outputs/removed_other_bones_quarantine/raw_data__fracture_dataset__train__fractured__image11.jpeg,"not radius, ulna, or humerus"
./raw_data/fracture_dataset/train/fractured/92-rotated2-rotated1-rotated1 - Copy (1).jpg,outputs/removed_other_bones_quarantine/raw_data__fracture_dataset__train__fractured__92-rotated2-rotated1-rotated1 - Copy (1).jpg,"not radius, ulna, or humerus"
./raw_data/fracture_dataset/train/fractured/181.jpg,outputs/removed_other_bones_quarantine/raw_data__fracture_dataset__train__fractured__181.jpg,"not radius, ulna, or humerus"
./raw_data/fracture_dataset/train/fractured/59.jpg,outputs/removed_other_bones_quarantine/raw_data__fracture_dataset__train__fractured__59.jpg,"not radius, ulna, or humerus"
./raw_data/fracture_dataset/train/fractured/84-rotated1-rotated1-rotated2 - Copy (1).jpg,outputs/removed_other_bones_quarantine/raw_data__fracture_dataset__train__fractured__84-rotated1-rotated1-rotated2 - Copy (1).jpg,"not radius, ulna, or humerus"
./raw_data/fracture_dataset/train/fractured/9-rotated3-rotated3 (1).jpg,outputs/removed_other_bones_quarantine/raw_data__fracture_dataset__train__fractured__9-rotated3-rotated3 (1).jpg,"not radius, ulna, or humerus"
./raw_data/fracture_dataset/train/fractured/image2.jpeg,outputs/removed_other_bones_quarantine/raw_data__fracture_dataset__train__fractured__image2.jpeg,"not radius, ulna, or humerus"
./raw_data/fracture_dataset/train/fractured/124.jpg,outputs/removed_other_bones_quarantine/raw_data__fracture_dataset__train__fractured__124.jpg,"not radius, ulna, or humerus"
./raw_data/fracture_dataset/train/fractured/82 (1).jpg,outputs/removed_other_bones_quarantine/raw_data__fracture_dataset__train__fractured__82 (1).jpg,"not radius, ulna, or humerus"
./raw_data/fracture_dataset/train/fractured/95-rotated1-rotated3-rotated2 (1).jpg,outputs/removed_other_bones_quarantine/raw_data__fracture_dataset__train__fractured__95-rotated1-rotated3-rotated2 (1).jpg,"not radius, ulna, or humerus"
./raw_data/fracture_dataset/train/fractured/9-rotated1-rotated3-rotated1.jpg,outputs/removed_other_bones_quarantine/raw_data__fracture_dataset__train__fractured__9-rotated1-rotated3-rotated1.jpg,"not radius, ulna, or humerus"
./raw_data/fracture_dataset/train/fractured/images33.jpg,outputs/removed_other_bones_quarantine/raw_data__fracture_dataset__train__fractured__images33.jpg,"not radius, ulna, or humerus"
./raw_data/fracture_dataset/train/fractured/114.jpg,outputs/removed_other_bones_quarantine/raw_data__fracture_dataset__train__fractured__114.jpg,"not radius, ulna, or humerus"
./raw_data/fracture_dataset/train/fractured/90-rotated2-rotated1-rotated2 (1).jpg,outputs/removed_other_bones_quarantine/raw_data__fracture_dataset__train__fractured__90-rotated2-rotated1-rotated2 (1).jpg,"not radius, ulna, or humerus"
./raw_data/fracture_dataset/train/fractured/13.png,outputs/removed_other_bones_quarantine/raw_data__fracture_dataset__train__fractured__13.png,"not radius, ulna, or humerus"
./raw_data/fracture_dataset/train/fractured/87da0f2547dc990c9ec77ad8fc5203_gallery.JPEG.jpg,outputs/removed_other_bones_quarantine/raw_data__fracture_dataset__train__fractured__87da0f2547dc990c9ec77ad8fc5203_gallery.JPEG.jpg,"not radius, ulna, or humerus"
./raw_data/fracture_dataset/train/fractured/8-rotated2.jpg,outputs/removed_other_bones_quarantine/raw_data__fracture_dataset__train__fractured__8-rotated2.jpg,"not radius, ulna, or humerus"
./raw_data/fracture_dataset/train/fractured/10.png,outputs/removed_other_bones_quarantine/raw_data__fracture_dataset__train__fractured__10.png,"not radius, ulna, or humerus"
./raw_data/fracture_dataset/train/fractured/86-rotated2-rotated1 (1).jpg,outputs/removed_other_bones_quarantine/raw_data__fracture_dataset__train__fractured__86-rotated2-rotated1 (1).jpg,"not radius, ulna, or humerus"
./raw_data/fracture_dataset/train/fractured/99-rotated1-rotated1-rotated2.jpg,outputs/removed_other_bones_quarantine/raw_data__fracture_dataset__train__fractured__99-rotated1-rotated1-rotated2.jpg,"not radius, ulna, or humerus"
./raw_data/fracture_dataset/train/fractured/82.jpg,outputs/removed_other_bones_quarantine/raw_data__fracture_dataset__train__fractured__82.jpg,"not radius, ulna, or humerus"
./raw_data/fracture_dataset/train/fractured/93-rotated1-rotated3 (1).jpg,outputs/removed_other_bones_quarantine/raw_data__fracture_dataset__train__fractured__93-rotated1-rotated3 (1).jpg,"not radius, ulna, or humerus"
./raw_data/fracture_dataset/train/fractured/71.jpg,outputs/removed_other_bones_quarantine/raw_data__fracture_dataset__train__fractured__71.jpg,"not radius, ulna, or humerus"
./raw_data/fracture_dataset/train/fractured/4-rotated3-rotated1-rotated3 - Copy.jpg,outputs/removed_other_bones_quarantine/raw_data__fracture_dataset__train__fractured__4-rotated3-rotated1-rotated3 - Copy.jpg,"not radius, ulna, or humerus"
./raw_data/fracture_dataset/train/fractured/2-rotated3-rotated3-rotated1 (1).jpg,outputs/removed_other_bones_quarantine/raw_data__fracture_dataset__train__fractured__2-rotated3-rotated3-rotated1 (1).jpg,"not radius, ulna, or humerus"
./raw_data/fracture_dataset/train/fractured/44.jpg,outputs/removed_other_bones_quarantine/raw_data__fracture_dataset__train__fractured__44.jpg,"not radius, ulna, or humerus"
./raw_data/fracture_dataset/train/fractured/47yoMcentralhip.jpg,outputs/removed_other_bones_quarantine/raw_data__fracture_dataset__train__fractured__47yoMcentralhip.jpg,"not radius, ulna, or humerus"
./raw_data/fracture_dataset/train/fractured/1-rotated2-rotated2 (1).jpg,outputs/removed_other_bones_quarantine/raw_data__fracture_dataset__train__fractured__1-rotated2-rotated2 (1).jpg,"not radius, ulna, or humerus"
./raw_data/fracture_dataset/train/fractured/86-rotated2-rotated2-rotated1 (1).jpg,outputs/removed_other_bones_quarantine/raw_data__fracture_dataset__train__fractured__86-rotated2-rotated2-rotated1 (1).jpg,"not radius, ulna, or humerus"
./raw_data/fracture_dataset/train/fractured/images48.jpg,outputs/removed_other_bones_quarantine/raw_data__fracture_dataset__train__fractured__images48.jpg,"not radius, ulna, or humerus"
./raw_data/fracture_dataset/train/fractured/image2figure2edit11_1102614.jpg,outputs/removed_other_bones_quarantine/raw_data__fracture_dataset__train__fractured__image2figure2edit11_1102614.jpg,"not radius, ulna, or humerus"
./raw_data/fracture_dataset/train/fractured/8-rotated2-rotated3-rotated3 (1).jpg,outputs/removed_other_bones_quarantine/raw_data__fracture_dataset__train__fractured__8-rotated2-rotated3-rotated3 (1).jpg,"not radius, ulna, or humerus"
./raw_data/fracture_dataset/train/fractured/82-rotated2-rotated3-rotated2 - Copy (1).jpg,outputs/removed_other_bones_quarantine/raw_data__fracture_dataset__train__fractured__82-rotated2-rotated3-rotated2 - Copy (1).jpg,"not radius, ulna, or humerus"
./raw_data/fracture_dataset/train/fractured/94-rotated1-rotated1-rotated3 (1).jpg,outputs/removed_other_bones_quarantine/raw_data__fracture_dataset__train__fractured__94-rotated1-rotated1-rotated3 (1).jpg,"not radius, ulna, or humerus"
./raw_data/fracture_dataset/train/fractured/84.jpg,outputs/removed_other_bones_quarantine/raw_data__fracture_dataset__train__fractured__84.jpg,"not radius, ulna, or humerus"
./raw_data/fracture_dataset/train/fractured/85-rotated2 - Copy.jpg,outputs/removed_other_bones_quarantine/raw_data__fracture_dataset__train__fractured__85-rotated2 - Copy.jpg,"not radius, ulna, or humerus"
./raw_data/fracture_dataset/train/fractured/64.jpg,outputs/removed_other_bones_quarantine/raw_data__fracture_dataset__train__fractured__64.jpg,"not radius, ulna, or humerus"
./raw_data/fracture_dataset/train/fractured/80-rotated3-rotated2-rotated3.jpg,outputs/removed_other_bones_quarantine/raw_data__fracture_dataset__train__fractured__80-rotated3-rotated2-rotated3.jpg,"not radius, ulna, or humerus"
./raw_data/fracture_dataset/train/fractured/99-rotated2-rotated1-rotated1 - Copy (1).jpg,outputs/removed_other_bones_quarantine/raw_data__fracture_dataset__train__fractured__99-rotated2-rotated1-rotated1 - Copy (1).jpg,"not radius, ulna, or humerus"
./raw_data/fracture_dataset/train/fractured/88-rotated3-rotated3-rotated1 (1).jpg,outputs/removed_other_bones_quarantine/raw_data__fracture_dataset__train__fractured__88-rotated3-rotated3-rotated1 (1).jpg,"not radius, ulna, or humerus"
./raw_data/fracture_dataset/train/fractured/7221-PB8-R1.png,outputs/removed_other_bones_quarantine/raw_data__fracture_dataset__train__fractured__7221-PB8-R1.png,"not radius, ulna, or humerus"
./raw_data/fracture_dataset/train/fractured/91-rotated1-rotated2 - Copy.jpg,outputs/removed_other_bones_quarantine/raw_data__fracture_dataset__train__fractured__91-rotated1-rotated2 - Copy.jpg,"not radius, ulna, or humerus"
./raw_data/fracture_dataset/train/fractured/3-rotated3-rotated3-rotated1 (1).jpg,outputs/removed_other_bones_quarantine/raw_data__fracture_dataset__train__fractured__3-rotated3-rotated3-rotated1 (1).jpg,"not radius, ulna, or humerus"
./raw_data/fracture_dataset/train/fractured/226.jpg,outputs/removed_other_bones_quarantine/raw_data__fracture_dataset__train__fractured__226.jpg,"not radius, ulna, or humerus"
./raw_data/fracture_dataset/train/fractured/6-rotated2-rotated2-rotated2 - Copy (1).jpg,outputs/removed_other_bones_quarantine/raw_data__fracture_dataset__train__fractured__6-rotated2-rotated2-rotated2 - Copy (1).jpg,"not radius, ulna, or humerus"
./raw_data/fracture_dataset/train/fractured/106.jpg,outputs/removed_other_bones_quarantine/raw_data__fracture_dataset__train__fractured__106.jpg,"not radius, ulna, or humerus"
./raw_data/fracture_dataset/train/fractured/855654ef44a9802d5f0200f4f3f3e0_gallery (1).jpg,outputs/removed_other_bones_quarantine/raw_data__fracture_dataset__train__fractured__855654ef44a9802d5f0200f4f3f3e0_gallery (1).jpg,"not radius, ulna, or humerus"
./raw_data/fracture_dataset/train/fractured/90-rotated2-rotated2-rotated1 (1).jpg,outputs/removed_other_bones_quarantine/raw_data__fracture_dataset__train__fractured__90-rotated2-rotated2-rotated1 (1).jpg,"not radius, ulna, or humerus"
./raw_data/fracture_dataset/train/fractured/183.jpg,outputs/removed_other_bones_quarantine/raw_data__fracture_dataset__train__fractured__183.jpg,"not radius, ulna, or humerus"
./raw_data/fracture_dataset/train/fractured/2-rotated1-rotated1-rotated2 - Copy (1).jpg,outputs/removed_other_bones_quarantine/raw_data__fracture_dataset__train__fractured__2-rotated1-rotated1-rotated2 - Copy (1).jpg,"not radius, ulna, or humerus"
./raw_data/fracture_dataset/train/fractured/2-rotated2-rotated2 - Copy.jpg,outputs/removed_other_bones_quarantine/raw_data__fracture_dataset__train__fractured__2-rotated2-rotated2 - Copy.jpg,"not radius, ulna, or humerus"
./raw_data/fracture_dataset/train/fractured/82-rotated3-rotated1-rotated1 - Copy.jpg,outputs/removed_other_bones_quarantine/raw_data__fracture_dataset__train__fractured__82-rotated3-rotated1-rotated1 - Copy.jpg,"not radius, ulna, or humerus"
./raw_data/fracture_dataset/train/fractured/12(1).jpg,outputs/removed_other_bones_quarantine/raw_data__fracture_dataset__train__fractured__12(1).jpg,"not radius, ulna, or humerus"
./raw_data/fracture_dataset/train/fractured/228.jpg,outputs/removed_other_bones_quarantine/raw_data__fracture_dataset__train__fractured__228.jpg,"not radius, ulna, or humerus"
./raw_data/fracture_dataset/train/fractured/32913tn.jpg,outputs/removed_other_bones_quarantine/raw_data__fracture_dataset__train__fractured__32913tn.jpg,"not radius, ulna, or humerus"
./raw_data/fracture_dataset/train/fractured/88.jpg,outputs/removed_other_bones_quarantine/raw_data__fracture_dataset__train__fractured__88.jpg,"not radius, ulna, or humerus"
./raw_data/fracture_dataset/train/fractured/82-rotated2-rotated1 (1).jpg,outputs/removed_other_bones_quarantine/raw_data__fracture_dataset__train__fractured__82-rotated2-rotated1 (1).jpg,"not radius, ulna, or humerus"
./raw_data/fracture_dataset/train/fractured/8-rotated2-rotated3.jpg,outputs/removed_other_bones_quarantine/raw_data__fracture_dataset__train__fractured__8-rotated2-rotated3.jpg,"not radius, ulna, or humerus"
./raw_data/fracture_dataset/train/fractured/206.jpg,outputs/removed_other_bones_quarantine/raw_data__fracture_dataset__train__fractured__206.jpg,"not radius, ulna, or humerus"
./raw_data/fracture_dataset/train/fractured/99-rotated2-rotated2-rotated1.jpg,outputs/removed_other_bones_quarantine/raw_data__fracture_dataset__train__fractured__99-rotated2-rotated2-rotated1.jpg,"not radius, ulna, or humerus"
./raw_data/fracture_dataset/train/fractured/81.jpg,outputs/removed_other_bones_quarantine/raw_data__fracture_dataset__train__fractured__81.jpg,"not radius, ulna, or humerus"
./raw_data/fracture_dataset/train/fractured/165.jpg,outputs/removed_other_bones_quarantine/raw_data__fracture_dataset__train__fractured__165.jpg,"not radius, ulna, or humerus"
./raw_data/fracture_dataset/train/fractured/16.jpg,outputs/removed_other_bones_quarantine/raw_data__fracture_dataset__train__fractured__16.jpg,"not radius, ulna, or humerus"
./raw_data/fracture_dataset/train/fractured/10d41db0c5b211ecaf8f3b25e1532d5e-Figure-1-ab.png,outputs/removed_other_bones_quarantine/raw_data__fracture_dataset__train__fractured__10d41db0c5b211ecaf8f3b25e1532d5e-Figure-1-ab.png,"not radius, ulna, or humerus"
./raw_data/fracture_dataset/train/fractured/123.jpg,outputs/removed_other_bones_quarantine/raw_data__fracture_dataset__train__fractured__123.jpg,"not radius, ulna, or humerus"
./raw_data/fracture_dataset/train/fractured/147.jpg,outputs/removed_other_bones_quarantine/raw_data__fracture_dataset__train__fractured__147.jpg,"not radius, ulna, or humerus"
./raw_data/fracture_dataset/train/fractured/image5.jpeg,outputs/removed_other_bones_quarantine/raw_data__fracture_dataset__train__fractured__image5.jpeg,"not radius, ulna, or humerus"
./raw_data/fracture_dataset/train/fractured/urncambridge.orgidbinary-alt20180930222940-10812-mediumThumb-42747fig54_1a.jpg,outputs/removed_other_bones_quarantine/raw_data__fracture_dataset__train__fractured__urncambridge.orgidbinary-alt20180930222940-10812-mediumThumb-42747fig54_1a.jpg,"not radius, ulna, or humerus"
./raw_data/fracture_dataset/train/fractured/tibial-stress-fracture1.jpg,outputs/removed_other_bones_quarantine/raw_data__fracture_dataset__train__fractured__tibial-stress-fracture1.jpg,"not radius, ulna, or humerus"
./raw_data/fracture_dataset/train/fractured/247_2018_4279_Fig1_HTML.png,outputs/removed_other_bones_quarantine/raw_data__fracture_dataset__train__fractured__247_2018_4279_Fig1_HTML.png,"not radius, ulna, or humerus"
./raw_data/fracture_dataset/train/fractured/IMG0000822.jpg,outputs/removed_other_bones_quarantine/raw_data__fracture_dataset__train__fractured__IMG0000822.jpg,"not radius, ulna, or humerus"
./raw_data/fracture_dataset/train/fractured/93-rotated3-rotated2-rotated3 - Copy.jpg,outputs/removed_other_bones_quarantine/raw_data__fracture_dataset__train__fractured__93-rotated3-rotated2-rotated3 - Copy.jpg,"not radius, ulna, or humerus"
./raw_data/fracture_dataset/train/fractured/10-1055-b-002-85516_c023_f003-1.jpg,outputs/removed_other_bones_quarantine/raw_data__fracture_dataset__train__fractured__10-1055-b-002-85516_c023_f003-1.jpg,"not radius, ulna, or humerus"
./raw_data/fracture_dataset/train/fractured/IMG0002343.jpg,outputs/removed_other_bones_quarantine/raw_data__fracture_dataset__train__fractured__IMG0002343.jpg,"not radius, ulna, or humerus"
./raw_data/fracture_dataset/train/fractured/105.jpg,outputs/removed_other_bones_quarantine/raw_data__fracture_dataset__train__fractured__105.jpg,"not radius, ulna, or humerus"
./raw_data/fracture_dataset/train/fractured/94-rotated1-rotated1.jpg,outputs/removed_other_bones_quarantine/raw_data__fracture_dataset__train__fractured__94-rotated1-rotated1.jpg,"not radius, ulna, or humerus"
./raw_data/fracture_dataset/train/fractured/image7.jpeg,outputs/removed_other_bones_quarantine/raw_data__fracture_dataset__train__fractured__image7.jpeg,"not radius, ulna, or humerus"
./raw_data/fracture_dataset/train/fractured/31.jpg,outputs/removed_other_bones_quarantine/raw_data__fracture_dataset__train__fractured__31.jpg,"not radius, ulna, or humerus"
./raw_data/fracture_dataset/train/fractured/213.jpg,outputs/removed_other_bones_quarantine/raw_data__fracture_dataset__train__fractured__213.jpg,"not radius, ulna, or humerus"
./raw_data/fracture_dataset/train/fractured/7-rotated1-rotated2 - Copy.jpg,outputs/removed_other_bones_quarantine/raw_data__fracture_dataset__train__fractured__7-rotated1-rotated2 - Copy.jpg,"not radius, ulna, or humerus"
./raw_data/fracture_dataset/train/fractured/178.jpg,outputs/removed_other_bones_quarantine/raw_data__fracture_dataset__train__fractured__178.jpg,"not radius, ulna, or humerus"
./raw_data/fracture_dataset/train/fractured/81-rotated1-rotated3.jpg,outputs/removed_other_bones_quarantine/raw_data__fracture_dataset__train__fractured__81-rotated1-rotated3.jpg,"not radius, ulna, or humerus"
./raw_data/fracture_dataset/train/fractured/217.jpg,outputs/removed_other_bones_quarantine/raw_data__fracture_dataset__train__fractured__217.jpg,"not radius, ulna, or humerus"
./raw_data/fracture_dataset/train/fractured/225.jpg,outputs/removed_other_bones_quarantine/raw_data__fracture_dataset__train__fractured__225.jpg,"not radius, ulna, or humerus"
./raw_data/fracture_dataset/train/fractured/35.jpg,outputs/removed_other_bones_quarantine/raw_data__fracture_dataset__train__fractured__35.jpg,"not radius, ulna, or humerus"
./raw_data/fracture_dataset/train/fractured/9 (1).jpg,outputs/removed_other_bones_quarantine/raw_data__fracture_dataset__train__fractured__9 (1).jpg,"not radius, ulna, or humerus"
./raw_data/fracture_dataset/train/fractured/86-rotated3-rotated3 - Copy.jpg,outputs/removed_other_bones_quarantine/raw_data__fracture_dataset__train__fractured__86-rotated3-rotated3 - Copy.jpg,"not radius, ulna, or humerus"
./raw_data/fracture_dataset/train/fractured/150.jpg,outputs/removed_other_bones_quarantine/raw_data__fracture_dataset__train__fractured__150.jpg,"not radius, ulna, or humerus"
./raw_data/fracture_dataset/train/fractured/94.jpg,outputs/removed_other_bones_quarantine/raw_data__fracture_dataset__train__fractured__94.jpg,"not radius, ulna, or humerus"
./raw_data/fracture_dataset/train/fractured/5-rotated3-rotated1-rotated3 - Copy (1).jpg,outputs/removed_other_bones_quarantine/raw_data__fracture_dataset__train__fractured__5-rotated3-rotated1-rotated3 - Copy (1).jpg,"not radius, ulna, or humerus"
./raw_data/fracture_dataset/train/fractured/6 - Copy (1).jpg,outputs/removed_other_bones_quarantine/raw_data__fracture_dataset__train__fractured__6 - Copy (1).jpg,"not radius, ulna, or humerus"
./raw_data/fracture_dataset/train/fractured/6-rotated3-rotated1 (1).jpg,outputs/removed_other_bones_quarantine/raw_data__fracture_dataset__train__fractured__6-rotated3-rotated1 (1).jpg,"not radius, ulna, or humerus"
./raw_data/fracture_dataset/train/fractured/7-rotated2-rotated3-rotated1 (1).jpg,outputs/removed_other_bones_quarantine/raw_data__fracture_dataset__train__fractured__7-rotated2-rotated3-rotated1 (1).jpg,"not radius, ulna, or humerus"
./raw_data/fracture_dataset/train/fractured/a00538f05.jpg,outputs/removed_other_bones_quarantine/raw_data__fracture_dataset__train__fractured__a00538f05.jpg,"not radius, ulna, or humerus"
./raw_data/fracture_dataset/train/fractured/1-rotated3-rotated3 - Copy.jpg,outputs/removed_other_bones_quarantine/raw_data__fracture_dataset__train__fractured__1-rotated3-rotated3 - Copy.jpg,"not radius, ulna, or humerus"
./raw_data/fracture_dataset/train/fractured/95-rotated1-rotated3-rotated1.jpg,outputs/removed_other_bones_quarantine/raw_data__fracture_dataset__train__fractured__95-rotated1-rotated3-rotated1.jpg,"not radius, ulna, or humerus"
./raw_data/fracture_dataset/train/fractured/41.jpg,outputs/removed_other_bones_quarantine/raw_data__fracture_dataset__train__fractured__41.jpg,"not radius, ulna, or humerus"
./raw_data/fracture_dataset/train/fractured/image12.jpeg,outputs/removed_other_bones_quarantine/raw_data__fracture_dataset__train__fractured__image12.jpeg,"not radius, ulna, or humerus"
./raw_data/fracture_dataset/train/fractured/87-rotated2-rotated3-rotated1 (1).jpg,outputs/removed_other_bones_quarantine/raw_data__fracture_dataset__train__fractured__87-rotated2-rotated3-rotated1 (1).jpg,"not radius, ulna, or humerus"
./raw_data/fracture_dataset/train/fractured/103.jpg,outputs/removed_other_bones_quarantine/raw_data__fracture_dataset__train__fractured__103.jpg,"not radius, ulna, or humerus"
./raw_data/fracture_dataset/train/fractured/type20420femur20fracture20radiograph.jpg,outputs/removed_other_bones_quarantine/raw_data__fracture_dataset__train__fractured__type20420femur20fracture20radiograph.jpg,"not radius, ulna, or humerus"
./raw_data/fracture_dataset/train/fractured/107.jpg,outputs/removed_other_bones_quarantine/raw_data__fracture_dataset__train__fractured__107.jpg,"not radius, ulna, or humerus"
./raw_data/fracture_dataset/train/fractured/5-rotated1-rotated2-rotated1 - Copy (1).jpg,outputs/removed_other_bones_quarantine/raw_data__fracture_dataset__train__fractured__5-rotated1-rotated2-rotated1 - Copy (1).jpg,"not radius, ulna, or humerus"
./raw_data/fracture_dataset/train/fractured/images13.jpg,outputs/removed_other_bones_quarantine/raw_data__fracture_dataset__train__fractured__images13.jpg,"not radius, ulna, or humerus"
./raw_data/fracture_dataset/train/fractured/11.png,outputs/removed_other_bones_quarantine/raw_data__fracture_dataset__train__fractured__11.png,"not radius, ulna, or humerus"
./raw_data/fracture_dataset/train/fractured/91.jpg,outputs/removed_other_bones_quarantine/raw_data__fracture_dataset__train__fractured__91.jpg,"not radius, ulna, or humerus"
./raw_data/fracture_dataset/train/fractured/146.jpg,outputs/removed_other_bones_quarantine/raw_data__fracture_dataset__train__fractured__146.jpg,"not radius, ulna, or humerus"
./raw_data/fracture_dataset/train/fractured/80-rotated2-rotated1 (1).jpg,outputs/removed_other_bones_quarantine/raw_data__fracture_dataset__train__fractured__80-rotated2-rotated1 (1).jpg,"not radius, ulna, or humerus"
./raw_data/fracture_dataset/train/fractured/type20i.lateral.jpg,outputs/removed_other_bones_quarantine/raw_data__fracture_dataset__train__fractured__type20i.lateral.jpg,"not radius, ulna, or humerus"
./raw_data/fracture_dataset/train/fractured/96-rotated3-rotated2-rotated1 - Copy (1).jpg,outputs/removed_other_bones_quarantine/raw_data__fracture_dataset__train__fractured__96-rotated3-rotated2-rotated1 - Copy (1).jpg,"not radius, ulna, or humerus"
./raw_data/fracture_dataset/train/fractured/4-rotated2-rotated1-rotated1 - Copy.jpg,outputs/removed_other_bones_quarantine/raw_data__fracture_dataset__train__fractured__4-rotated2-rotated1-rotated1 - Copy.jpg,"not radius, ulna, or humerus"
./raw_data/fracture_dataset/train/fractured/96-rotated3-rotated3-rotated3.jpg,outputs/removed_other_bones_quarantine/raw_data__fracture_dataset__train__fractured__96-rotated3-rotated3-rotated3.jpg,"not radius, ulna, or humerus"
./raw_data/fracture_dataset/train/fractured/2.jpg,outputs/removed_other_bones_quarantine/raw_data__fracture_dataset__train__fractured__2.jpg,"not radius, ulna, or humerus"
./raw_data/fracture_dataset/train/fractured/6-rotated1-rotated3-rotated1 - Copy.jpg,outputs/removed_other_bones_quarantine/raw_data__fracture_dataset__train__fractured__6-rotated1-rotated3-rotated1 - Copy.jpg,"not radius, ulna, or humerus"
./raw_data/fracture_dataset/train/fractured/186.jpg,outputs/removed_other_bones_quarantine/raw_data__fracture_dataset__train__fractured__186.jpg,"not radius, ulna, or humerus"
./raw_data/fracture_dataset/train/fractured/98-rotated3-rotated1-rotated2 - Copy.jpg,outputs/removed_other_bones_quarantine/raw_data__fracture_dataset__train__fractured__98-rotated3-rotated1-rotated2 - Copy.jpg,"not radius, ulna, or humerus"
./raw_data/fracture_dataset/train/fractured/34.jpg,outputs/removed_other_bones_quarantine/raw_data__fracture_dataset__train__fractured__34.jpg,"not radius, ulna, or humerus"
./raw_data/fracture_dataset/train/fractured/40134_2013_32_Fig6_HTML.jpg,outputs/removed_other_bones_quarantine/raw_data__fracture_dataset__train__fractured__40134_2013_32_Fig6_HTML.jpg,"not radius, ulna, or humerus"
./raw_data/fracture_dataset/train/fractured/IMG0002474.jpg,outputs/removed_other_bones_quarantine/raw_data__fracture_dataset__train__fractured__IMG0002474.jpg,"not radius, ulna, or humerus"
./raw_data/fracture_dataset/train/fractured/65.jpg,outputs/removed_other_bones_quarantine/raw_data__fracture_dataset__train__fractured__65.jpg,"not radius, ulna, or humerus"
./raw_data/fracture_dataset/train/fractured/97-rotated1-rotated3-rotated3 - Copy.jpg,outputs/removed_other_bones_quarantine/raw_data__fracture_dataset__train__fractured__97-rotated1-rotated3-rotated3 - Copy.jpg,"not radius, ulna, or humerus"
./raw_data/fracture_dataset/train/fractured/8-rotated3-rotated3-rotated2 - Copy (1).jpg,outputs/removed_other_bones_quarantine/raw_data__fracture_dataset__train__fractured__8-rotated3-rotated3-rotated2 - Copy (1).jpg,"not radius, ulna, or humerus"
./raw_data/fracture_dataset/train/fractured/39(1).jpg,outputs/removed_other_bones_quarantine/raw_data__fracture_dataset__train__fractured__39(1).jpg,"not radius, ulna, or humerus"
./raw_data/fracture_dataset/train/fractured/IMG0002180.jpg,outputs/removed_other_bones_quarantine/raw_data__fracture_dataset__train__fractured__IMG0002180.jpg,"not radius, ulna, or humerus"
./raw_data/fracture_dataset/train/fractured/58.jpg,outputs/removed_other_bones_quarantine/raw_data__fracture_dataset__train__fractured__58.jpg,"not radius, ulna, or humerus"
./raw_data/fracture_dataset/train/fractured/133.jpg,outputs/removed_other_bones_quarantine/raw_data__fracture_dataset__train__fractured__133.jpg,"not radius, ulna, or humerus"
./raw_data/fracture_dataset/train/fractured/1-rotated2-rotated2-rotated1 - Copy (1).jpg,outputs/removed_other_bones_quarantine/raw_data__fracture_dataset__train__fractured__1-rotated2-rotated2-rotated1 - Copy (1).jpg,"not radius, ulna, or humerus"
./raw_data/fracture_dataset/train/fractured/211.jpg,outputs/removed_other_bones_quarantine/raw_data__fracture_dataset__train__fractured__211.jpg,"not radius, ulna, or humerus"
./raw_data/fracture_dataset/train/fractured/50.jpg,outputs/removed_other_bones_quarantine/raw_data__fracture_dataset__train__fractured__50.jpg,"not radius, ulna, or humerus"
./raw_data/fracture_dataset/train/fractured/196.jpg,outputs/removed_other_bones_quarantine/raw_data__fracture_dataset__train__fractured__196.jpg,"not radius, ulna, or humerus"
./raw_data/fracture_dataset/train/fractured/154.jpg,outputs/removed_other_bones_quarantine/raw_data__fracture_dataset__train__fractured__154.jpg,"not radius, ulna, or humerus"
./raw_data/fracture_dataset/train/fractured/9-rotated3-rotated3-rotated1 - Copy.jpg,outputs/removed_other_bones_quarantine/raw_data__fracture_dataset__train__fractured__9-rotated3-rotated3-rotated1 - Copy.jpg,"not radius, ulna, or humerus"
./raw_data/fracture_dataset/train/fractured/28.jpg,outputs/removed_other_bones_quarantine/raw_data__fracture_dataset__train__fractured__28.jpg,"not radius, ulna, or humerus"
./raw_data/fracture_dataset/train/fractured/41393_2013_Article_BFsc2013102_Fig1_HTML (1).jpg,outputs/removed_other_bones_quarantine/raw_data__fracture_dataset__train__fractured__41393_2013_Article_BFsc2013102_Fig1_HTML (1).jpg,"not radius, ulna, or humerus"
./raw_data/fracture_dataset/train/fractured/79-rotated2-rotated3-rotated3 (1).jpg,outputs/removed_other_bones_quarantine/raw_data__fracture_dataset__train__fractured__79-rotated2-rotated3-rotated3 (1).jpg,"not radius, ulna, or humerus"
./raw_data/fracture_dataset/train/fractured/223.jpg,outputs/removed_other_bones_quarantine/raw_data__fracture_dataset__train__fractured__223.jpg,"not radius, ulna, or humerus"
./raw_data/fracture_dataset/train/fractured/urncambridge.orgidbinary4331920160617101301362-0121figu4_5a (1).png,outputs/removed_other_bones_quarantine/raw_data__fracture_dataset__train__fractured__urncambridge.orgidbinary4331920160617101301362-0121figu4_5a (1).png,"not radius, ulna, or humerus"
./raw_data/fracture_dataset/train/fractured/images4.jpg,outputs/removed_other_bones_quarantine/raw_data__fracture_dataset__train__fractured__images4.jpg,"not radius, ulna, or humerus"
./raw_data/fracture_dataset/train/fractured/91-rotated3-rotated2 (1).jpg,outputs/removed_other_bones_quarantine/raw_data__fracture_dataset__train__fractured__91-rotated3-rotated2 (1).jpg,"not radius, ulna, or humerus"
./raw_data/fracture_dataset/train/fractured/9-rotated1-rotated2-rotated2 - Copy (1).jpg,outputs/removed_other_bones_quarantine/raw_data__fracture_dataset__train__fractured__9-rotated1-rotated2-rotated2 - Copy (1).jpg,"not radius, ulna, or humerus"
./raw_data/fracture_dataset/train/fractured/185.jpg,outputs/removed_other_bones_quarantine/raw_data__fracture_dataset__train__fractured__185.jpg,"not radius, ulna, or humerus"
./raw_data/fracture_dataset/train/fractured/170.jpg,outputs/removed_other_bones_quarantine/raw_data__fracture_dataset__train__fractured__170.jpg,"not radius, ulna, or humerus"
./raw_data/fracture_dataset/train/fractured/97-rotated3-rotated1 - Copy.jpg,outputs/removed_other_bones_quarantine/raw_data__fracture_dataset__train__fractured__97-rotated3-rotated1 - Copy.jpg,"not radius, ulna, or humerus"
./raw_data/fracture_dataset/train/fractured/205.jpg,outputs/removed_other_bones_quarantine/raw_data__fracture_dataset__train__fractured__205.jpg,"not radius, ulna, or humerus"
./raw_data/fracture_dataset/train/fractured/8-rotated3-rotated1-rotated3 (1).jpg,outputs/removed_other_bones_quarantine/raw_data__fracture_dataset__train__fractured__8-rotated3-rotated1-rotated3 (1).jpg,"not radius, ulna, or humerus"
./raw_data/fracture_dataset/train/fractured/15ff6b9162cf7c04caad3fbd4f4a2e_gallery.jpg,outputs/removed_other_bones_quarantine/raw_data__fracture_dataset__train__fractured__15ff6b9162cf7c04caad3fbd4f4a2e_gallery.jpg,"not radius, ulna, or humerus"
./raw_data/fracture_dataset/train/fractured/IMG0000092.jpg,outputs/removed_other_bones_quarantine/raw_data__fracture_dataset__train__fractured__IMG0000092.jpg,"not radius, ulna, or humerus"
./raw_data/fracture_dataset/train/fractured/images28.jpg,outputs/removed_other_bones_quarantine/raw_data__fracture_dataset__train__fractured__images28.jpg,"not radius, ulna, or humerus"
./raw_data/fracture_dataset/train/fractured/54.jpg,outputs/removed_other_bones_quarantine/raw_data__fracture_dataset__train__fractured__54.jpg,"not radius, ulna, or humerus"
./raw_data/fracture_dataset/train/fractured/112.jpg,outputs/removed_other_bones_quarantine/raw_data__fracture_dataset__train__fractured__112.jpg,"not radius, ulna, or humerus"
./raw_data/fracture_dataset/train/fractured/74.jpg,outputs/removed_other_bones_quarantine/raw_data__fracture_dataset__train__fractured__74.jpg,"not radius, ulna, or humerus"
./raw_data/fracture_dataset/train/fractured/4.jpg,outputs/removed_other_bones_quarantine/raw_data__fracture_dataset__train__fractured__4.jpg,"not radius, ulna, or humerus"
./raw_data/fracture_dataset/train/fractured/0._jumbo (1).jpeg,outputs/removed_other_bones_quarantine/raw_data__fracture_dataset__train__fractured__0._jumbo (1).jpeg,"not radius, ulna, or humerus"
./raw_data/fracture_dataset/train/fractured/1-rotated2-rotated3-rotated2 - Copy (1).jpg,outputs/removed_other_bones_quarantine/raw_data__fracture_dataset__train__fractured__1-rotated2-rotated3-rotated2 - Copy (1).jpg,"not radius, ulna, or humerus"
./raw_data/fracture_dataset/train/fractured/156.jpg,outputs/removed_other_bones_quarantine/raw_data__fracture_dataset__train__fractured__156.jpg,"not radius, ulna, or humerus"
./raw_data/fracture_dataset/train/fractured/171.jpg,outputs/removed_other_bones_quarantine/raw_data__fracture_dataset__train__fractured__171.jpg,"not radius, ulna, or humerus"
./raw_data/fracture_dataset/train/fractured/173.jpg,outputs/removed_other_bones_quarantine/raw_data__fracture_dataset__train__fractured__173.jpg,"not radius, ulna, or humerus"
./raw_data/fracture_dataset/train/fractured/2-rotated1 - Copy.jpg,outputs/removed_other_bones_quarantine/raw_data__fracture_dataset__train__fractured__2-rotated1 - Copy.jpg,"not radius, ulna, or humerus"
./raw_data/fracture_dataset/train/fractured/7-rotated2-rotated3-rotated3 (1).jpg,outputs/removed_other_bones_quarantine/raw_data__fracture_dataset__train__fractured__7-rotated2-rotated3-rotated3 (1).jpg,"not radius, ulna, or humerus"
./raw_data/fracture_dataset/train/fractured/131.jpg,outputs/removed_other_bones_quarantine/raw_data__fracture_dataset__train__fractured__131.jpg,"not radius, ulna, or humerus"
./raw_data/fracture_dataset/train/fractured/IMG0002344.jpg,outputs/removed_other_bones_quarantine/raw_data__fracture_dataset__train__fractured__IMG0002344.jpg,"not radius, ulna, or humerus"
./raw_data/fracture_dataset/train/fractured/IMG0002346.jpg,outputs/removed_other_bones_quarantine/raw_data__fracture_dataset__train__fractured__IMG0002346.jpg,"not radius, ulna, or humerus"
./raw_data/fracture_dataset/train/fractured/29.jpg,outputs/removed_other_bones_quarantine/raw_data__fracture_dataset__train__fractured__29.jpg,"not radius, ulna, or humerus"
./raw_data/fracture_dataset/train/fractured/132.jpg,outputs/removed_other_bones_quarantine/raw_data__fracture_dataset__train__fractured__132.jpg,"not radius, ulna, or humerus"
./raw_data/fracture_dataset/train/fractured/35(1).jpg,outputs/removed_other_bones_quarantine/raw_data__fracture_dataset__train__fractured__35(1).jpg,"not radius, ulna, or humerus"
./raw_data/fracture_dataset/train/fractured/Figure-5b-Fibula-Fracture-1.png,outputs/removed_other_bones_quarantine/raw_data__fracture_dataset__train__fractured__Figure-5b-Fibula-Fracture-1.png,"not radius, ulna, or humerus"
./raw_data/fracture_dataset/train/fractured/msk-10-2.jpg,outputs/removed_other_bones_quarantine/raw_data__fracture_dataset__train__fractured__msk-10-2.jpg,"not radius, ulna, or humerus"
./raw_data/fracture_dataset/train/fractured/1.jpg,outputs/removed_other_bones_quarantine/raw_data__fracture_dataset__train__fractured__1.jpg,"not radius, ulna, or humerus"
./raw_data/fracture_dataset/train/fractured/80.jpg,outputs/removed_other_bones_quarantine/raw_data__fracture_dataset__train__fractured__80.jpg,"not radius, ulna, or humerus"
./raw_data/fracture_dataset/train/fractured/73.jpg,outputs/removed_other_bones_quarantine/raw_data__fracture_dataset__train__fractured__73.jpg,"not radius, ulna, or humerus"
./raw_data/fracture_dataset/train/fractured/62.jpg,outputs/removed_other_bones_quarantine/raw_data__fracture_dataset__train__fractured__62.jpg,"not radius, ulna, or humerus"
./raw_data/fracture_dataset/train/fractured/55.jpg,outputs/removed_other_bones_quarantine/raw_data__fracture_dataset__train__fractured__55.jpg,"not radius, ulna, or humerus"
./raw_data/fracture_dataset/train/fractured/187.jpg,outputs/removed_other_bones_quarantine/raw_data__fracture_dataset__train__fractured__187.jpg,"not radius, ulna, or humerus"
./raw_data/fracture_dataset/train/fractured/images6.jpg,outputs/removed_other_bones_quarantine/raw_data__fracture_dataset__train__fractured__images6.jpg,"not radius, ulna, or humerus"
./raw_data/fracture_dataset/train/fractured/X-ray-2-comminuted-displaced-fracture.png,outputs/removed_other_bones_quarantine/raw_data__fracture_dataset__train__fractured__X-ray-2-comminuted-displaced-fracture.png,"not radius, ulna, or humerus"
./raw_data/fracture_dataset/train/fractured/image11 (1).jpeg,outputs/removed_other_bones_quarantine/raw_data__fracture_dataset__train__fractured__image11 (1).jpeg,"not radius, ulna, or humerus"
./raw_data/fracture_dataset/train/fractured/141.jpg,outputs/removed_other_bones_quarantine/raw_data__fracture_dataset__train__fractured__141.jpg,"not radius, ulna, or humerus"
./raw_data/fracture_dataset/train/fractured/81-rotated3-rotated2-rotated3 (1).jpg,outputs/removed_other_bones_quarantine/raw_data__fracture_dataset__train__fractured__81-rotated3-rotated2-rotated3 (1).jpg,"not radius, ulna, or humerus"
./raw_data/fracture_dataset/train/fractured/70.jpg,outputs/removed_other_bones_quarantine/raw_data__fracture_dataset__train__fractured__70.jpg,"not radius, ulna, or humerus"
./raw_data/fracture_dataset/train/fractured/135.jpg,outputs/removed_other_bones_quarantine/raw_data__fracture_dataset__train__fractured__135.jpg,"not radius, ulna, or humerus"
./raw_data/fracture_dataset/train/fractured/4-Figure4-1.png,outputs/removed_other_bones_quarantine/raw_data__fracture_dataset__train__fractured__4-Figure4-1.png,"not radius, ulna, or humerus"
./raw_data/fracture_dataset/train/fractured/102.jpg,outputs/removed_other_bones_quarantine/raw_data__fracture_dataset__train__fractured__102.jpg,"not radius, ulna, or humerus"
./raw_data/fracture_dataset/train/fractured/164.jpg,outputs/removed_other_bones_quarantine/raw_data__fracture_dataset__train__fractured__164.jpg,"not radius, ulna, or humerus"
./raw_data/fracture_dataset/train/fractured/2j96ewr.jpg,outputs/removed_other_bones_quarantine/raw_data__fracture_dataset__train__fractured__2j96ewr.jpg,"not radius, ulna, or humerus"
./raw_data/fracture_dataset/train/fractured/79-rotated2.jpg,outputs/removed_other_bones_quarantine/raw_data__fracture_dataset__train__fractured__79-rotated2.jpg,"not radius, ulna, or humerus"
./raw_data/fracture_dataset/train/fractured/90.jpg,outputs/removed_other_bones_quarantine/raw_data__fracture_dataset__train__fractured__90.jpg,"not radius, ulna, or humerus"
./raw_data/fracture_dataset/train/fractured/9-rotated1 (1).jpg,outputs/removed_other_bones_quarantine/raw_data__fracture_dataset__train__fractured__9-rotated1 (1).jpg,"not radius, ulna, or humerus"
./raw_data/fracture_dataset/train/fractured/80-rotated2-rotated2-rotated1 (1).jpg,outputs/removed_other_bones_quarantine/raw_data__fracture_dataset__train__fractured__80-rotated2-rotated2-rotated1 (1).jpg,"not radius, ulna, or humerus"
./raw_data/fracture_dataset/train/fractured/images26.jpg,outputs/removed_other_bones_quarantine/raw_data__fracture_dataset__train__fractured__images26.jpg,"not radius, ulna, or humerus"
./raw_data/fracture_dataset/train/fractured/IMG0002473.jpg,outputs/removed_other_bones_quarantine/raw_data__fracture_dataset__train__fractured__IMG0002473.jpg,"not radius, ulna, or humerus"
./raw_data/fracture_dataset/train/fractured/163px-Compressionfracture.jpg,outputs/removed_other_bones_quarantine/raw_data__fracture_dataset__train__fractured__163px-Compressionfracture.jpg,"not radius, ulna, or humerus"
./raw_data/fracture_dataset/train/fractured/images34.jpg,outputs/removed_other_bones_quarantine/raw_data__fracture_dataset__train__fractured__images34.jpg,"not radius, ulna, or humerus"
./raw_data/fracture_dataset/train/fractured/41393_2013_Article_BFsc2013102_Fig2_HTML.jpg,outputs/removed_other_bones_quarantine/raw_data__fracture_dataset__train__fractured__41393_2013_Article_BFsc2013102_Fig2_HTML.jpg,"not radius, ulna, or humerus"
./raw_data/fracture_dataset/train/fractured/92.jpg,outputs/removed_other_bones_quarantine/raw_data__fracture_dataset__train__fractured__92.jpg,"not radius, ulna, or humerus"
./raw_data/fracture_dataset/train/fractured/83.jpg,outputs/removed_other_bones_quarantine/raw_data__fracture_dataset__train__fractured__83.jpg,"not radius, ulna, or humerus"
./raw_data/fracture_dataset/train/fractured/anterior-wedge-compression-fracture-vertebra.jpg,outputs/removed_other_bones_quarantine/raw_data__fracture_dataset__train__fractured__anterior-wedge-compression-fracture-vertebra.jpg,"not radius, ulna, or humerus"
./raw_data/fracture_dataset/train/fractured/232.jpg,outputs/removed_other_bones_quarantine/raw_data__fracture_dataset__train__fractured__232.jpg,"not radius, ulna, or humerus"
./raw_data/fracture_dataset/train/fractured/97.jpg,outputs/removed_other_bones_quarantine/raw_data__fracture_dataset__train__fractured__97.jpg,"not radius, ulna, or humerus"
./raw_data/fracture_dataset/train/fractured/jmdh-6-205f2.jpg,outputs/removed_other_bones_quarantine/raw_data__fracture_dataset__train__fractured__jmdh-6-205f2.jpg,"not radius, ulna, or humerus"
./raw_data/fracture_dataset/train/fractured/149.jpg,outputs/removed_other_bones_quarantine/raw_data__fracture_dataset__train__fractured__149.jpg,"not radius, ulna, or humerus"
